Geography,Population,Labour_Metric,Sex,Year,Indicator,Value
Canada,Total population,Population 5,Both sexes,2020,Persons,"31,052.60"
Canada,Total population,Population 5,Males,2020,Persons,"15,337.20"
Canada,Total population,Population 5,Females,2020,Persons,"15,715.40"
Canada,Total population,Labour force 6,Both sexes,2020,Persons,"19,936.40"
Canada,Total population,Labour force 6,Males,2020,Persons,"10,556.10"
Canada,Total population,Labour force 6,Females,2020,Persons,"9,380.30"
Canada,Total population,Employment 7,Both sexes,2020,Persons,"18,002.90"
Canada,Total population,Employment 7,Males,2020,Persons,"9,519.20"
Canada,Total population,Employment 7,Females,2020,Persons,"8,483.70"
Canada,Total population,Unemployment 8,Both sexes,2020,Persons,"1,933.50"
Canada,Total population,Unemployment 8,Males,2020,Persons,"1,036.90"
Canada,Total population,Unemployment 8,Females,2020,Persons,896.6
Canada,Total population,Not in labour force 9,Both sexes,2020,Persons,"11,116.20"
Canada,Total population,Not in labour force 9,Males,2020,Persons,"4,781.10"
Canada,Total population,Not in labour force 9,Females,2020,Persons,"6,335.10"
Canada,Total population,Population 5,Both sexes,2021,Persons,"31,326.10"
Canada,Total population,Population 5,Males,2021,Persons,"15,471.20"
Canada,Total population,Population 5,Females,2021,Persons,"15,854.90"
Canada,Total population,Labour force 6,Both sexes,2021,Persons,"20,455.50"
Canada,Total population,Labour force 6,Males,2021,Persons,"10,788.90"
Canada,Total population,Labour force 6,Females,2021,Persons,"9,666.60"
Canada,Total population,Employment 7,Both sexes,2021,Persons,"18,904.80"
Canada,Total population,Employment 7,Males,2021,Persons,"9,951.80"
Canada,Total population,Employment 7,Females,2021,Persons,"8,953.00"
Canada,Total population,Unemployment 8,Both sexes,2021,Persons,"1,550.70"
Canada,Total population,Unemployment 8,Males,2021,Persons,837.2
Canada,Total population,Unemployment 8,Females,2021,Persons,713.5
Canada,Total population,Not in labour force 9,Both sexes,2021,Persons,"10,870.60"
Canada,Total population,Not in labour force 9,Males,2021,Persons,"4,682.20"
Canada,Total population,Not in labour force 9,Females,2021,Persons,"6,188.40"
Canada,Total population,Population 5,Both sexes,2022,Persons,"31,771.90"
Canada,Total population,Population 5,Males,2022,Persons,"15,692.60"
Canada,Total population,Population 5,Females,2022,Persons,"16,079.20"
Canada,Total population,Labour force 6,Both sexes,2022,Persons,"20,767.90"
Canada,Total population,Labour force 6,Males,2022,Persons,"10,891.20"
Canada,Total population,Labour force 6,Females,2022,Persons,"9,876.70"
Canada,Total population,Employment 7,Both sexes,2022,Persons,"19,661.50"
Canada,Total population,Employment 7,Males,2022,Persons,"10,297.90"
Canada,Total population,Employment 7,Females,2022,Persons,"9,363.60"
Canada,Total population,Unemployment 8,Both sexes,2022,Persons,"1,106.40"
Canada,Total population,Unemployment 8,Males,2022,Persons,593.3
Canada,Total population,Unemployment 8,Females,2022,Persons,513.1
Canada,Total population,Not in labour force 9,Both sexes,2022,Persons,"11,004.00"
Canada,Total population,Not in labour force 9,Males,2022,Persons,"4,801.40"
Canada,Total population,Not in labour force 9,Females,2022,Persons,"6,202.60"
Canada,Total population,Population 5,Both sexes,2023,Persons,"32,501.90"
Canada,Total population,Population 5,Males,2023,Persons,"16,075.30"
Canada,Total population,Population 5,Females,2023,Persons,"16,426.60"
Canada,Total population,Labour force 6,Both sexes,2023,Persons,"21,296.30"
Canada,Total population,Labour force 6,Males,2023,Persons,"11,184.80"
Canada,Total population,Labour force 6,Females,2023,Persons,"10,111.50"
Canada,Total population,Employment 7,Both sexes,2023,Persons,"20,136.20"
Canada,Total population,Employment 7,Males,2023,Persons,"10,559.80"
Canada,Total population,Employment 7,Females,2023,Persons,"9,576.40"
Canada,Total population,Unemployment 8,Both sexes,2023,Persons,"1,160.00"
Canada,Total population,Unemployment 8,Males,2023,Persons,625
Canada,Total population,Unemployment 8,Females,2023,Persons,535.1
Canada,Total population,Not in labour force 9,Both sexes,2023,Persons,"11,205.60"
Canada,Total population,Not in labour force 9,Males,2023,Persons,"4,890.50"
Canada,Total population,Not in labour force 9,Females,2023,Persons,"6,315.10"
Canada,Total population,Population 5,Both sexes,2024,Persons,"33,616.60"
Canada,Total population,Population 5,Males,2024,Persons,"16,675.70"
Canada,Total population,Population 5,Females,2024,Persons,"16,941.00"
Canada,Total population,Labour force 6,Both sexes,2024,Persons,"21,898.20"
Canada,Total population,Labour force 6,Males,2024,Persons,"11,548.20"
Canada,Total population,Labour force 6,Females,2024,Persons,"10,350.00"
Canada,Total population,Employment 7,Both sexes,2024,Persons,"20,507.20"
Canada,Total population,Employment 7,Males,2024,Persons,"10,777.80"
Canada,Total population,Employment 7,Females,2024,Persons,"9,729.40"
Canada,Total population,Unemployment 8,Both sexes,2024,Persons,"1,391.00"
Canada,Total population,Unemployment 8,Males,2024,Persons,770.4
Canada,Total population,Unemployment 8,Females,2024,Persons,620.6
Canada,Total population,Not in labour force 9,Both sexes,2024,Persons,"11,718.40"
Canada,Total population,Not in labour force 9,Males,2024,Persons,"5,127.40"
Canada,Total population,Not in labour force 9,Females,2024,Persons,"6,591.00"
Canada,Total population,Unemployment rate 10,Both sexes,2020,Percentage,9.7
Canada,Total population,Unemployment rate 10,Males,2020,Percentage,9.8
Canada,Total population,Unemployment rate 10,Females,2020,Percentage,9.6
Canada,Total population,Participation rate 11,Both sexes,2020,Percentage,64.2
Canada,Total population,Participation rate 11,Males,2020,Percentage,68.8
Canada,Total population,Participation rate 11,Females,2020,Percentage,59.7
Canada,Total population,Employment rate 12,Both sexes,2020,Percentage,58
Canada,Total population,Employment rate 12,Males,2020,Percentage,62.1
Canada,Total population,Employment rate 12,Females,2020,Percentage,54
Canada,Total population,Unemployment rate 10,Both sexes,2021,Percentage,7.6
Canada,Total population,Unemployment rate 10,Males,2021,Percentage,7.8
Canada,Total population,Unemployment rate 10,Females,2021,Percentage,7.4
Canada,Total population,Participation rate 11,Both sexes,2021,Percentage,65.3
Canada,Total population,Participation rate 11,Males,2021,Percentage,69.7
Canada,Total population,Participation rate 11,Females,2021,Percentage,61
Canada,Total population,Employment rate 12,Both sexes,2021,Percentage,60.3
Canada,Total population,Employment rate 12,Males,2021,Percentage,64.3
Canada,Total population,Employment rate 12,Females,2021,Percentage,56.5
Canada,Total population,Unemployment rate 10,Both sexes,2022,Percentage,5.3
Canada,Total population,Unemployment rate 10,Males,2022,Percentage,5.4
Canada,Total population,Unemployment rate 10,Females,2022,Percentage,5.2
Canada,Total population,Participation rate 11,Both sexes,2022,Percentage,65.4
Canada,Total population,Participation rate 11,Males,2022,Percentage,69.4
Canada,Total population,Participation rate 11,Females,2022,Percentage,61.4
Canada,Total population,Employment rate 12,Both sexes,2022,Percentage,61.9
Canada,Total population,Employment rate 12,Males,2022,Percentage,65.6
Canada,Total population,Employment rate 12,Females,2022,Percentage,58.2
Canada,Total population,Unemployment rate 10,Both sexes,2023,Percentage,5.4
Canada,Total population,Unemployment rate 10,Males,2023,Percentage,5.6
Canada,Total population,Unemployment rate 10,Females,2023,Percentage,5.3
Canada,Total population,Participation rate 11,Both sexes,2023,Percentage,65.5
Canada,Total population,Participation rate 11,Males,2023,Percentage,69.6
Canada,Total population,Participation rate 11,Females,2023,Percentage,61.6
Canada,Total population,Employment rate 12,Both sexes,2023,Percentage,62
Canada,Total population,Employment rate 12,Males,2023,Percentage,65.7
Canada,Total population,Employment rate 12,Females,2023,Percentage,58.3
Canada,Total population,Unemployment rate 10,Both sexes,2024,Percentage,6.4
Canada,Total population,Unemployment rate 10,Males,2024,Percentage,6.7
Canada,Total population,Unemployment rate 10,Females,2024,Percentage,6
Canada,Total population,Participation rate 11,Both sexes,2024,Percentage,65.1
Canada,Total population,Participation rate 11,Males,2024,Percentage,69.3
Canada,Total population,Participation rate 11,Females,2024,Percentage,61.1
Canada,Total population,Employment rate 12,Both sexes,2024,Percentage,61
Canada,Total population,Employment rate 12,Males,2024,Percentage,64.6
Canada,Total population,Employment rate 12,Females,2024,Percentage,57.4
Canada,Indigenous population,Population 5,Both sexes,2020,Persons,"1,153.80"
Canada,Indigenous population,Population 5,Males,2020,Persons,557.6
Canada,Indigenous population,Population 5,Females,2020,Persons,596.2
Canada,Indigenous population,Labour force 6,Both sexes,2020,Persons,701.8
Canada,Indigenous population,Labour force 6,Males,2020,Persons,361.8
Canada,Indigenous population,Labour force 6,Females,2020,Persons,340.1
Canada,Indigenous population,Employment 7,Both sexes,2020,Persons,604.1
Canada,Indigenous population,Employment 7,Males,2020,Persons,306.9
Canada,Indigenous population,Employment 7,Females,2020,Persons,297.2
Canada,Indigenous population,Unemployment 8,Both sexes,2020,Persons,97.7
Canada,Indigenous population,Unemployment 8,Males,2020,Persons,54.8
Canada,Indigenous population,Unemployment 8,Females,2020,Persons,42.8
Canada,Indigenous population,Not in labour force 9,Both sexes,2020,Persons,452
Canada,Indigenous population,Not in labour force 9,Males,2020,Persons,195.8
Canada,Indigenous population,Not in labour force 9,Females,2020,Persons,256.2
Canada,Indigenous population,Population 5,Both sexes,2021,Persons,"1,195.90"
Canada,Indigenous population,Population 5,Males,2021,Persons,579.7
Canada,Indigenous population,Population 5,Females,2021,Persons,616.2
Canada,Indigenous population,Labour force 6,Both sexes,2021,Persons,765.9
Canada,Indigenous population,Labour force 6,Males,2021,Persons,390.8
Canada,Indigenous population,Labour force 6,Females,2021,Persons,375.1
Canada,Indigenous population,Employment 7,Both sexes,2021,Persons,679.2
Canada,Indigenous population,Employment 7,Males,2021,Persons,342.9
Canada,Indigenous population,Employment 7,Females,2021,Persons,336.2
Canada,Indigenous population,Unemployment 8,Both sexes,2021,Persons,86.7
Canada,Indigenous population,Unemployment 8,Males,2021,Persons,47.8
Canada,Indigenous population,Unemployment 8,Females,2021,Persons,38.9
Canada,Indigenous population,Not in labour force 9,Both sexes,2021,Persons,430.1
Canada,Indigenous population,Not in labour force 9,Males,2021,Persons,189
Canada,Indigenous population,Not in labour force 9,Females,2021,Persons,241.1
Canada,Indigenous population,Population 5,Both sexes,2022,Persons,"1,238.30"
Canada,Indigenous population,Population 5,Males,2022,Persons,603.1
Canada,Indigenous population,Population 5,Females,2022,Persons,635.2
Canada,Indigenous population,Labour force 6,Both sexes,2022,Persons,820
Canada,Indigenous population,Labour force 6,Males,2022,Persons,414.6
Canada,Indigenous population,Labour force 6,Females,2022,Persons,405.5
Canada,Indigenous population,Employment 7,Both sexes,2022,Persons,754.7
Canada,Indigenous population,Employment 7,Males,2022,Persons,379.2
Canada,Indigenous population,Employment 7,Females,2022,Persons,375.5
Canada,Indigenous population,Unemployment 8,Both sexes,2022,Persons,65.3
Canada,Indigenous population,Unemployment 8,Males,2022,Persons,35.4
Canada,Indigenous population,Unemployment 8,Females,2022,Persons,30
Canada,Indigenous population,Not in labour force 9,Both sexes,2022,Persons,418.2
Canada,Indigenous population,Not in labour force 9,Males,2022,Persons,188.5
Canada,Indigenous population,Not in labour force 9,Females,2022,Persons,229.7
Canada,Indigenous population,Population 5,Both sexes,2023,Persons,"1,277.40"
Canada,Indigenous population,Population 5,Males,2023,Persons,623.7
Canada,Indigenous population,Population 5,Females,2023,Persons,653.8
Canada,Indigenous population,Labour force 6,Both sexes,2023,Persons,822.4
Canada,Indigenous population,Labour force 6,Males,2023,Persons,421.6
Canada,Indigenous population,Labour force 6,Females,2023,Persons,400.8
Canada,Indigenous population,Employment 7,Both sexes,2023,Persons,750.4
Canada,Indigenous population,Employment 7,Males,2023,Persons,383.9
Canada,Indigenous population,Employment 7,Females,2023,Persons,366.5
Canada,Indigenous population,Unemployment 8,Both sexes,2023,Persons,72
Canada,Indigenous population,Unemployment 8,Males,2023,Persons,37.7
Canada,Indigenous population,Unemployment 8,Females,2023,Persons,34.3
Canada,Indigenous population,Not in labour force 9,Both sexes,2023,Persons,455
Canada,Indigenous population,Not in labour force 9,Males,2023,Persons,202.1
Canada,Indigenous population,Not in labour force 9,Females,2023,Persons,252.9
Canada,Indigenous population,Population 5,Both sexes,2024,Persons,"1,316.80"
Canada,Indigenous population,Population 5,Males,2024,Persons,643.3
Canada,Indigenous population,Population 5,Females,2024,Persons,673.6
Canada,Indigenous population,Labour force 6,Both sexes,2024,Persons,834
Canada,Indigenous population,Labour force 6,Males,2024,Persons,426.7
Canada,Indigenous population,Labour force 6,Females,2024,Persons,407.4
Canada,Indigenous population,Employment 7,Both sexes,2024,Persons,752.5
Canada,Indigenous population,Employment 7,Males,2024,Persons,379.4
Canada,Indigenous population,Employment 7,Females,2024,Persons,373.2
Canada,Indigenous population,Unemployment 8,Both sexes,2024,Persons,81.5
Canada,Indigenous population,Unemployment 8,Males,2024,Persons,47.3
Canada,Indigenous population,Unemployment 8,Females,2024,Persons,34.2
Canada,Indigenous population,Not in labour force 9,Both sexes,2024,Persons,482.8
Canada,Indigenous population,Not in labour force 9,Males,2024,Persons,216.6
Canada,Indigenous population,Not in labour force 9,Females,2024,Persons,266.2
Canada,Indigenous population,Unemployment rate 10,Both sexes,2020,Percentage,13.9
Canada,Indigenous population,Unemployment rate 10,Males,2020,Percentage,15.2
Canada,Indigenous population,Unemployment rate 10,Females,2020,Percentage,12.6
Canada,Indigenous population,Participation rate 11,Both sexes,2020,Percentage,60.8
Canada,Indigenous population,Participation rate 11,Males,2020,Percentage,64.9
Canada,Indigenous population,Participation rate 11,Females,2020,Percentage,57
Canada,Indigenous population,Employment rate 12,Both sexes,2020,Percentage,52.4
Canada,Indigenous population,Employment rate 12,Males,2020,Percentage,55
Canada,Indigenous population,Employment rate 12,Females,2020,Percentage,49.8
Canada,Indigenous population,Unemployment rate 10,Both sexes,2021,Percentage,11.3
Canada,Indigenous population,Unemployment rate 10,Males,2021,Percentage,12.2
Canada,Indigenous population,Unemployment rate 10,Females,2021,Percentage,10.4
Canada,Indigenous population,Participation rate 11,Both sexes,2021,Percentage,64
Canada,Indigenous population,Participation rate 11,Males,2021,Percentage,67.4
Canada,Indigenous population,Participation rate 11,Females,2021,Percentage,60.9
Canada,Indigenous population,Employment rate 12,Both sexes,2021,Percentage,56.8
Canada,Indigenous population,Employment rate 12,Males,2021,Percentage,59.2
Canada,Indigenous population,Employment rate 12,Females,2021,Percentage,54.6
Canada,Indigenous population,Unemployment rate 10,Both sexes,2022,Percentage,8
Canada,Indigenous population,Unemployment rate 10,Males,2022,Percentage,8.5
Canada,Indigenous population,Unemployment rate 10,Females,2022,Percentage,7.4
Canada,Indigenous population,Participation rate 11,Both sexes,2022,Percentage,66.2
Canada,Indigenous population,Participation rate 11,Males,2022,Percentage,68.7
Canada,Indigenous population,Participation rate 11,Females,2022,Percentage,63.8
Canada,Indigenous population,Employment rate 12,Both sexes,2022,Percentage,60.9
Canada,Indigenous population,Employment rate 12,Males,2022,Percentage,62.9
Canada,Indigenous population,Employment rate 12,Females,2022,Percentage,59.1
Canada,Indigenous population,Unemployment rate 10,Both sexes,2023,Percentage,8.8
Canada,Indigenous population,Unemployment rate 10,Males,2023,Percentage,8.9
Canada,Indigenous population,Unemployment rate 10,Females,2023,Percentage,8.6
Canada,Indigenous population,Participation rate 11,Both sexes,2023,Percentage,64.4
Canada,Indigenous population,Participation rate 11,Males,2023,Percentage,67.6
Canada,Indigenous population,Participation rate 11,Females,2023,Percentage,61.3
Canada,Indigenous population,Employment rate 12,Both sexes,2023,Percentage,58.7
Canada,Indigenous population,Employment rate 12,Males,2023,Percentage,61.6
Canada,Indigenous population,Employment rate 12,Females,2023,Percentage,56.1
Canada,Indigenous population,Unemployment rate 10,Both sexes,2024,Percentage,9.8
Canada,Indigenous population,Unemployment rate 10,Males,2024,Percentage,11.1
Canada,Indigenous population,Unemployment rate 10,Females,2024,Percentage,8.4
Canada,Indigenous population,Participation rate 11,Both sexes,2024,Percentage,63.3
Canada,Indigenous population,Participation rate 11,Males,2024,Percentage,66.3
Canada,Indigenous population,Participation rate 11,Females,2024,Percentage,60.5
Canada,Indigenous population,Employment rate 12,Both sexes,2024,Percentage,57.1
Canada,Indigenous population,Employment rate 12,Males,2024,Percentage,59
Canada,Indigenous population,Employment rate 12,Females,2024,Percentage,55.4
Canada,Non-Indigenous population,Population 5,Both sexes,2020,Persons,"29,898.80"
Canada,Non-Indigenous population,Population 5,Males,2020,Persons,"14,779.60"
Canada,Non-Indigenous population,Population 5,Females,2020,Persons,"15,119.20"
Canada,Non-Indigenous population,Labour force 6,Both sexes,2020,Persons,"19,234.50"
Canada,Non-Indigenous population,Labour force 6,Males,2020,Persons,"10,194.30"
Canada,Non-Indigenous population,Labour force 6,Females,2020,Persons,"9,040.20"
Canada,Non-Indigenous population,Employment 7,Both sexes,2020,Persons,"17,398.70"
Canada,Non-Indigenous population,Employment 7,Males,2020,Persons,"9,212.30"
Canada,Non-Indigenous population,Employment 7,Females,2020,Persons,"8,186.50"
Canada,Non-Indigenous population,Unemployment 8,Both sexes,2020,Persons,"1,835.80"
Canada,Non-Indigenous population,Unemployment 8,Males,2020,Persons,982.1
Canada,Non-Indigenous population,Unemployment 8,Females,2020,Persons,853.7
Canada,Non-Indigenous population,Not in labour force 9,Both sexes,2020,Persons,"10,664.20"
Canada,Non-Indigenous population,Not in labour force 9,Males,2020,Persons,"4,585.30"
Canada,Non-Indigenous population,Not in labour force 9,Females,2020,Persons,"6,078.90"
Canada,Non-Indigenous population,Population 5,Both sexes,2021,Persons,"30,130.20"
Canada,Non-Indigenous population,Population 5,Males,2021,Persons,"14,891.40"
Canada,Non-Indigenous population,Population 5,Females,2021,Persons,"15,238.70"
Canada,Non-Indigenous population,Labour force 6,Both sexes,2021,Persons,"19,689.60"
Canada,Non-Indigenous population,Labour force 6,Males,2021,Persons,"10,398.20"
Canada,Non-Indigenous population,Labour force 6,Females,2021,Persons,"9,291.50"
Canada,Non-Indigenous population,Employment 7,Both sexes,2021,Persons,"18,225.70"
Canada,Non-Indigenous population,Employment 7,Males,2021,Persons,"9,608.80"
Canada,Non-Indigenous population,Employment 7,Females,2021,Persons,"8,616.80"
Canada,Non-Indigenous population,Unemployment 8,Both sexes,2021,Persons,"1,464.00"
Canada,Non-Indigenous population,Unemployment 8,Males,2021,Persons,789.4
Canada,Non-Indigenous population,Unemployment 8,Females,2021,Persons,674.6
Canada,Non-Indigenous population,Not in labour force 9,Both sexes,2021,Persons,"10,440.50"
Canada,Non-Indigenous population,Not in labour force 9,Males,2021,Persons,"4,493.30"
Canada,Non-Indigenous population,Not in labour force 9,Females,2021,Persons,"5,947.30"
Canada,Non-Indigenous population,Population 5,Both sexes,2022,Persons,"30,533.60"
Canada,Non-Indigenous population,Population 5,Males,2022,Persons,"15,089.60"
Canada,Non-Indigenous population,Population 5,Females,2022,Persons,"15,444.10"
Canada,Non-Indigenous population,Labour force 6,Both sexes,2022,Persons,"19,947.90"
Canada,Non-Indigenous population,Labour force 6,Males,2022,Persons,"10,476.70"
Canada,Non-Indigenous population,Labour force 6,Females,2022,Persons,"9,471.20"
Canada,Non-Indigenous population,Employment 7,Both sexes,2022,Persons,"18,906.80"
Canada,Non-Indigenous population,Employment 7,Males,2022,Persons,"9,918.70"
Canada,Non-Indigenous population,Employment 7,Females,2022,Persons,"8,988.10"
Canada,Non-Indigenous population,Unemployment 8,Both sexes,2022,Persons,"1,041.10"
Canada,Non-Indigenous population,Unemployment 8,Males,2022,Persons,557.9
Canada,Non-Indigenous population,Unemployment 8,Females,2022,Persons,483.1
Canada,Non-Indigenous population,Not in labour force 9,Both sexes,2022,Persons,"10,585.70"
Canada,Non-Indigenous population,Not in labour force 9,Males,2022,Persons,"4,612.90"
Canada,Non-Indigenous population,Not in labour force 9,Females,2022,Persons,"5,972.80"
Canada,Non-Indigenous population,Population 5,Both sexes,2023,Persons,"31,224.40"
Canada,Non-Indigenous population,Population 5,Males,2023,Persons,"15,451.60"
Canada,Non-Indigenous population,Population 5,Females,2023,Persons,"15,772.80"
Canada,Non-Indigenous population,Labour force 6,Both sexes,2023,Persons,"20,473.90"
Canada,Non-Indigenous population,Labour force 6,Males,2023,Persons,"10,763.20"
Canada,Non-Indigenous population,Labour force 6,Females,2023,Persons,"9,710.60"
Canada,Non-Indigenous population,Employment 7,Both sexes,2023,Persons,"19,385.90"
Canada,Non-Indigenous population,Employment 7,Males,2023,Persons,"10,176.00"
Canada,Non-Indigenous population,Employment 7,Females,2023,Persons,"9,209.90"
Canada,Non-Indigenous population,Unemployment 8,Both sexes,2023,Persons,"1,088.00"
Canada,Non-Indigenous population,Unemployment 8,Males,2023,Persons,587.2
Canada,Non-Indigenous population,Unemployment 8,Females,2023,Persons,500.8
Canada,Non-Indigenous population,Not in labour force 9,Both sexes,2023,Persons,"10,750.60"
Canada,Non-Indigenous population,Not in labour force 9,Males,2023,Persons,"4,688.40"
Canada,Non-Indigenous population,Not in labour force 9,Females,2023,Persons,"6,062.20"
Canada,Non-Indigenous population,Population 5,Both sexes,2024,Persons,"32,299.80"
Canada,Non-Indigenous population,Population 5,Males,2024,Persons,"16,032.40"
Canada,Non-Indigenous population,Population 5,Females,2024,Persons,"16,267.40"
Canada,Non-Indigenous population,Labour force 6,Both sexes,2024,Persons,"21,064.20"
Canada,Non-Indigenous population,Labour force 6,Males,2024,Persons,"11,121.60"
Canada,Non-Indigenous population,Labour force 6,Females,2024,Persons,"9,942.60"
Canada,Non-Indigenous population,Employment 7,Both sexes,2024,Persons,"19,754.60"
Canada,Non-Indigenous population,Employment 7,Males,2024,Persons,"10,398.40"
Canada,Non-Indigenous population,Employment 7,Females,2024,Persons,"9,356.20"
Canada,Non-Indigenous population,Unemployment 8,Both sexes,2024,Persons,"1,309.50"
Canada,Non-Indigenous population,Unemployment 8,Males,2024,Persons,723.2
Canada,Non-Indigenous population,Unemployment 8,Females,2024,Persons,586.4
Canada,Non-Indigenous population,Not in labour force 9,Both sexes,2024,Persons,"11,235.60"
Canada,Non-Indigenous population,Not in labour force 9,Males,2024,Persons,"4,910.80"
Canada,Non-Indigenous population,Not in labour force 9,Females,2024,Persons,"6,324.80"
Canada,Non-Indigenous population,Unemployment rate 10,Both sexes,2020,Percentage,9.5
Canada,Non-Indigenous population,Unemployment rate 10,Males,2020,Percentage,9.6
Canada,Non-Indigenous population,Unemployment rate 10,Females,2020,Percentage,9.4
Canada,Non-Indigenous population,Participation rate 11,Both sexes,2020,Percentage,64.3
Canada,Non-Indigenous population,Participation rate 11,Males,2020,Percentage,69
Canada,Non-Indigenous population,Participation rate 11,Females,2020,Percentage,59.8
Canada,Non-Indigenous population,Employment rate 12,Both sexes,2020,Percentage,58.2
Canada,Non-Indigenous population,Employment rate 12,Males,2020,Percentage,62.3
Canada,Non-Indigenous population,Employment rate 12,Females,2020,Percentage,54.1
Canada,Non-Indigenous population,Unemployment rate 10,Both sexes,2021,Percentage,7.4
Canada,Non-Indigenous population,Unemployment rate 10,Males,2021,Percentage,7.6
Canada,Non-Indigenous population,Unemployment rate 10,Females,2021,Percentage,7.3
Canada,Non-Indigenous population,Participation rate 11,Both sexes,2021,Percentage,65.3
Canada,Non-Indigenous population,Participation rate 11,Males,2021,Percentage,69.8
Canada,Non-Indigenous population,Participation rate 11,Females,2021,Percentage,61
Canada,Non-Indigenous population,Employment rate 12,Both sexes,2021,Percentage,60.5
Canada,Non-Indigenous population,Employment rate 12,Males,2021,Percentage,64.5
Canada,Non-Indigenous population,Employment rate 12,Females,2021,Percentage,56.5
Canada,Non-Indigenous population,Unemployment rate 10,Both sexes,2022,Percentage,5.2
Canada,Non-Indigenous population,Unemployment rate 10,Males,2022,Percentage,5.3
Canada,Non-Indigenous population,Unemployment rate 10,Females,2022,Percentage,5.1
Canada,Non-Indigenous population,Participation rate 11,Both sexes,2022,Percentage,65.3
Canada,Non-Indigenous population,Participation rate 11,Males,2022,Percentage,69.4
Canada,Non-Indigenous population,Participation rate 11,Females,2022,Percentage,61.3
Canada,Non-Indigenous population,Employment rate 12,Both sexes,2022,Percentage,61.9
Canada,Non-Indigenous population,Employment rate 12,Males,2022,Percentage,65.7
Canada,Non-Indigenous population,Employment rate 12,Females,2022,Percentage,58.2
Canada,Non-Indigenous population,Unemployment rate 10,Both sexes,2023,Percentage,5.3
Canada,Non-Indigenous population,Unemployment rate 10,Males,2023,Percentage,5.5
Canada,Non-Indigenous population,Unemployment rate 10,Females,2023,Percentage,5.2
Canada,Non-Indigenous population,Participation rate 11,Both sexes,2023,Percentage,65.6
Canada,Non-Indigenous population,Participation rate 11,Males,2023,Percentage,69.7
Canada,Non-Indigenous population,Participation rate 11,Females,2023,Percentage,61.6
Canada,Non-Indigenous population,Employment rate 12,Both sexes,2023,Percentage,62.1
Canada,Non-Indigenous population,Employment rate 12,Males,2023,Percentage,65.9
Canada,Non-Indigenous population,Employment rate 12,Females,2023,Percentage,58.4
Canada,Non-Indigenous population,Unemployment rate 10,Both sexes,2024,Percentage,6.2
Canada,Non-Indigenous population,Unemployment rate 10,Males,2024,Percentage,6.5
Canada,Non-Indigenous population,Unemployment rate 10,Females,2024,Percentage,5.9
Canada,Non-Indigenous population,Participation rate 11,Both sexes,2024,Percentage,65.2
Canada,Non-Indigenous population,Participation rate 11,Males,2024,Percentage,69.4
Canada,Non-Indigenous population,Participation rate 11,Females,2024,Percentage,61.1
Canada,Non-Indigenous population,Employment rate 12,Both sexes,2024,Percentage,61.2
Canada,Non-Indigenous population,Employment rate 12,Males,2024,Percentage,64.9
Canada,Non-Indigenous population,Employment rate 12,Females,2024,Percentage,57.5
Atlantic region,Total population,Population 5,Both sexes,2020,Persons,"2,039.00"
Atlantic region,Total population,Population 5,Males,2020,Persons,994.1
Atlantic region,Total population,Population 5,Females,2020,Persons,"1,044.90"
Atlantic region,Total population,Labour force 6,Both sexes,2020,Persons,"1,220.80"
Atlantic region,Total population,Labour force 6,Males,2020,Persons,628.3
Atlantic region,Total population,Labour force 6,Females,2020,Persons,592.5
Atlantic region,Total population,Employment 7,Both sexes,2020,Persons,"1,086.90"
Atlantic region,Total population,Employment 7,Males,2020,Persons,549.4
Atlantic region,Total population,Employment 7,Females,2020,Persons,537.5
Atlantic region,Total population,Unemployment 8,Both sexes,2020,Persons,133.9
Atlantic region,Total population,Unemployment 8,Males,2020,Persons,78.9
Atlantic region,Total population,Unemployment 8,Females,2020,Persons,55
Atlantic region,Total population,Not in labour force 9,Both sexes,2020,Persons,818.2
Atlantic region,Total population,Not in labour force 9,Males,2020,Persons,365.8
Atlantic region,Total population,Not in labour force 9,Females,2020,Persons,452.4
Atlantic region,Total population,Population 5,Both sexes,2021,Persons,"2,051.70"
Atlantic region,Total population,Population 5,Males,2021,Persons,"1,000.10"
Atlantic region,Total population,Population 5,Females,2021,Persons,"1,051.50"
Atlantic region,Total population,Labour force 6,Both sexes,2021,Persons,"1,255.20"
Atlantic region,Total population,Labour force 6,Males,2021,Persons,645.3
Atlantic region,Total population,Labour force 6,Females,2021,Persons,609.9
Atlantic region,Total population,Employment 7,Both sexes,2021,Persons,"1,132.40"
Atlantic region,Total population,Employment 7,Males,2021,Persons,571.8
Atlantic region,Total population,Employment 7,Females,2021,Persons,560.6
Atlantic region,Total population,Unemployment 8,Both sexes,2021,Persons,122.8
Atlantic region,Total population,Unemployment 8,Males,2021,Persons,73.5
Atlantic region,Total population,Unemployment 8,Females,2021,Persons,49.3
Atlantic region,Total population,Not in labour force 9,Both sexes,2021,Persons,796.4
Atlantic region,Total population,Not in labour force 9,Males,2021,Persons,354.8
Atlantic region,Total population,Not in labour force 9,Females,2021,Persons,441.6
Atlantic region,Total population,Population 5,Both sexes,2022,Persons,"2,092.00"
Atlantic region,Total population,Population 5,Males,2022,Persons,"1,020.70"
Atlantic region,Total population,Population 5,Females,2022,Persons,"1,071.30"
Atlantic region,Total population,Labour force 6,Both sexes,2022,Persons,"1,274.60"
Atlantic region,Total population,Labour force 6,Males,2022,Persons,654.6
Atlantic region,Total population,Labour force 6,Females,2022,Persons,620.1
Atlantic region,Total population,Employment 7,Both sexes,2022,Persons,"1,174.90"
Atlantic region,Total population,Employment 7,Males,2022,Persons,595.5
Atlantic region,Total population,Employment 7,Females,2022,Persons,579.4
Atlantic region,Total population,Unemployment 8,Both sexes,2022,Persons,99.7
Atlantic region,Total population,Unemployment 8,Males,2022,Persons,59.1
Atlantic region,Total population,Unemployment 8,Females,2022,Persons,40.6
Atlantic region,Total population,Not in labour force 9,Both sexes,2022,Persons,817.4
Atlantic region,Total population,Not in labour force 9,Males,2022,Persons,366.1
Atlantic region,Total population,Not in labour force 9,Females,2022,Persons,451.3
Atlantic region,Total population,Population 5,Both sexes,2023,Persons,"2,146.60"
Atlantic region,Total population,Population 5,Males,2023,Persons,"1,049.50"
Atlantic region,Total population,Population 5,Females,2023,Persons,"1,097.10"
Atlantic region,Total population,Labour force 6,Both sexes,2023,Persons,"1,303.70"
Atlantic region,Total population,Labour force 6,Males,2023,Persons,669.3
Atlantic region,Total population,Labour force 6,Females,2023,Persons,634.3
Atlantic region,Total population,Employment 7,Both sexes,2023,Persons,"1,209.60"
Atlantic region,Total population,Employment 7,Males,2023,Persons,612.9
Atlantic region,Total population,Employment 7,Females,2023,Persons,596.7
Atlantic region,Total population,Unemployment 8,Both sexes,2023,Persons,94.1
Atlantic region,Total population,Unemployment 8,Males,2023,Persons,56.4
Atlantic region,Total population,Unemployment 8,Females,2023,Persons,37.6
Atlantic region,Total population,Not in labour force 9,Both sexes,2023,Persons,843
Atlantic region,Total population,Not in labour force 9,Males,2023,Persons,380.2
Atlantic region,Total population,Not in labour force 9,Females,2023,Persons,462.8
Atlantic region,Total population,Population 5,Both sexes,2024,Persons,"2,207.80"
Atlantic region,Total population,Population 5,Males,2024,Persons,"1,083.20"
Atlantic region,Total population,Population 5,Females,2024,Persons,"1,124.60"
Atlantic region,Total population,Labour force 6,Both sexes,2024,Persons,"1,348.40"
Atlantic region,Total population,Labour force 6,Males,2024,Persons,695.6
Atlantic region,Total population,Labour force 6,Females,2024,Persons,652.8
Atlantic region,Total population,Employment 7,Both sexes,2024,Persons,"1,247.90"
Atlantic region,Total population,Employment 7,Males,2024,Persons,634.4
Atlantic region,Total population,Employment 7,Females,2024,Persons,613.5
Atlantic region,Total population,Unemployment 8,Both sexes,2024,Persons,100.4
Atlantic region,Total population,Unemployment 8,Males,2024,Persons,61.2
Atlantic region,Total population,Unemployment 8,Females,2024,Persons,39.3
Atlantic region,Total population,Not in labour force 9,Both sexes,2024,Persons,859.4
Atlantic region,Total population,Not in labour force 9,Males,2024,Persons,387.6
Atlantic region,Total population,Not in labour force 9,Females,2024,Persons,471.9
Atlantic region,Total population,Unemployment rate 10,Both sexes,2020,Percentage,11
Atlantic region,Total population,Unemployment rate 10,Males,2020,Percentage,12.6
Atlantic region,Total population,Unemployment rate 10,Females,2020,Percentage,9.3
Atlantic region,Total population,Participation rate 11,Both sexes,2020,Percentage,59.9
Atlantic region,Total population,Participation rate 11,Males,2020,Percentage,63.2
Atlantic region,Total population,Participation rate 11,Females,2020,Percentage,56.7
Atlantic region,Total population,Employment rate 12,Both sexes,2020,Percentage,53.3
Atlantic region,Total population,Employment rate 12,Males,2020,Percentage,55.3
Atlantic region,Total population,Employment rate 12,Females,2020,Percentage,51.4
Atlantic region,Total population,Unemployment rate 10,Both sexes,2021,Percentage,9.8
Atlantic region,Total population,Unemployment rate 10,Males,2021,Percentage,11.4
Atlantic region,Total population,Unemployment rate 10,Females,2021,Percentage,8.1
Atlantic region,Total population,Participation rate 11,Both sexes,2021,Percentage,61.2
Atlantic region,Total population,Participation rate 11,Males,2021,Percentage,64.5
Atlantic region,Total population,Participation rate 11,Females,2021,Percentage,58
Atlantic region,Total population,Employment rate 12,Both sexes,2021,Percentage,55.2
Atlantic region,Total population,Employment rate 12,Males,2021,Percentage,57.2
Atlantic region,Total population,Employment rate 12,Females,2021,Percentage,53.3
Atlantic region,Total population,Unemployment rate 10,Both sexes,2022,Percentage,7.8
Atlantic region,Total population,Unemployment rate 10,Males,2022,Percentage,9
Atlantic region,Total population,Unemployment rate 10,Females,2022,Percentage,6.6
Atlantic region,Total population,Participation rate 11,Both sexes,2022,Percentage,60.9
Atlantic region,Total population,Participation rate 11,Males,2022,Percentage,64.1
Atlantic region,Total population,Participation rate 11,Females,2022,Percentage,57.9
Atlantic region,Total population,Employment rate 12,Both sexes,2022,Percentage,56.2
Atlantic region,Total population,Employment rate 12,Males,2022,Percentage,58.3
Atlantic region,Total population,Employment rate 12,Females,2022,Percentage,54.1
Atlantic region,Total population,Unemployment rate 10,Both sexes,2023,Percentage,7.2
Atlantic region,Total population,Unemployment rate 10,Males,2023,Percentage,8.4
Atlantic region,Total population,Unemployment rate 10,Females,2023,Percentage,5.9
Atlantic region,Total population,Participation rate 11,Both sexes,2023,Percentage,60.7
Atlantic region,Total population,Participation rate 11,Males,2023,Percentage,63.8
Atlantic region,Total population,Participation rate 11,Females,2023,Percentage,57.8
Atlantic region,Total population,Employment rate 12,Both sexes,2023,Percentage,56.3
Atlantic region,Total population,Employment rate 12,Males,2023,Percentage,58.4
Atlantic region,Total population,Employment rate 12,Females,2023,Percentage,54.4
Atlantic region,Total population,Unemployment rate 10,Both sexes,2024,Percentage,7.4
Atlantic region,Total population,Unemployment rate 10,Males,2024,Percentage,8.8
Atlantic region,Total population,Unemployment rate 10,Females,2024,Percentage,6
Atlantic region,Total population,Participation rate 11,Both sexes,2024,Percentage,61.1
Atlantic region,Total population,Participation rate 11,Males,2024,Percentage,64.2
Atlantic region,Total population,Participation rate 11,Females,2024,Percentage,58
Atlantic region,Total population,Employment rate 12,Both sexes,2024,Percentage,56.5
Atlantic region,Total population,Employment rate 12,Males,2024,Percentage,58.6
Atlantic region,Total population,Employment rate 12,Females,2024,Percentage,54.6
Atlantic region,Indigenous population,Population 5,Both sexes,2020,Persons,103
Atlantic region,Indigenous population,Population 5,Males,2020,Persons,50.7
Atlantic region,Indigenous population,Population 5,Females,2020,Persons,52.3
Atlantic region,Indigenous population,Labour force 6,Both sexes,2020,Persons,62.2
Atlantic region,Indigenous population,Labour force 6,Males,2020,Persons,31
Atlantic region,Indigenous population,Labour force 6,Females,2020,Persons,31.2
Atlantic region,Indigenous population,Employment 7,Both sexes,2020,Persons,53.9
Atlantic region,Indigenous population,Employment 7,Males,2020,Persons,26
Atlantic region,Indigenous population,Employment 7,Females,2020,Persons,27.9
Atlantic region,Indigenous population,Unemployment 8,Both sexes,2020,Persons,8.3
Atlantic region,Indigenous population,Unemployment 8,Males,2020,Persons,5
Atlantic region,Indigenous population,Unemployment 8,Females,2020,Persons,3.3
Atlantic region,Indigenous population,Not in labour force 9,Both sexes,2020,Persons,40.8
Atlantic region,Indigenous population,Not in labour force 9,Males,2020,Persons,19.7
Atlantic region,Indigenous population,Not in labour force 9,Females,2020,Persons,21.1
Atlantic region,Indigenous population,Population 5,Both sexes,2021,Persons,106.6
Atlantic region,Indigenous population,Population 5,Males,2021,Persons,52.5
Atlantic region,Indigenous population,Population 5,Females,2021,Persons,54.2
Atlantic region,Indigenous population,Labour force 6,Both sexes,2021,Persons,66.8
Atlantic region,Indigenous population,Labour force 6,Males,2021,Persons,33.2
Atlantic region,Indigenous population,Labour force 6,Females,2021,Persons,33.5
Atlantic region,Indigenous population,Employment 7,Both sexes,2021,Persons,58.1
Atlantic region,Indigenous population,Employment 7,Males,2021,Persons,27.6
Atlantic region,Indigenous population,Employment 7,Females,2021,Persons,30.5
Atlantic region,Indigenous population,Unemployment 8,Both sexes,2021,Persons,8.7
Atlantic region,Indigenous population,Unemployment 8,Males,2021,Persons,5.6
Atlantic region,Indigenous population,Unemployment 8,Females,2021,Persons,3
Atlantic region,Indigenous population,Not in labour force 9,Both sexes,2021,Persons,39.9
Atlantic region,Indigenous population,Not in labour force 9,Males,2021,Persons,19.2
Atlantic region,Indigenous population,Not in labour force 9,Females,2021,Persons,20.6
Atlantic region,Indigenous population,Population 5,Both sexes,2022,Persons,109.8
Atlantic region,Indigenous population,Population 5,Males,2022,Persons,53.8
Atlantic region,Indigenous population,Population 5,Females,2022,Persons,56
Atlantic region,Indigenous population,Labour force 6,Both sexes,2022,Persons,66.7
Atlantic region,Indigenous population,Labour force 6,Males,2022,Persons,33.9
Atlantic region,Indigenous population,Labour force 6,Females,2022,Persons,32.8
Atlantic region,Indigenous population,Employment 7,Both sexes,2022,Persons,58.6
Atlantic region,Indigenous population,Employment 7,Males,2022,Persons,29.1
Atlantic region,Indigenous population,Employment 7,Females,2022,Persons,29.5
Atlantic region,Indigenous population,Unemployment 8,Both sexes,2022,Persons,8.1
Atlantic region,Indigenous population,Unemployment 8,Males,2022,Persons,4.8
Atlantic region,Indigenous population,Unemployment 8,Females,2022,Persons,3.3
Atlantic region,Indigenous population,Not in labour force 9,Both sexes,2022,Persons,43.1
Atlantic region,Indigenous population,Not in labour force 9,Males,2022,Persons,19.9
Atlantic region,Indigenous population,Not in labour force 9,Females,2022,Persons,23.2
Atlantic region,Indigenous population,Population 5,Both sexes,2023,Persons,113.7
Atlantic region,Indigenous population,Population 5,Males,2023,Persons,55.6
Atlantic region,Indigenous population,Population 5,Females,2023,Persons,58.1
Atlantic region,Indigenous population,Labour force 6,Both sexes,2023,Persons,71.2
Atlantic region,Indigenous population,Labour force 6,Males,2023,Persons,35.9
Atlantic region,Indigenous population,Labour force 6,Females,2023,Persons,35.2
Atlantic region,Indigenous population,Employment 7,Both sexes,2023,Persons,63.3
Atlantic region,Indigenous population,Employment 7,Males,2023,Persons,31.5
Atlantic region,Indigenous population,Employment 7,Females,2023,Persons,31.8
Atlantic region,Indigenous population,Unemployment 8,Both sexes,2023,Persons,7.9
Atlantic region,Indigenous population,Unemployment 8,Males,2023,Persons,4.5
Atlantic region,Indigenous population,Unemployment 8,Females,2023,Persons,3.4
Atlantic region,Indigenous population,Not in labour force 9,Both sexes,2023,Persons,42.5
Atlantic region,Indigenous population,Not in labour force 9,Males,2023,Persons,19.6
Atlantic region,Indigenous population,Not in labour force 9,Females,2023,Persons,22.9
Atlantic region,Indigenous population,Population 5,Both sexes,2024,Persons,117.7
Atlantic region,Indigenous population,Population 5,Males,2024,Persons,57.5
Atlantic region,Indigenous population,Population 5,Females,2024,Persons,60.2
Atlantic region,Indigenous population,Labour force 6,Both sexes,2024,Persons,71.9
Atlantic region,Indigenous population,Labour force 6,Males,2024,Persons,36
Atlantic region,Indigenous population,Labour force 6,Females,2024,Persons,35.9
Atlantic region,Indigenous population,Employment 7,Both sexes,2024,Persons,64.4
Atlantic region,Indigenous population,Employment 7,Males,2024,Persons,31.3
Atlantic region,Indigenous population,Employment 7,Females,2024,Persons,33.1
Atlantic region,Indigenous population,Unemployment 8,Both sexes,2024,Persons,7.5
Atlantic region,Indigenous population,Unemployment 8,Males,2024,Persons,4.8
Atlantic region,Indigenous population,Unemployment 8,Females,2024,Persons,2.8
Atlantic region,Indigenous population,Not in labour force 9,Both sexes,2024,Persons,45.8
Atlantic region,Indigenous population,Not in labour force 9,Males,2024,Persons,21.5
Atlantic region,Indigenous population,Not in labour force 9,Females,2024,Persons,24.3
Atlantic region,Indigenous population,Unemployment rate 10,Both sexes,2020,Percentage,13.4
Atlantic region,Indigenous population,Unemployment rate 10,Males,2020,Percentage,16.2
Atlantic region,Indigenous population,Unemployment rate 10,Females,2020,Percentage,10.5
Atlantic region,Indigenous population,Participation rate 11,Both sexes,2020,Percentage,60.4
Atlantic region,Indigenous population,Participation rate 11,Males,2020,Percentage,61.2
Atlantic region,Indigenous population,Participation rate 11,Females,2020,Percentage,59.6
Atlantic region,Indigenous population,Employment rate 12,Both sexes,2020,Percentage,52.3
Atlantic region,Indigenous population,Employment rate 12,Males,2020,Percentage,51.3
Atlantic region,Indigenous population,Employment rate 12,Females,2020,Percentage,53.3
Atlantic region,Indigenous population,Unemployment rate 10,Both sexes,2021,Percentage,13
Atlantic region,Indigenous population,Unemployment rate 10,Males,2021,Percentage,17
Atlantic region,Indigenous population,Unemployment rate 10,Females,2021,Percentage,9
Atlantic region,Indigenous population,Participation rate 11,Both sexes,2021,Percentage,62.6
Atlantic region,Indigenous population,Participation rate 11,Males,2021,Percentage,63.3
Atlantic region,Indigenous population,Participation rate 11,Females,2021,Percentage,61.9
Atlantic region,Indigenous population,Employment rate 12,Both sexes,2021,Percentage,54.5
Atlantic region,Indigenous population,Employment rate 12,Males,2021,Percentage,52.6
Atlantic region,Indigenous population,Employment rate 12,Females,2021,Percentage,56.3
Atlantic region,Indigenous population,Unemployment rate 10,Both sexes,2022,Percentage,12.1
Atlantic region,Indigenous population,Unemployment rate 10,Males,2022,Percentage,14.1
Atlantic region,Indigenous population,Unemployment rate 10,Females,2022,Percentage,10.1
Atlantic region,Indigenous population,Participation rate 11,Both sexes,2022,Percentage,60.7
Atlantic region,Indigenous population,Participation rate 11,Males,2022,Percentage,63
Atlantic region,Indigenous population,Participation rate 11,Females,2022,Percentage,58.6
Atlantic region,Indigenous population,Employment rate 12,Both sexes,2022,Percentage,53.4
Atlantic region,Indigenous population,Employment rate 12,Males,2022,Percentage,54.1
Atlantic region,Indigenous population,Employment rate 12,Females,2022,Percentage,52.7
Atlantic region,Indigenous population,Unemployment rate 10,Both sexes,2023,Percentage,11.1
Atlantic region,Indigenous population,Unemployment rate 10,Males,2023,Percentage,12.4
Atlantic region,Indigenous population,Unemployment rate 10,Females,2023,Percentage,9.7
Atlantic region,Indigenous population,Participation rate 11,Both sexes,2023,Percentage,62.6
Atlantic region,Indigenous population,Participation rate 11,Males,2023,Percentage,64.7
Atlantic region,Indigenous population,Participation rate 11,Females,2023,Percentage,60.6
Atlantic region,Indigenous population,Employment rate 12,Both sexes,2023,Percentage,55.7
Atlantic region,Indigenous population,Employment rate 12,Males,2023,Percentage,56.6
Atlantic region,Indigenous population,Employment rate 12,Females,2023,Percentage,54.7
Atlantic region,Indigenous population,Unemployment rate 10,Both sexes,2024,Percentage,10.5
Atlantic region,Indigenous population,Unemployment rate 10,Males,2024,Percentage,13.2
Atlantic region,Indigenous population,Unemployment rate 10,Females,2024,Percentage,7.7
Atlantic region,Indigenous population,Participation rate 11,Both sexes,2024,Percentage,61.1
Atlantic region,Indigenous population,Participation rate 11,Males,2024,Percentage,62.6
Atlantic region,Indigenous population,Participation rate 11,Females,2024,Percentage,59.6
Atlantic region,Indigenous population,Employment rate 12,Both sexes,2024,Percentage,54.7
Atlantic region,Indigenous population,Employment rate 12,Males,2024,Percentage,54.3
Atlantic region,Indigenous population,Employment rate 12,Females,2024,Percentage,55
Atlantic region,Non-Indigenous population,Population 5,Both sexes,2020,Persons,"1,936.00"
Atlantic region,Non-Indigenous population,Population 5,Males,2020,Persons,943.4
Atlantic region,Non-Indigenous population,Population 5,Females,2020,Persons,992.6
Atlantic region,Non-Indigenous population,Labour force 6,Both sexes,2020,Persons,"1,158.70"
Atlantic region,Non-Indigenous population,Labour force 6,Males,2020,Persons,597.3
Atlantic region,Non-Indigenous population,Labour force 6,Females,2020,Persons,561.4
Atlantic region,Non-Indigenous population,Employment 7,Both sexes,2020,Persons,"1,033.00"
Atlantic region,Non-Indigenous population,Employment 7,Males,2020,Persons,523.4
Atlantic region,Non-Indigenous population,Employment 7,Females,2020,Persons,509.6
Atlantic region,Non-Indigenous population,Unemployment 8,Both sexes,2020,Persons,125.6
Atlantic region,Non-Indigenous population,Unemployment 8,Males,2020,Persons,73.9
Atlantic region,Non-Indigenous population,Unemployment 8,Females,2020,Persons,51.7
Atlantic region,Non-Indigenous population,Not in labour force 9,Both sexes,2020,Persons,777.4
Atlantic region,Non-Indigenous population,Not in labour force 9,Males,2020,Persons,346.1
Atlantic region,Non-Indigenous population,Not in labour force 9,Females,2020,Persons,431.3
Atlantic region,Non-Indigenous population,Population 5,Both sexes,2021,Persons,"1,945.00"
Atlantic region,Non-Indigenous population,Population 5,Males,2021,Persons,947.7
Atlantic region,Non-Indigenous population,Population 5,Females,2021,Persons,997.4
Atlantic region,Non-Indigenous population,Labour force 6,Both sexes,2021,Persons,"1,188.40"
Atlantic region,Non-Indigenous population,Labour force 6,Males,2021,Persons,612.1
Atlantic region,Non-Indigenous population,Labour force 6,Females,2021,Persons,576.4
Atlantic region,Non-Indigenous population,Employment 7,Both sexes,2021,Persons,"1,074.30"
Atlantic region,Non-Indigenous population,Employment 7,Males,2021,Persons,544.2
Atlantic region,Non-Indigenous population,Employment 7,Females,2021,Persons,530.1
Atlantic region,Non-Indigenous population,Unemployment 8,Both sexes,2021,Persons,114.2
Atlantic region,Non-Indigenous population,Unemployment 8,Males,2021,Persons,67.9
Atlantic region,Non-Indigenous population,Unemployment 8,Females,2021,Persons,46.3
Atlantic region,Non-Indigenous population,Not in labour force 9,Both sexes,2021,Persons,756.6
Atlantic region,Non-Indigenous population,Not in labour force 9,Males,2021,Persons,335.6
Atlantic region,Non-Indigenous population,Not in labour force 9,Females,2021,Persons,421
Atlantic region,Non-Indigenous population,Population 5,Both sexes,2022,Persons,"1,982.30"
Atlantic region,Non-Indigenous population,Population 5,Males,2022,Persons,966.9
Atlantic region,Non-Indigenous population,Population 5,Females,2022,Persons,"1,015.40"
Atlantic region,Non-Indigenous population,Labour force 6,Both sexes,2022,Persons,"1,208.00"
Atlantic region,Non-Indigenous population,Labour force 6,Males,2022,Persons,620.7
Atlantic region,Non-Indigenous population,Labour force 6,Females,2022,Persons,587.3
Atlantic region,Non-Indigenous population,Employment 7,Both sexes,2022,Persons,"1,116.40"
Atlantic region,Non-Indigenous population,Employment 7,Males,2022,Persons,566.4
Atlantic region,Non-Indigenous population,Employment 7,Females,2022,Persons,550
Atlantic region,Non-Indigenous population,Unemployment 8,Both sexes,2022,Persons,91.6
Atlantic region,Non-Indigenous population,Unemployment 8,Males,2022,Persons,54.3
Atlantic region,Non-Indigenous population,Unemployment 8,Females,2022,Persons,37.3
Atlantic region,Non-Indigenous population,Not in labour force 9,Both sexes,2022,Persons,774.3
Atlantic region,Non-Indigenous population,Not in labour force 9,Males,2022,Persons,346.2
Atlantic region,Non-Indigenous population,Not in labour force 9,Females,2022,Persons,428.1
Atlantic region,Non-Indigenous population,Population 5,Both sexes,2023,Persons,"2,033.00"
Atlantic region,Non-Indigenous population,Population 5,Males,2023,Persons,993.9
Atlantic region,Non-Indigenous population,Population 5,Females,2023,Persons,"1,039.00"
Atlantic region,Non-Indigenous population,Labour force 6,Both sexes,2023,Persons,"1,232.50"
Atlantic region,Non-Indigenous population,Labour force 6,Males,2023,Persons,633.4
Atlantic region,Non-Indigenous population,Labour force 6,Females,2023,Persons,599.1
Atlantic region,Non-Indigenous population,Employment 7,Both sexes,2023,Persons,"1,146.30"
Atlantic region,Non-Indigenous population,Employment 7,Males,2023,Persons,581.4
Atlantic region,Non-Indigenous population,Employment 7,Females,2023,Persons,564.9
Atlantic region,Non-Indigenous population,Unemployment 8,Both sexes,2023,Persons,86.2
Atlantic region,Non-Indigenous population,Unemployment 8,Males,2023,Persons,52
Atlantic region,Non-Indigenous population,Unemployment 8,Females,2023,Persons,34.2
Atlantic region,Non-Indigenous population,Not in labour force 9,Both sexes,2023,Persons,800.5
Atlantic region,Non-Indigenous population,Not in labour force 9,Males,2023,Persons,360.6
Atlantic region,Non-Indigenous population,Not in labour force 9,Females,2023,Persons,439.9
Atlantic region,Non-Indigenous population,Population 5,Both sexes,2024,Persons,"2,090.10"
Atlantic region,Non-Indigenous population,Population 5,Males,2024,Persons,"1,025.60"
Atlantic region,Non-Indigenous population,Population 5,Females,2024,Persons,"1,064.50"
Atlantic region,Non-Indigenous population,Labour force 6,Both sexes,2024,Persons,"1,276.50"
Atlantic region,Non-Indigenous population,Labour force 6,Males,2024,Persons,659.6
Atlantic region,Non-Indigenous population,Labour force 6,Females,2024,Persons,616.9
Atlantic region,Non-Indigenous population,Employment 7,Both sexes,2024,Persons,"1,183.60"
Atlantic region,Non-Indigenous population,Employment 7,Males,2024,Persons,603.2
Atlantic region,Non-Indigenous population,Employment 7,Females,2024,Persons,580.4
Atlantic region,Non-Indigenous population,Unemployment 8,Both sexes,2024,Persons,92.9
Atlantic region,Non-Indigenous population,Unemployment 8,Males,2024,Persons,56.4
Atlantic region,Non-Indigenous population,Unemployment 8,Females,2024,Persons,36.5
Atlantic region,Non-Indigenous population,Not in labour force 9,Both sexes,2024,Persons,813.6
Atlantic region,Non-Indigenous population,Not in labour force 9,Males,2024,Persons,366.1
Atlantic region,Non-Indigenous population,Not in labour force 9,Females,2024,Persons,447.6
Atlantic region,Non-Indigenous population,Unemployment rate 10,Both sexes,2020,Percentage,10.8
Atlantic region,Non-Indigenous population,Unemployment rate 10,Males,2020,Percentage,12.4
Atlantic region,Non-Indigenous population,Unemployment rate 10,Females,2020,Percentage,9.2
Atlantic region,Non-Indigenous population,Participation rate 11,Both sexes,2020,Percentage,59.8
Atlantic region,Non-Indigenous population,Participation rate 11,Males,2020,Percentage,63.3
Atlantic region,Non-Indigenous population,Participation rate 11,Females,2020,Percentage,56.6
Atlantic region,Non-Indigenous population,Employment rate 12,Both sexes,2020,Percentage,53.4
Atlantic region,Non-Indigenous population,Employment rate 12,Males,2020,Percentage,55.5
Atlantic region,Non-Indigenous population,Employment rate 12,Females,2020,Percentage,51.3
Atlantic region,Non-Indigenous population,Unemployment rate 10,Both sexes,2021,Percentage,9.6
Atlantic region,Non-Indigenous population,Unemployment rate 10,Males,2021,Percentage,11.1
Atlantic region,Non-Indigenous population,Unemployment rate 10,Females,2021,Percentage,8
Atlantic region,Non-Indigenous population,Participation rate 11,Both sexes,2021,Percentage,61.1
Atlantic region,Non-Indigenous population,Participation rate 11,Males,2021,Percentage,64.6
Atlantic region,Non-Indigenous population,Participation rate 11,Females,2021,Percentage,57.8
Atlantic region,Non-Indigenous population,Employment rate 12,Both sexes,2021,Percentage,55.2
Atlantic region,Non-Indigenous population,Employment rate 12,Males,2021,Percentage,57.4
Atlantic region,Non-Indigenous population,Employment rate 12,Females,2021,Percentage,53.2
Atlantic region,Non-Indigenous population,Unemployment rate 10,Both sexes,2022,Percentage,7.6
Atlantic region,Non-Indigenous population,Unemployment rate 10,Males,2022,Percentage,8.7
Atlantic region,Non-Indigenous population,Unemployment rate 10,Females,2022,Percentage,6.4
Atlantic region,Non-Indigenous population,Participation rate 11,Both sexes,2022,Percentage,60.9
Atlantic region,Non-Indigenous population,Participation rate 11,Males,2022,Percentage,64.2
Atlantic region,Non-Indigenous population,Participation rate 11,Females,2022,Percentage,57.8
Atlantic region,Non-Indigenous population,Employment rate 12,Both sexes,2022,Percentage,56.3
Atlantic region,Non-Indigenous population,Employment rate 12,Males,2022,Percentage,58.6
Atlantic region,Non-Indigenous population,Employment rate 12,Females,2022,Percentage,54.2
Atlantic region,Non-Indigenous population,Unemployment rate 10,Both sexes,2023,Percentage,7
Atlantic region,Non-Indigenous population,Unemployment rate 10,Males,2023,Percentage,8.2
Atlantic region,Non-Indigenous population,Unemployment rate 10,Females,2023,Percentage,5.7
Atlantic region,Non-Indigenous population,Participation rate 11,Both sexes,2023,Percentage,60.6
Atlantic region,Non-Indigenous population,Participation rate 11,Males,2023,Percentage,63.7
Atlantic region,Non-Indigenous population,Participation rate 11,Females,2023,Percentage,57.7
Atlantic region,Non-Indigenous population,Employment rate 12,Both sexes,2023,Percentage,56.4
Atlantic region,Non-Indigenous population,Employment rate 12,Males,2023,Percentage,58.5
Atlantic region,Non-Indigenous population,Employment rate 12,Females,2023,Percentage,54.4
Atlantic region,Non-Indigenous population,Unemployment rate 10,Both sexes,2024,Percentage,7.3
Atlantic region,Non-Indigenous population,Unemployment rate 10,Males,2024,Percentage,8.5
Atlantic region,Non-Indigenous population,Unemployment rate 10,Females,2024,Percentage,5.9
Atlantic region,Non-Indigenous population,Participation rate 11,Both sexes,2024,Percentage,61.1
Atlantic region,Non-Indigenous population,Participation rate 11,Males,2024,Percentage,64.3
Atlantic region,Non-Indigenous population,Participation rate 11,Females,2024,Percentage,58
Atlantic region,Non-Indigenous population,Employment rate 12,Both sexes,2024,Percentage,56.6
Atlantic region,Non-Indigenous population,Employment rate 12,Males,2024,Percentage,58.8
Atlantic region,Non-Indigenous population,Employment rate 12,Females,2024,Percentage,54.5
Quebec,Total population,Population 5,Both sexes,2020,Persons,"7,053.50"
Quebec,Total population,Population 5,Males,2020,Persons,"3,514.40"
Quebec,Total population,Population 5,Females,2020,Persons,"3,539.10"
Quebec,Total population,Labour force 6,Both sexes,2020,Persons,"4,487.20"
Quebec,Total population,Labour force 6,Males,2020,Persons,"2,371.50"
Quebec,Total population,Labour force 6,Females,2020,Persons,"2,115.70"
Quebec,Total population,Employment 7,Both sexes,2020,Persons,"4,085.10"
Quebec,Total population,Employment 7,Males,2020,Persons,"2,154.90"
Quebec,Total population,Employment 7,Females,2020,Persons,"1,930.20"
Quebec,Total population,Unemployment 8,Both sexes,2020,Persons,402.1
Quebec,Total population,Unemployment 8,Males,2020,Persons,216.6
Quebec,Total population,Unemployment 8,Females,2020,Persons,185.6
Quebec,Total population,Not in labour force 9,Both sexes,2020,Persons,"2,566.30"
Quebec,Total population,Not in labour force 9,Males,2020,Persons,"1,142.90"
Quebec,Total population,Not in labour force 9,Females,2020,Persons,"1,423.40"
Quebec,Total population,Population 5,Both sexes,2021,Persons,"7,098.90"
Quebec,Total population,Population 5,Males,2021,Persons,"3,538.80"
Quebec,Total population,Population 5,Females,2021,Persons,"3,560.10"
Quebec,Total population,Labour force 6,Both sexes,2021,Persons,"4,546.80"
Quebec,Total population,Labour force 6,Males,2021,Persons,"2,400.00"
Quebec,Total population,Labour force 6,Females,2021,Persons,"2,146.80"
Quebec,Total population,Employment 7,Both sexes,2021,Persons,"4,266.70"
Quebec,Total population,Employment 7,Males,2021,Persons,"2,244.50"
Quebec,Total population,Employment 7,Females,2021,Persons,"2,022.20"
Quebec,Total population,Unemployment 8,Both sexes,2021,Persons,280.2
Quebec,Total population,Unemployment 8,Males,2021,Persons,155.5
Quebec,Total population,Unemployment 8,Females,2021,Persons,124.6
Quebec,Total population,Not in labour force 9,Both sexes,2021,Persons,"2,552.10"
Quebec,Total population,Not in labour force 9,Males,2021,Persons,"1,138.80"
Quebec,Total population,Not in labour force 9,Females,2021,Persons,"1,413.30"
Quebec,Total population,Population 5,Both sexes,2022,Persons,"7,156.20"
Quebec,Total population,Population 5,Males,2022,Persons,"3,568.00"
Quebec,Total population,Population 5,Females,2022,Persons,"3,588.20"
Quebec,Total population,Labour force 6,Both sexes,2022,Persons,"4,607.30"
Quebec,Total population,Labour force 6,Males,2022,Persons,"2,424.30"
Quebec,Total population,Labour force 6,Females,2022,Persons,"2,183.00"
Quebec,Total population,Employment 7,Both sexes,2022,Persons,"4,408.60"
Quebec,Total population,Employment 7,Males,2022,Persons,"2,314.40"
Quebec,Total population,Employment 7,Females,2022,Persons,"2,094.20"
Quebec,Total population,Unemployment 8,Both sexes,2022,Persons,198.7
Quebec,Total population,Unemployment 8,Males,2022,Persons,109.9
Quebec,Total population,Unemployment 8,Females,2022,Persons,88.8
Quebec,Total population,Not in labour force 9,Both sexes,2022,Persons,"2,548.90"
Quebec,Total population,Not in labour force 9,Males,2022,Persons,"1,143.70"
Quebec,Total population,Not in labour force 9,Females,2022,Persons,"1,405.20"
Quebec,Total population,Population 5,Both sexes,2023,Persons,"7,259.80"
Quebec,Total population,Population 5,Males,2023,Persons,"3,624.40"
Quebec,Total population,Population 5,Females,2023,Persons,"3,635.40"
Quebec,Total population,Labour force 6,Both sexes,2023,Persons,"4,716.20"
Quebec,Total population,Labour force 6,Males,2023,Persons,"2,481.40"
Quebec,Total population,Labour force 6,Females,2023,Persons,"2,234.70"
Quebec,Total population,Employment 7,Both sexes,2023,Persons,"4,506.00"
Quebec,Total population,Employment 7,Males,2023,Persons,"2,360.20"
Quebec,Total population,Employment 7,Females,2023,Persons,"2,145.80"
Quebec,Total population,Unemployment 8,Both sexes,2023,Persons,210.2
Quebec,Total population,Unemployment 8,Males,2023,Persons,121.3
Quebec,Total population,Unemployment 8,Females,2023,Persons,88.9
Quebec,Total population,Not in labour force 9,Both sexes,2023,Persons,"2,543.60"
Quebec,Total population,Not in labour force 9,Males,2023,Persons,"1,143.00"
Quebec,Total population,Not in labour force 9,Females,2023,Persons,"1,400.70"
Quebec,Total population,Population 5,Both sexes,2024,Persons,"7,432.20"
Quebec,Total population,Population 5,Males,2024,Persons,"3,722.50"
Quebec,Total population,Population 5,Females,2024,Persons,"3,709.60"
Quebec,Total population,Labour force 6,Both sexes,2024,Persons,"4,794.30"
Quebec,Total population,Labour force 6,Males,2024,Persons,"2,522.10"
Quebec,Total population,Labour force 6,Females,2024,Persons,"2,272.10"
Quebec,Total population,Employment 7,Both sexes,2024,Persons,"4,541.90"
Quebec,Total population,Employment 7,Males,2024,Persons,"2,380.00"
Quebec,Total population,Employment 7,Females,2024,Persons,"2,162.00"
Quebec,Total population,Unemployment 8,Both sexes,2024,Persons,252.4
Quebec,Total population,Unemployment 8,Males,2024,Persons,142.2
Quebec,Total population,Unemployment 8,Females,2024,Persons,110.2
Quebec,Total population,Not in labour force 9,Both sexes,2024,Persons,"2,637.90"
Quebec,Total population,Not in labour force 9,Males,2024,Persons,"1,200.40"
Quebec,Total population,Not in labour force 9,Females,2024,Persons,"1,437.50"
Quebec,Total population,Unemployment rate 10,Both sexes,2020,Percentage,9
Quebec,Total population,Unemployment rate 10,Males,2020,Percentage,9.1
Quebec,Total population,Unemployment rate 10,Females,2020,Percentage,8.8
Quebec,Total population,Participation rate 11,Both sexes,2020,Percentage,63.6
Quebec,Total population,Participation rate 11,Males,2020,Percentage,67.5
Quebec,Total population,Participation rate 11,Females,2020,Percentage,59.8
Quebec,Total population,Employment rate 12,Both sexes,2020,Percentage,57.9
Quebec,Total population,Employment rate 12,Males,2020,Percentage,61.3
Quebec,Total population,Employment rate 12,Females,2020,Percentage,54.5
Quebec,Total population,Unemployment rate 10,Both sexes,2021,Percentage,6.2
Quebec,Total population,Unemployment rate 10,Males,2021,Percentage,6.5
Quebec,Total population,Unemployment rate 10,Females,2021,Percentage,5.8
Quebec,Total population,Participation rate 11,Both sexes,2021,Percentage,64
Quebec,Total population,Participation rate 11,Males,2021,Percentage,67.8
Quebec,Total population,Participation rate 11,Females,2021,Percentage,60.3
Quebec,Total population,Employment rate 12,Both sexes,2021,Percentage,60.1
Quebec,Total population,Employment rate 12,Males,2021,Percentage,63.4
Quebec,Total population,Employment rate 12,Females,2021,Percentage,56.8
Quebec,Total population,Unemployment rate 10,Both sexes,2022,Percentage,4.3
Quebec,Total population,Unemployment rate 10,Males,2022,Percentage,4.5
Quebec,Total population,Unemployment rate 10,Females,2022,Percentage,4.1
Quebec,Total population,Participation rate 11,Both sexes,2022,Percentage,64.4
Quebec,Total population,Participation rate 11,Males,2022,Percentage,67.9
Quebec,Total population,Participation rate 11,Females,2022,Percentage,60.8
Quebec,Total population,Employment rate 12,Both sexes,2022,Percentage,61.6
Quebec,Total population,Employment rate 12,Males,2022,Percentage,64.9
Quebec,Total population,Employment rate 12,Females,2022,Percentage,58.4
Quebec,Total population,Unemployment rate 10,Both sexes,2023,Percentage,4.5
Quebec,Total population,Unemployment rate 10,Males,2023,Percentage,4.9
Quebec,Total population,Unemployment rate 10,Females,2023,Percentage,4
Quebec,Total population,Participation rate 11,Both sexes,2023,Percentage,65
Quebec,Total population,Participation rate 11,Males,2023,Percentage,68.5
Quebec,Total population,Participation rate 11,Females,2023,Percentage,61.5
Quebec,Total population,Employment rate 12,Both sexes,2023,Percentage,62.1
Quebec,Total population,Employment rate 12,Males,2023,Percentage,65.1
Quebec,Total population,Employment rate 12,Females,2023,Percentage,59
Quebec,Total population,Unemployment rate 10,Both sexes,2024,Percentage,5.3
Quebec,Total population,Unemployment rate 10,Males,2024,Percentage,5.6
Quebec,Total population,Unemployment rate 10,Females,2024,Percentage,4.8
Quebec,Total population,Participation rate 11,Both sexes,2024,Percentage,64.5
Quebec,Total population,Participation rate 11,Males,2024,Percentage,67.8
Quebec,Total population,Participation rate 11,Females,2024,Percentage,61.2
Quebec,Total population,Employment rate 12,Both sexes,2024,Percentage,61.1
Quebec,Total population,Employment rate 12,Males,2024,Percentage,63.9
Quebec,Total population,Employment rate 12,Females,2024,Percentage,58.3
Quebec,Indigenous population,Population 5,Both sexes,2020,Persons,135
Quebec,Indigenous population,Population 5,Males,2020,Persons,68.3
Quebec,Indigenous population,Population 5,Females,2020,Persons,66.6
Quebec,Indigenous population,Labour force 6,Both sexes,2020,Persons,72.7
Quebec,Indigenous population,Labour force 6,Males,2020,Persons,37.3
Quebec,Indigenous population,Labour force 6,Females,2020,Persons,35.4
Quebec,Indigenous population,Employment 7,Both sexes,2020,Persons,63
Quebec,Indigenous population,Employment 7,Males,2020,Persons,31
Quebec,Indigenous population,Employment 7,Females,2020,Persons,32
Quebec,Indigenous population,Unemployment 8,Both sexes,2020,Persons,9.7
Quebec,Indigenous population,Unemployment 8,Males,2020,Persons,6.3
Quebec,Indigenous population,Unemployment 8,Females,2020,Persons,
Quebec,Indigenous population,Not in labour force 9,Both sexes,2020,Persons,62.3
Quebec,Indigenous population,Not in labour force 9,Males,2020,Persons,31
Quebec,Indigenous population,Not in labour force 9,Females,2020,Persons,31.3
Quebec,Indigenous population,Population 5,Both sexes,2021,Persons,139.6
Quebec,Indigenous population,Population 5,Males,2021,Persons,70.7
Quebec,Indigenous population,Population 5,Females,2021,Persons,68.9
Quebec,Indigenous population,Labour force 6,Both sexes,2021,Persons,78.9
Quebec,Indigenous population,Labour force 6,Males,2021,Persons,39.1
Quebec,Indigenous population,Labour force 6,Females,2021,Persons,39.7
Quebec,Indigenous population,Employment 7,Both sexes,2021,Persons,72
Quebec,Indigenous population,Employment 7,Males,2021,Persons,35
Quebec,Indigenous population,Employment 7,Females,2021,Persons,37
Quebec,Indigenous population,Unemployment 8,Both sexes,2021,Persons,6.9
Quebec,Indigenous population,Unemployment 8,Males,2021,Persons,4.2
Quebec,Indigenous population,Unemployment 8,Females,2021,Persons,
Quebec,Indigenous population,Not in labour force 9,Both sexes,2021,Persons,60.7
Quebec,Indigenous population,Not in labour force 9,Males,2021,Persons,31.5
Quebec,Indigenous population,Not in labour force 9,Females,2021,Persons,29.1
Quebec,Indigenous population,Population 5,Both sexes,2022,Persons,143
Quebec,Indigenous population,Population 5,Males,2022,Persons,72.1
Quebec,Indigenous population,Population 5,Females,2022,Persons,70.8
Quebec,Indigenous population,Labour force 6,Both sexes,2022,Persons,91.4
Quebec,Indigenous population,Labour force 6,Males,2022,Persons,47.9
Quebec,Indigenous population,Labour force 6,Females,2022,Persons,43.5
Quebec,Indigenous population,Employment 7,Both sexes,2022,Persons,84.6
Quebec,Indigenous population,Employment 7,Males,2022,Persons,45.5
Quebec,Indigenous population,Employment 7,Females,2022,Persons,39.1
Quebec,Indigenous population,Unemployment 8,Both sexes,2022,Persons,6.8
Quebec,Indigenous population,Unemployment 8,Males,2022,Persons,
Quebec,Indigenous population,Unemployment 8,Females,2022,Persons,
Quebec,Indigenous population,Not in labour force 9,Both sexes,2022,Persons,51.5
Quebec,Indigenous population,Not in labour force 9,Males,2022,Persons,24.2
Quebec,Indigenous population,Not in labour force 9,Females,2022,Persons,27.3
Quebec,Indigenous population,Population 5,Both sexes,2023,Persons,146.9
Quebec,Indigenous population,Population 5,Males,2023,Persons,73.8
Quebec,Indigenous population,Population 5,Females,2023,Persons,73.1
Quebec,Indigenous population,Labour force 6,Both sexes,2023,Persons,81.9
Quebec,Indigenous population,Labour force 6,Males,2023,Persons,45.7
Quebec,Indigenous population,Labour force 6,Females,2023,Persons,36.1
Quebec,Indigenous population,Employment 7,Both sexes,2023,Persons,77
Quebec,Indigenous population,Employment 7,Males,2023,Persons,43.5
Quebec,Indigenous population,Employment 7,Females,2023,Persons,33.6
Quebec,Indigenous population,Unemployment 8,Both sexes,2023,Persons,4.8
Quebec,Indigenous population,Unemployment 8,Males,2023,Persons,
Quebec,Indigenous population,Unemployment 8,Females,2023,Persons,
Quebec,Indigenous population,Not in labour force 9,Both sexes,2023,Persons,65
Quebec,Indigenous population,Not in labour force 9,Males,2023,Persons,28
Quebec,Indigenous population,Not in labour force 9,Females,2023,Persons,37
Quebec,Indigenous population,Population 5,Both sexes,2024,Persons,151.7
Quebec,Indigenous population,Population 5,Males,2024,Persons,76
Quebec,Indigenous population,Population 5,Females,2024,Persons,75.6
Quebec,Indigenous population,Labour force 6,Both sexes,2024,Persons,93.5
Quebec,Indigenous population,Labour force 6,Males,2024,Persons,48.8
Quebec,Indigenous population,Labour force 6,Females,2024,Persons,44.7
Quebec,Indigenous population,Employment 7,Both sexes,2024,Persons,87
Quebec,Indigenous population,Employment 7,Males,2024,Persons,45.2
Quebec,Indigenous population,Employment 7,Females,2024,Persons,41.8
Quebec,Indigenous population,Unemployment 8,Both sexes,2024,Persons,6.5
Quebec,Indigenous population,Unemployment 8,Males,2024,Persons,3.6
Quebec,Indigenous population,Unemployment 8,Females,2024,Persons,2.8
Quebec,Indigenous population,Not in labour force 9,Both sexes,2024,Persons,58.2
Quebec,Indigenous population,Not in labour force 9,Males,2024,Persons,27.2
Quebec,Indigenous population,Not in labour force 9,Females,2024,Persons,31
Quebec,Indigenous population,Unemployment rate 10,Both sexes,2020,Percentage,13.3
Quebec,Indigenous population,Unemployment rate 10,Males,2020,Percentage,16.8
Quebec,Indigenous population,Unemployment rate 10,Females,2020,Percentage,
Quebec,Indigenous population,Participation rate 11,Both sexes,2020,Percentage,53.8
Quebec,Indigenous population,Participation rate 11,Males,2020,Percentage,54.6
Quebec,Indigenous population,Participation rate 11,Females,2020,Percentage,53.1
Quebec,Indigenous population,Employment rate 12,Both sexes,2020,Percentage,46.7
Quebec,Indigenous population,Employment rate 12,Males,2020,Percentage,45.4
Quebec,Indigenous population,Employment rate 12,Females,2020,Percentage,48
Quebec,Indigenous population,Unemployment rate 10,Both sexes,2021,Percentage,8.8
Quebec,Indigenous population,Unemployment rate 10,Males,2021,Percentage,10.7
Quebec,Indigenous population,Unemployment rate 10,Females,2021,Percentage,
Quebec,Indigenous population,Participation rate 11,Both sexes,2021,Percentage,56.5
Quebec,Indigenous population,Participation rate 11,Males,2021,Percentage,55.4
Quebec,Indigenous population,Participation rate 11,Females,2021,Percentage,57.7
Quebec,Indigenous population,Employment rate 12,Both sexes,2021,Percentage,51.6
Quebec,Indigenous population,Employment rate 12,Males,2021,Percentage,49.5
Quebec,Indigenous population,Employment rate 12,Females,2021,Percentage,53.7
Quebec,Indigenous population,Unemployment rate 10,Both sexes,2022,Percentage,7.5
Quebec,Indigenous population,Unemployment rate 10,Males,2022,Percentage,
Quebec,Indigenous population,Unemployment rate 10,Females,2022,Percentage,
Quebec,Indigenous population,Participation rate 11,Both sexes,2022,Percentage,64
Quebec,Indigenous population,Participation rate 11,Males,2022,Percentage,66.5
Quebec,Indigenous population,Participation rate 11,Females,2022,Percentage,61.4
Quebec,Indigenous population,Employment rate 12,Both sexes,2022,Percentage,59.2
Quebec,Indigenous population,Employment rate 12,Males,2022,Percentage,63.1
Quebec,Indigenous population,Employment rate 12,Females,2022,Percentage,55.2
Quebec,Indigenous population,Unemployment rate 10,Both sexes,2023,Percentage,5.9
Quebec,Indigenous population,Unemployment rate 10,Males,2023,Percentage,
Quebec,Indigenous population,Unemployment rate 10,Females,2023,Percentage,
Quebec,Indigenous population,Participation rate 11,Both sexes,2023,Percentage,55.7
Quebec,Indigenous population,Participation rate 11,Males,2023,Percentage,62
Quebec,Indigenous population,Participation rate 11,Females,2023,Percentage,49.4
Quebec,Indigenous population,Employment rate 12,Both sexes,2023,Percentage,52.5
Quebec,Indigenous population,Employment rate 12,Males,2023,Percentage,58.9
Quebec,Indigenous population,Employment rate 12,Females,2023,Percentage,46
Quebec,Indigenous population,Unemployment rate 10,Both sexes,2024,Percentage,6.9
Quebec,Indigenous population,Unemployment rate 10,Males,2024,Percentage,7.4
Quebec,Indigenous population,Unemployment rate 10,Females,2024,Percentage,6.4
Quebec,Indigenous population,Participation rate 11,Both sexes,2024,Percentage,61.6
Quebec,Indigenous population,Participation rate 11,Males,2024,Percentage,64.2
Quebec,Indigenous population,Participation rate 11,Females,2024,Percentage,59.1
Quebec,Indigenous population,Employment rate 12,Both sexes,2024,Percentage,57.4
Quebec,Indigenous population,Employment rate 12,Males,2024,Percentage,59.4
Quebec,Indigenous population,Employment rate 12,Females,2024,Percentage,55.3
Quebec,Non-Indigenous population,Population 5,Both sexes,2020,Persons,"6,918.50"
Quebec,Non-Indigenous population,Population 5,Males,2020,Persons,"3,446.10"
Quebec,Non-Indigenous population,Population 5,Females,2020,Persons,"3,472.40"
Quebec,Non-Indigenous population,Labour force 6,Both sexes,2020,Persons,"4,414.50"
Quebec,Non-Indigenous population,Labour force 6,Males,2020,Persons,"2,334.20"
Quebec,Non-Indigenous population,Labour force 6,Females,2020,Persons,"2,080.30"
Quebec,Non-Indigenous population,Employment 7,Both sexes,2020,Persons,"4,022.00"
Quebec,Non-Indigenous population,Employment 7,Males,2020,Persons,"2,123.90"
Quebec,Non-Indigenous population,Employment 7,Females,2020,Persons,"1,898.20"
Quebec,Non-Indigenous population,Unemployment 8,Both sexes,2020,Persons,392.5
Quebec,Non-Indigenous population,Unemployment 8,Males,2020,Persons,210.3
Quebec,Non-Indigenous population,Unemployment 8,Females,2020,Persons,182.2
Quebec,Non-Indigenous population,Not in labour force 9,Both sexes,2020,Persons,"2,504.00"
Quebec,Non-Indigenous population,Not in labour force 9,Males,2020,Persons,"1,111.90"
Quebec,Non-Indigenous population,Not in labour force 9,Females,2020,Persons,"1,392.10"
Quebec,Non-Indigenous population,Population 5,Both sexes,2021,Persons,"6,959.40"
Quebec,Non-Indigenous population,Population 5,Males,2021,Persons,"3,468.10"
Quebec,Non-Indigenous population,Population 5,Females,2021,Persons,"3,491.20"
Quebec,Non-Indigenous population,Labour force 6,Both sexes,2021,Persons,"4,467.90"
Quebec,Non-Indigenous population,Labour force 6,Males,2021,Persons,"2,360.90"
Quebec,Non-Indigenous population,Labour force 6,Females,2021,Persons,"2,107.10"
Quebec,Non-Indigenous population,Employment 7,Both sexes,2021,Persons,"4,194.70"
Quebec,Non-Indigenous population,Employment 7,Males,2021,Persons,"2,209.50"
Quebec,Non-Indigenous population,Employment 7,Females,2021,Persons,"1,985.20"
Quebec,Non-Indigenous population,Unemployment 8,Both sexes,2021,Persons,273.2
Quebec,Non-Indigenous population,Unemployment 8,Males,2021,Persons,151.4
Quebec,Non-Indigenous population,Unemployment 8,Females,2021,Persons,121.9
Quebec,Non-Indigenous population,Not in labour force 9,Both sexes,2021,Persons,"2,491.40"
Quebec,Non-Indigenous population,Not in labour force 9,Males,2021,Persons,"1,107.30"
Quebec,Non-Indigenous population,Not in labour force 9,Females,2021,Persons,"1,384.20"
Quebec,Non-Indigenous population,Population 5,Both sexes,2022,Persons,"7,013.30"
Quebec,Non-Indigenous population,Population 5,Males,2022,Persons,"3,495.90"
Quebec,Non-Indigenous population,Population 5,Females,2022,Persons,"3,517.40"
Quebec,Non-Indigenous population,Labour force 6,Both sexes,2022,Persons,"4,515.90"
Quebec,Non-Indigenous population,Labour force 6,Males,2022,Persons,"2,376.40"
Quebec,Non-Indigenous population,Labour force 6,Females,2022,Persons,"2,139.50"
Quebec,Non-Indigenous population,Employment 7,Both sexes,2022,Persons,"4,324.00"
Quebec,Non-Indigenous population,Employment 7,Males,2022,Persons,"2,268.90"
Quebec,Non-Indigenous population,Employment 7,Females,2022,Persons,"2,055.10"
Quebec,Non-Indigenous population,Unemployment 8,Both sexes,2022,Persons,191.8
Quebec,Non-Indigenous population,Unemployment 8,Males,2022,Persons,107.5
Quebec,Non-Indigenous population,Unemployment 8,Females,2022,Persons,84.4
Quebec,Non-Indigenous population,Not in labour force 9,Both sexes,2022,Persons,"2,497.40"
Quebec,Non-Indigenous population,Not in labour force 9,Males,2022,Persons,"1,119.50"
Quebec,Non-Indigenous population,Not in labour force 9,Females,2022,Persons,"1,377.90"
Quebec,Non-Indigenous population,Population 5,Both sexes,2023,Persons,"7,112.90"
Quebec,Non-Indigenous population,Population 5,Males,2023,Persons,"3,550.60"
Quebec,Non-Indigenous population,Population 5,Females,2023,Persons,"3,562.30"
Quebec,Non-Indigenous population,Labour force 6,Both sexes,2023,Persons,"4,634.30"
Quebec,Non-Indigenous population,Labour force 6,Males,2023,Persons,"2,435.70"
Quebec,Non-Indigenous population,Labour force 6,Females,2023,Persons,"2,198.60"
Quebec,Non-Indigenous population,Employment 7,Both sexes,2023,Persons,"4,428.90"
Quebec,Non-Indigenous population,Employment 7,Males,2023,Persons,"2,316.70"
Quebec,Non-Indigenous population,Employment 7,Females,2023,Persons,"2,112.20"
Quebec,Non-Indigenous population,Unemployment 8,Both sexes,2023,Persons,205.4
Quebec,Non-Indigenous population,Unemployment 8,Males,2023,Persons,119
Quebec,Non-Indigenous population,Unemployment 8,Females,2023,Persons,86.4
Quebec,Non-Indigenous population,Not in labour force 9,Both sexes,2023,Persons,"2,478.60"
Quebec,Non-Indigenous population,Not in labour force 9,Males,2023,Persons,"1,114.90"
Quebec,Non-Indigenous population,Not in labour force 9,Females,2023,Persons,"1,363.70"
Quebec,Non-Indigenous population,Population 5,Both sexes,2024,Persons,"7,280.50"
Quebec,Non-Indigenous population,Population 5,Males,2024,Persons,"3,646.50"
Quebec,Non-Indigenous population,Population 5,Females,2024,Persons,"3,634.00"
Quebec,Non-Indigenous population,Labour force 6,Both sexes,2024,Persons,"4,700.80"
Quebec,Non-Indigenous population,Labour force 6,Males,2024,Persons,"2,473.30"
Quebec,Non-Indigenous population,Labour force 6,Females,2024,Persons,"2,227.50"
Quebec,Non-Indigenous population,Employment 7,Both sexes,2024,Persons,"4,454.90"
Quebec,Non-Indigenous population,Employment 7,Males,2024,Persons,"2,334.80"
Quebec,Non-Indigenous population,Employment 7,Females,2024,Persons,"2,120.10"
Quebec,Non-Indigenous population,Unemployment 8,Both sexes,2024,Persons,245.9
Quebec,Non-Indigenous population,Unemployment 8,Males,2024,Persons,138.5
Quebec,Non-Indigenous population,Unemployment 8,Females,2024,Persons,107.4
Quebec,Non-Indigenous population,Not in labour force 9,Both sexes,2024,Persons,"2,579.70"
Quebec,Non-Indigenous population,Not in labour force 9,Males,2024,Persons,"1,173.20"
Quebec,Non-Indigenous population,Not in labour force 9,Females,2024,Persons,"1,406.50"
Quebec,Non-Indigenous population,Unemployment rate 10,Both sexes,2020,Percentage,8.9
Quebec,Non-Indigenous population,Unemployment rate 10,Males,2020,Percentage,9
Quebec,Non-Indigenous population,Unemployment rate 10,Females,2020,Percentage,8.8
Quebec,Non-Indigenous population,Participation rate 11,Both sexes,2020,Percentage,63.8
Quebec,Non-Indigenous population,Participation rate 11,Males,2020,Percentage,67.7
Quebec,Non-Indigenous population,Participation rate 11,Females,2020,Percentage,59.9
Quebec,Non-Indigenous population,Employment rate 12,Both sexes,2020,Percentage,58.1
Quebec,Non-Indigenous population,Employment rate 12,Males,2020,Percentage,61.6
Quebec,Non-Indigenous population,Employment rate 12,Females,2020,Percentage,54.7
Quebec,Non-Indigenous population,Unemployment rate 10,Both sexes,2021,Percentage,6.1
Quebec,Non-Indigenous population,Unemployment rate 10,Males,2021,Percentage,6.4
Quebec,Non-Indigenous population,Unemployment rate 10,Females,2021,Percentage,5.8
Quebec,Non-Indigenous population,Participation rate 11,Both sexes,2021,Percentage,64.2
Quebec,Non-Indigenous population,Participation rate 11,Males,2021,Percentage,68.1
Quebec,Non-Indigenous population,Participation rate 11,Females,2021,Percentage,60.4
Quebec,Non-Indigenous population,Employment rate 12,Both sexes,2021,Percentage,60.3
Quebec,Non-Indigenous population,Employment rate 12,Males,2021,Percentage,63.7
Quebec,Non-Indigenous population,Employment rate 12,Females,2021,Percentage,56.9
Quebec,Non-Indigenous population,Unemployment rate 10,Both sexes,2022,Percentage,4.2
Quebec,Non-Indigenous population,Unemployment rate 10,Males,2022,Percentage,4.5
Quebec,Non-Indigenous population,Unemployment rate 10,Females,2022,Percentage,3.9
Quebec,Non-Indigenous population,Participation rate 11,Both sexes,2022,Percentage,64.4
Quebec,Non-Indigenous population,Participation rate 11,Males,2022,Percentage,68
Quebec,Non-Indigenous population,Participation rate 11,Females,2022,Percentage,60.8
Quebec,Non-Indigenous population,Employment rate 12,Both sexes,2022,Percentage,61.7
Quebec,Non-Indigenous population,Employment rate 12,Males,2022,Percentage,64.9
Quebec,Non-Indigenous population,Employment rate 12,Females,2022,Percentage,58.4
Quebec,Non-Indigenous population,Unemployment rate 10,Both sexes,2023,Percentage,4.4
Quebec,Non-Indigenous population,Unemployment rate 10,Males,2023,Percentage,4.9
Quebec,Non-Indigenous population,Unemployment rate 10,Females,2023,Percentage,3.9
Quebec,Non-Indigenous population,Participation rate 11,Both sexes,2023,Percentage,65.2
Quebec,Non-Indigenous population,Participation rate 11,Males,2023,Percentage,68.6
Quebec,Non-Indigenous population,Participation rate 11,Females,2023,Percentage,61.7
Quebec,Non-Indigenous population,Employment rate 12,Both sexes,2023,Percentage,62.3
Quebec,Non-Indigenous population,Employment rate 12,Males,2023,Percentage,65.2
Quebec,Non-Indigenous population,Employment rate 12,Females,2023,Percentage,59.3
Quebec,Non-Indigenous population,Unemployment rate 10,Both sexes,2024,Percentage,5.2
Quebec,Non-Indigenous population,Unemployment rate 10,Males,2024,Percentage,5.6
Quebec,Non-Indigenous population,Unemployment rate 10,Females,2024,Percentage,4.8
Quebec,Non-Indigenous population,Participation rate 11,Both sexes,2024,Percentage,64.6
Quebec,Non-Indigenous population,Participation rate 11,Males,2024,Percentage,67.8
Quebec,Non-Indigenous population,Participation rate 11,Females,2024,Percentage,61.3
Quebec,Non-Indigenous population,Employment rate 12,Both sexes,2024,Percentage,61.2
Quebec,Non-Indigenous population,Employment rate 12,Males,2024,Percentage,64
Quebec,Non-Indigenous population,Employment rate 12,Females,2024,Percentage,58.3
Ontario,Total population,Population 5,Both sexes,2020,Persons,"12,217.70"
Ontario,Total population,Population 5,Males,2020,Persons,"5,998.30"
Ontario,Total population,Population 5,Females,2020,Persons,"6,219.40"
Ontario,Total population,Labour force 6,Both sexes,2020,Persons,"7,779.70"
Ontario,Total population,Labour force 6,Males,2020,Persons,"4,109.80"
Ontario,Total population,Labour force 6,Females,2020,Persons,"3,669.90"
Ontario,Total population,Employment 7,Both sexes,2020,Persons,"7,017.80"
Ontario,Total population,Employment 7,Males,2020,Persons,"3,714.60"
Ontario,Total population,Employment 7,Females,2020,Persons,"3,303.10"
Ontario,Total population,Unemployment 8,Both sexes,2020,Persons,761.9
Ontario,Total population,Unemployment 8,Males,2020,Persons,395.1
Ontario,Total population,Unemployment 8,Females,2020,Persons,366.8
Ontario,Total population,Not in labour force 9,Both sexes,2020,Persons,"4,438.00"
Ontario,Total population,Not in labour force 9,Males,2020,Persons,"1,888.50"
Ontario,Total population,Not in labour force 9,Females,2020,Persons,"2,549.50"
Ontario,Total population,Population 5,Both sexes,2021,Persons,"12,341.00"
Ontario,Total population,Population 5,Males,2021,Persons,"6,059.80"
Ontario,Total population,Population 5,Females,2021,Persons,"6,281.20"
Ontario,Total population,Labour force 6,Both sexes,2021,Persons,"8,041.50"
Ontario,Total population,Labour force 6,Males,2021,Persons,"4,231.20"
Ontario,Total population,Labour force 6,Females,2021,Persons,"3,810.30"
Ontario,Total population,Employment 7,Both sexes,2021,Persons,"7,385.10"
Ontario,Total population,Employment 7,Males,2021,Persons,"3,887.10"
Ontario,Total population,Employment 7,Females,2021,Persons,"3,498.00"
Ontario,Total population,Unemployment 8,Both sexes,2021,Persons,656.4
Ontario,Total population,Unemployment 8,Males,2021,Persons,344.1
Ontario,Total population,Unemployment 8,Females,2021,Persons,312.4
Ontario,Total population,Not in labour force 9,Both sexes,2021,Persons,"4,299.40"
Ontario,Total population,Not in labour force 9,Males,2021,Persons,"1,828.60"
Ontario,Total population,Not in labour force 9,Females,2021,Persons,"2,470.80"
Ontario,Total population,Population 5,Both sexes,2022,Persons,"12,517.20"
Ontario,Total population,Population 5,Males,2022,Persons,"6,148.20"
Ontario,Total population,Population 5,Females,2022,Persons,"6,369.00"
Ontario,Total population,Labour force 6,Both sexes,2022,Persons,"8,180.50"
Ontario,Total population,Labour force 6,Males,2022,Persons,"4,288.80"
Ontario,Total population,Labour force 6,Females,2022,Persons,"3,891.70"
Ontario,Total population,Employment 7,Both sexes,2022,Persons,"7,718.60"
Ontario,Total population,Employment 7,Males,2022,Persons,"4,051.90"
Ontario,Total population,Employment 7,Females,2022,Persons,"3,666.70"
Ontario,Total population,Unemployment 8,Both sexes,2022,Persons,461.8
Ontario,Total population,Unemployment 8,Males,2022,Persons,236.8
Ontario,Total population,Unemployment 8,Females,2022,Persons,225
Ontario,Total population,Not in labour force 9,Both sexes,2022,Persons,"4,336.70"
Ontario,Total population,Not in labour force 9,Males,2022,Persons,"1,859.40"
Ontario,Total population,Not in labour force 9,Females,2022,Persons,"2,477.30"
Ontario,Total population,Population 5,Both sexes,2023,Persons,"12,809.60"
Ontario,Total population,Population 5,Males,2023,Persons,"6,304.30"
Ontario,Total population,Population 5,Females,2023,Persons,"6,505.30"
Ontario,Total population,Labour force 6,Both sexes,2023,Persons,"8,387.90"
Ontario,Total population,Labour force 6,Males,2023,Persons,"4,405.80"
Ontario,Total population,Labour force 6,Females,2023,Persons,"3,982.10"
Ontario,Total population,Employment 7,Both sexes,2023,Persons,"7,907.90"
Ontario,Total population,Employment 7,Males,2023,Persons,"4,158.40"
Ontario,Total population,Employment 7,Females,2023,Persons,"3,749.50"
Ontario,Total population,Unemployment 8,Both sexes,2023,Persons,480
Ontario,Total population,Unemployment 8,Males,2023,Persons,247.5
Ontario,Total population,Unemployment 8,Females,2023,Persons,232.5
Ontario,Total population,Not in labour force 9,Both sexes,2023,Persons,"4,421.70"
Ontario,Total population,Not in labour force 9,Males,2023,Persons,"1,898.50"
Ontario,Total population,Not in labour force 9,Females,2023,Persons,"2,523.30"
Ontario,Total population,Population 5,Both sexes,2024,Persons,"13,296.70"
Ontario,Total population,Population 5,Males,2024,Persons,"6,569.60"
Ontario,Total population,Population 5,Females,2024,Persons,"6,727.10"
Ontario,Total population,Labour force 6,Both sexes,2024,Persons,"8,639.40"
Ontario,Total population,Labour force 6,Males,2024,Persons,"4,558.00"
Ontario,Total population,Labour force 6,Females,2024,Persons,"4,081.40"
Ontario,Total population,Employment 7,Both sexes,2024,Persons,"8,037.50"
Ontario,Total population,Employment 7,Males,2024,Persons,"4,224.90"
Ontario,Total population,Employment 7,Females,2024,Persons,"3,812.60"
Ontario,Total population,Unemployment 8,Both sexes,2024,Persons,602
Ontario,Total population,Unemployment 8,Males,2024,Persons,333.2
Ontario,Total population,Unemployment 8,Females,2024,Persons,268.8
Ontario,Total population,Not in labour force 9,Both sexes,2024,Persons,"4,657.20"
Ontario,Total population,Not in labour force 9,Males,2024,Persons,"2,011.50"
Ontario,Total population,Not in labour force 9,Females,2024,Persons,"2,645.70"
Ontario,Total population,Unemployment rate 10,Both sexes,2020,Percentage,9.8
Ontario,Total population,Unemployment rate 10,Males,2020,Percentage,9.6
Ontario,Total population,Unemployment rate 10,Females,2020,Percentage,10
Ontario,Total population,Participation rate 11,Both sexes,2020,Percentage,63.7
Ontario,Total population,Participation rate 11,Males,2020,Percentage,68.5
Ontario,Total population,Participation rate 11,Females,2020,Percentage,59
Ontario,Total population,Employment rate 12,Both sexes,2020,Percentage,57.4
Ontario,Total population,Employment rate 12,Males,2020,Percentage,61.9
Ontario,Total population,Employment rate 12,Females,2020,Percentage,53.1
Ontario,Total population,Unemployment rate 10,Both sexes,2021,Percentage,8.2
Ontario,Total population,Unemployment rate 10,Males,2021,Percentage,8.1
Ontario,Total population,Unemployment rate 10,Females,2021,Percentage,8.2
Ontario,Total population,Participation rate 11,Both sexes,2021,Percentage,65.2
Ontario,Total population,Participation rate 11,Males,2021,Percentage,69.8
Ontario,Total population,Participation rate 11,Females,2021,Percentage,60.7
Ontario,Total population,Employment rate 12,Both sexes,2021,Percentage,59.8
Ontario,Total population,Employment rate 12,Males,2021,Percentage,64.1
Ontario,Total population,Employment rate 12,Females,2021,Percentage,55.7
Ontario,Total population,Unemployment rate 10,Both sexes,2022,Percentage,5.6
Ontario,Total population,Unemployment rate 10,Males,2022,Percentage,5.5
Ontario,Total population,Unemployment rate 10,Females,2022,Percentage,5.8
Ontario,Total population,Participation rate 11,Both sexes,2022,Percentage,65.4
Ontario,Total population,Participation rate 11,Males,2022,Percentage,69.8
Ontario,Total population,Participation rate 11,Females,2022,Percentage,61.1
Ontario,Total population,Employment rate 12,Both sexes,2022,Percentage,61.7
Ontario,Total population,Employment rate 12,Males,2022,Percentage,65.9
Ontario,Total population,Employment rate 12,Females,2022,Percentage,57.6
Ontario,Total population,Unemployment rate 10,Both sexes,2023,Percentage,5.7
Ontario,Total population,Unemployment rate 10,Males,2023,Percentage,5.6
Ontario,Total population,Unemployment rate 10,Females,2023,Percentage,5.8
Ontario,Total population,Participation rate 11,Both sexes,2023,Percentage,65.5
Ontario,Total population,Participation rate 11,Males,2023,Percentage,69.9
Ontario,Total population,Participation rate 11,Females,2023,Percentage,61.2
Ontario,Total population,Employment rate 12,Both sexes,2023,Percentage,61.7
Ontario,Total population,Employment rate 12,Males,2023,Percentage,66
Ontario,Total population,Employment rate 12,Females,2023,Percentage,57.6
Ontario,Total population,Unemployment rate 10,Both sexes,2024,Percentage,7
Ontario,Total population,Unemployment rate 10,Males,2024,Percentage,7.3
Ontario,Total population,Unemployment rate 10,Females,2024,Percentage,6.6
Ontario,Total population,Participation rate 11,Both sexes,2024,Percentage,65
Ontario,Total population,Participation rate 11,Males,2024,Percentage,69.4
Ontario,Total population,Participation rate 11,Females,2024,Percentage,60.7
Ontario,Total population,Employment rate 12,Both sexes,2024,Percentage,60.4
Ontario,Total population,Employment rate 12,Males,2024,Percentage,64.3
Ontario,Total population,Employment rate 12,Females,2024,Percentage,56.7
Ontario,Indigenous population,Population 5,Both sexes,2020,Persons,295.8
Ontario,Indigenous population,Population 5,Males,2020,Persons,142.1
Ontario,Indigenous population,Population 5,Females,2020,Persons,153.7
Ontario,Indigenous population,Labour force 6,Both sexes,2020,Persons,175.2
Ontario,Indigenous population,Labour force 6,Males,2020,Persons,93.3
Ontario,Indigenous population,Labour force 6,Females,2020,Persons,81.9
Ontario,Indigenous population,Employment 7,Both sexes,2020,Persons,155
Ontario,Indigenous population,Employment 7,Males,2020,Persons,81.9
Ontario,Indigenous population,Employment 7,Females,2020,Persons,73.1
Ontario,Indigenous population,Unemployment 8,Both sexes,2020,Persons,20.2
Ontario,Indigenous population,Unemployment 8,Males,2020,Persons,11.4
Ontario,Indigenous population,Unemployment 8,Females,2020,Persons,8.8
Ontario,Indigenous population,Not in labour force 9,Both sexes,2020,Persons,120.6
Ontario,Indigenous population,Not in labour force 9,Males,2020,Persons,48.8
Ontario,Indigenous population,Not in labour force 9,Females,2020,Persons,71.9
Ontario,Indigenous population,Population 5,Both sexes,2021,Persons,306.6
Ontario,Indigenous population,Population 5,Males,2021,Persons,147.7
Ontario,Indigenous population,Population 5,Females,2021,Persons,159
Ontario,Indigenous population,Labour force 6,Both sexes,2021,Persons,190.5
Ontario,Indigenous population,Labour force 6,Males,2021,Persons,97.5
Ontario,Indigenous population,Labour force 6,Females,2021,Persons,93
Ontario,Indigenous population,Employment 7,Both sexes,2021,Persons,171.3
Ontario,Indigenous population,Employment 7,Males,2021,Persons,86.7
Ontario,Indigenous population,Employment 7,Females,2021,Persons,84.5
Ontario,Indigenous population,Unemployment 8,Both sexes,2021,Persons,19.3
Ontario,Indigenous population,Unemployment 8,Males,2021,Persons,10.8
Ontario,Indigenous population,Unemployment 8,Females,2021,Persons,8.5
Ontario,Indigenous population,Not in labour force 9,Both sexes,2021,Persons,116.1
Ontario,Indigenous population,Not in labour force 9,Males,2021,Persons,50.1
Ontario,Indigenous population,Not in labour force 9,Females,2021,Persons,66
Ontario,Indigenous population,Population 5,Both sexes,2022,Persons,317.1
Ontario,Indigenous population,Population 5,Males,2022,Persons,153.3
Ontario,Indigenous population,Population 5,Females,2022,Persons,163.8
Ontario,Indigenous population,Labour force 6,Both sexes,2022,Persons,203.3
Ontario,Indigenous population,Labour force 6,Males,2022,Persons,99.1
Ontario,Indigenous population,Labour force 6,Females,2022,Persons,104.2
Ontario,Indigenous population,Employment 7,Both sexes,2022,Persons,188.9
Ontario,Indigenous population,Employment 7,Males,2022,Persons,91
Ontario,Indigenous population,Employment 7,Females,2022,Persons,98
Ontario,Indigenous population,Unemployment 8,Both sexes,2022,Persons,14.4
Ontario,Indigenous population,Unemployment 8,Males,2022,Persons,8.1
Ontario,Indigenous population,Unemployment 8,Females,2022,Persons,6.3
Ontario,Indigenous population,Not in labour force 9,Both sexes,2022,Persons,113.8
Ontario,Indigenous population,Not in labour force 9,Males,2022,Persons,54.2
Ontario,Indigenous population,Not in labour force 9,Females,2022,Persons,59.6
Ontario,Indigenous population,Population 5,Both sexes,2023,Persons,327.5
Ontario,Indigenous population,Population 5,Males,2023,Persons,158.6
Ontario,Indigenous population,Population 5,Females,2023,Persons,168.9
Ontario,Indigenous population,Labour force 6,Both sexes,2023,Persons,216.7
Ontario,Indigenous population,Labour force 6,Males,2023,Persons,110.9
Ontario,Indigenous population,Labour force 6,Females,2023,Persons,105.9
Ontario,Indigenous population,Employment 7,Both sexes,2023,Persons,198.8
Ontario,Indigenous population,Employment 7,Males,2023,Persons,101.3
Ontario,Indigenous population,Employment 7,Females,2023,Persons,97.6
Ontario,Indigenous population,Unemployment 8,Both sexes,2023,Persons,17.9
Ontario,Indigenous population,Unemployment 8,Males,2023,Persons,9.6
Ontario,Indigenous population,Unemployment 8,Females,2023,Persons,8.3
Ontario,Indigenous population,Not in labour force 9,Both sexes,2023,Persons,110.8
Ontario,Indigenous population,Not in labour force 9,Males,2023,Persons,47.7
Ontario,Indigenous population,Not in labour force 9,Females,2023,Persons,63
Ontario,Indigenous population,Population 5,Both sexes,2024,Persons,338.5
Ontario,Indigenous population,Population 5,Males,2024,Persons,164.1
Ontario,Indigenous population,Population 5,Females,2024,Persons,174.4
Ontario,Indigenous population,Labour force 6,Both sexes,2024,Persons,210.5
Ontario,Indigenous population,Labour force 6,Males,2024,Persons,106.2
Ontario,Indigenous population,Labour force 6,Females,2024,Persons,104.3
Ontario,Indigenous population,Employment 7,Both sexes,2024,Persons,189.6
Ontario,Indigenous population,Employment 7,Males,2024,Persons,93.6
Ontario,Indigenous population,Employment 7,Females,2024,Persons,96
Ontario,Indigenous population,Unemployment 8,Both sexes,2024,Persons,21
Ontario,Indigenous population,Unemployment 8,Males,2024,Persons,12.6
Ontario,Indigenous population,Unemployment 8,Females,2024,Persons,8.3
Ontario,Indigenous population,Not in labour force 9,Both sexes,2024,Persons,127.9
Ontario,Indigenous population,Not in labour force 9,Males,2024,Persons,57.9
Ontario,Indigenous population,Not in labour force 9,Females,2024,Persons,70.1
Ontario,Indigenous population,Unemployment rate 10,Both sexes,2020,Percentage,11.5
Ontario,Indigenous population,Unemployment rate 10,Males,2020,Percentage,12.2
Ontario,Indigenous population,Unemployment rate 10,Females,2020,Percentage,10.8
Ontario,Indigenous population,Participation rate 11,Both sexes,2020,Percentage,59.2
Ontario,Indigenous population,Participation rate 11,Males,2020,Percentage,65.7
Ontario,Indigenous population,Participation rate 11,Females,2020,Percentage,53.3
Ontario,Indigenous population,Employment rate 12,Both sexes,2020,Percentage,52.4
Ontario,Indigenous population,Employment rate 12,Males,2020,Percentage,57.6
Ontario,Indigenous population,Employment rate 12,Females,2020,Percentage,47.5
Ontario,Indigenous population,Unemployment rate 10,Both sexes,2021,Percentage,10.1
Ontario,Indigenous population,Unemployment rate 10,Males,2021,Percentage,11.1
Ontario,Indigenous population,Unemployment rate 10,Females,2021,Percentage,9.1
Ontario,Indigenous population,Participation rate 11,Both sexes,2021,Percentage,62.1
Ontario,Indigenous population,Participation rate 11,Males,2021,Percentage,66
Ontario,Indigenous population,Participation rate 11,Females,2021,Percentage,58.5
Ontario,Indigenous population,Employment rate 12,Both sexes,2021,Percentage,55.9
Ontario,Indigenous population,Employment rate 12,Males,2021,Percentage,58.7
Ontario,Indigenous population,Employment rate 12,Females,2021,Percentage,53.2
Ontario,Indigenous population,Unemployment rate 10,Both sexes,2022,Percentage,7.1
Ontario,Indigenous population,Unemployment rate 10,Males,2022,Percentage,8.2
Ontario,Indigenous population,Unemployment rate 10,Females,2022,Percentage,6
Ontario,Indigenous population,Participation rate 11,Both sexes,2022,Percentage,64.1
Ontario,Indigenous population,Participation rate 11,Males,2022,Percentage,64.7
Ontario,Indigenous population,Participation rate 11,Females,2022,Percentage,63.6
Ontario,Indigenous population,Employment rate 12,Both sexes,2022,Percentage,59.6
Ontario,Indigenous population,Employment rate 12,Males,2022,Percentage,59.4
Ontario,Indigenous population,Employment rate 12,Females,2022,Percentage,59.8
Ontario,Indigenous population,Unemployment rate 10,Both sexes,2023,Percentage,8.3
Ontario,Indigenous population,Unemployment rate 10,Males,2023,Percentage,8.7
Ontario,Indigenous population,Unemployment rate 10,Females,2023,Percentage,7.8
Ontario,Indigenous population,Participation rate 11,Both sexes,2023,Percentage,66.2
Ontario,Indigenous population,Participation rate 11,Males,2023,Percentage,69.9
Ontario,Indigenous population,Participation rate 11,Females,2023,Percentage,62.7
Ontario,Indigenous population,Employment rate 12,Both sexes,2023,Percentage,60.7
Ontario,Indigenous population,Employment rate 12,Males,2023,Percentage,63.8
Ontario,Indigenous population,Employment rate 12,Females,2023,Percentage,57.8
Ontario,Indigenous population,Unemployment rate 10,Both sexes,2024,Percentage,10
Ontario,Indigenous population,Unemployment rate 10,Males,2024,Percentage,11.9
Ontario,Indigenous population,Unemployment rate 10,Females,2024,Percentage,8
Ontario,Indigenous population,Participation rate 11,Both sexes,2024,Percentage,62.2
Ontario,Indigenous population,Participation rate 11,Males,2024,Percentage,64.7
Ontario,Indigenous population,Participation rate 11,Females,2024,Percentage,59.8
Ontario,Indigenous population,Employment rate 12,Both sexes,2024,Percentage,56
Ontario,Indigenous population,Employment rate 12,Males,2024,Percentage,57
Ontario,Indigenous population,Employment rate 12,Females,2024,Percentage,55.1
Ontario,Non-Indigenous population,Population 5,Both sexes,2020,Persons,"11,921.90"
Ontario,Non-Indigenous population,Population 5,Males,2020,Persons,"5,856.20"
Ontario,Non-Indigenous population,Population 5,Females,2020,Persons,"6,065.70"
Ontario,Non-Indigenous population,Labour force 6,Both sexes,2020,Persons,"7,604.50"
Ontario,Non-Indigenous population,Labour force 6,Males,2020,Persons,"4,016.50"
Ontario,Non-Indigenous population,Labour force 6,Females,2020,Persons,"3,588.10"
Ontario,Non-Indigenous population,Employment 7,Both sexes,2020,Persons,"6,862.80"
Ontario,Non-Indigenous population,Employment 7,Males,2020,Persons,"3,632.70"
Ontario,Non-Indigenous population,Employment 7,Females,2020,Persons,"3,230.10"
Ontario,Non-Indigenous population,Unemployment 8,Both sexes,2020,Persons,741.7
Ontario,Non-Indigenous population,Unemployment 8,Males,2020,Persons,383.7
Ontario,Non-Indigenous population,Unemployment 8,Females,2020,Persons,358
Ontario,Non-Indigenous population,Not in labour force 9,Both sexes,2020,Persons,"4,317.40"
Ontario,Non-Indigenous population,Not in labour force 9,Males,2020,Persons,"1,839.70"
Ontario,Non-Indigenous population,Not in labour force 9,Females,2020,Persons,"2,477.60"
Ontario,Non-Indigenous population,Population 5,Both sexes,2021,Persons,"12,034.30"
Ontario,Non-Indigenous population,Population 5,Males,2021,Persons,"5,912.10"
Ontario,Non-Indigenous population,Population 5,Females,2021,Persons,"6,122.20"
Ontario,Non-Indigenous population,Labour force 6,Both sexes,2021,Persons,"7,851.00"
Ontario,Non-Indigenous population,Labour force 6,Males,2021,Persons,"4,133.70"
Ontario,Non-Indigenous population,Labour force 6,Females,2021,Persons,"3,717.30"
Ontario,Non-Indigenous population,Employment 7,Both sexes,2021,Persons,"7,213.80"
Ontario,Non-Indigenous population,Employment 7,Males,2021,Persons,"3,800.40"
Ontario,Non-Indigenous population,Employment 7,Females,2021,Persons,"3,413.50"
Ontario,Non-Indigenous population,Unemployment 8,Both sexes,2021,Persons,637.2
Ontario,Non-Indigenous population,Unemployment 8,Males,2021,Persons,333.3
Ontario,Non-Indigenous population,Unemployment 8,Females,2021,Persons,303.9
Ontario,Non-Indigenous population,Not in labour force 9,Both sexes,2021,Persons,"4,183.30"
Ontario,Non-Indigenous population,Not in labour force 9,Males,2021,Persons,"1,778.50"
Ontario,Non-Indigenous population,Not in labour force 9,Females,2021,Persons,"2,404.90"
Ontario,Non-Indigenous population,Population 5,Both sexes,2022,Persons,"12,200.00"
Ontario,Non-Indigenous population,Population 5,Males,2022,Persons,"5,994.90"
Ontario,Non-Indigenous population,Population 5,Females,2022,Persons,"6,205.10"
Ontario,Non-Indigenous population,Labour force 6,Both sexes,2022,Persons,"7,977.10"
Ontario,Non-Indigenous population,Labour force 6,Males,2022,Persons,"4,189.60"
Ontario,Non-Indigenous population,Labour force 6,Females,2022,Persons,"3,787.50"
Ontario,Non-Indigenous population,Employment 7,Both sexes,2022,Persons,"7,529.70"
Ontario,Non-Indigenous population,Employment 7,Males,2022,Persons,"3,961.00"
Ontario,Non-Indigenous population,Employment 7,Females,2022,Persons,"3,568.70"
Ontario,Non-Indigenous population,Unemployment 8,Both sexes,2022,Persons,447.4
Ontario,Non-Indigenous population,Unemployment 8,Males,2022,Persons,228.7
Ontario,Non-Indigenous population,Unemployment 8,Females,2022,Persons,218.7
Ontario,Non-Indigenous population,Not in labour force 9,Both sexes,2022,Persons,"4,222.90"
Ontario,Non-Indigenous population,Not in labour force 9,Males,2022,Persons,"1,805.30"
Ontario,Non-Indigenous population,Not in labour force 9,Females,2022,Persons,"2,417.70"
Ontario,Non-Indigenous population,Population 5,Both sexes,2023,Persons,"12,482.10"
Ontario,Non-Indigenous population,Population 5,Males,2023,Persons,"6,145.70"
Ontario,Non-Indigenous population,Population 5,Females,2023,Persons,"6,336.50"
Ontario,Non-Indigenous population,Labour force 6,Both sexes,2023,Persons,"8,171.10"
Ontario,Non-Indigenous population,Labour force 6,Males,2023,Persons,"4,294.90"
Ontario,Non-Indigenous population,Labour force 6,Females,2023,Persons,"3,876.20"
Ontario,Non-Indigenous population,Employment 7,Both sexes,2023,Persons,"7,709.10"
Ontario,Non-Indigenous population,Employment 7,Males,2023,Persons,"4,057.10"
Ontario,Non-Indigenous population,Employment 7,Females,2023,Persons,"3,652.00"
Ontario,Non-Indigenous population,Unemployment 8,Both sexes,2023,Persons,462.1
Ontario,Non-Indigenous population,Unemployment 8,Males,2023,Persons,237.8
Ontario,Non-Indigenous population,Unemployment 8,Females,2023,Persons,224.3
Ontario,Non-Indigenous population,Not in labour force 9,Both sexes,2023,Persons,"4,311.00"
Ontario,Non-Indigenous population,Not in labour force 9,Males,2023,Persons,"1,850.70"
Ontario,Non-Indigenous population,Not in labour force 9,Females,2023,Persons,"2,460.20"
Ontario,Non-Indigenous population,Population 5,Both sexes,2024,Persons,"12,958.20"
Ontario,Non-Indigenous population,Population 5,Males,2024,Persons,"6,405.50"
Ontario,Non-Indigenous population,Population 5,Females,2024,Persons,"6,552.70"
Ontario,Non-Indigenous population,Labour force 6,Both sexes,2024,Persons,"8,428.90"
Ontario,Non-Indigenous population,Labour force 6,Males,2024,Persons,"4,451.80"
Ontario,Non-Indigenous population,Labour force 6,Females,2024,Persons,"3,977.10"
Ontario,Non-Indigenous population,Employment 7,Both sexes,2024,Persons,"7,847.90"
Ontario,Non-Indigenous population,Employment 7,Males,2024,Persons,"4,131.30"
Ontario,Non-Indigenous population,Employment 7,Females,2024,Persons,"3,716.60"
Ontario,Non-Indigenous population,Unemployment 8,Both sexes,2024,Persons,581
Ontario,Non-Indigenous population,Unemployment 8,Males,2024,Persons,320.5
Ontario,Non-Indigenous population,Unemployment 8,Females,2024,Persons,260.5
Ontario,Non-Indigenous population,Not in labour force 9,Both sexes,2024,Persons,"4,529.30"
Ontario,Non-Indigenous population,Not in labour force 9,Males,2024,Persons,"1,953.60"
Ontario,Non-Indigenous population,Not in labour force 9,Females,2024,Persons,"2,575.70"
Ontario,Non-Indigenous population,Unemployment rate 10,Both sexes,2020,Percentage,9.8
Ontario,Non-Indigenous population,Unemployment rate 10,Males,2020,Percentage,9.6
Ontario,Non-Indigenous population,Unemployment rate 10,Females,2020,Percentage,10
Ontario,Non-Indigenous population,Participation rate 11,Both sexes,2020,Percentage,63.8
Ontario,Non-Indigenous population,Participation rate 11,Males,2020,Percentage,68.6
Ontario,Non-Indigenous population,Participation rate 11,Females,2020,Percentage,59.2
Ontario,Non-Indigenous population,Employment rate 12,Both sexes,2020,Percentage,57.6
Ontario,Non-Indigenous population,Employment rate 12,Males,2020,Percentage,62
Ontario,Non-Indigenous population,Employment rate 12,Females,2020,Percentage,53.3
Ontario,Non-Indigenous population,Unemployment rate 10,Both sexes,2021,Percentage,8.1
Ontario,Non-Indigenous population,Unemployment rate 10,Males,2021,Percentage,8.1
Ontario,Non-Indigenous population,Unemployment rate 10,Females,2021,Percentage,8.2
Ontario,Non-Indigenous population,Participation rate 11,Both sexes,2021,Percentage,65.2
Ontario,Non-Indigenous population,Participation rate 11,Males,2021,Percentage,69.9
Ontario,Non-Indigenous population,Participation rate 11,Females,2021,Percentage,60.7
Ontario,Non-Indigenous population,Employment rate 12,Both sexes,2021,Percentage,59.9
Ontario,Non-Indigenous population,Employment rate 12,Males,2021,Percentage,64.3
Ontario,Non-Indigenous population,Employment rate 12,Females,2021,Percentage,55.8
Ontario,Non-Indigenous population,Unemployment rate 10,Both sexes,2022,Percentage,5.6
Ontario,Non-Indigenous population,Unemployment rate 10,Males,2022,Percentage,5.5
Ontario,Non-Indigenous population,Unemployment rate 10,Females,2022,Percentage,5.8
Ontario,Non-Indigenous population,Participation rate 11,Both sexes,2022,Percentage,65.4
Ontario,Non-Indigenous population,Participation rate 11,Males,2022,Percentage,69.9
Ontario,Non-Indigenous population,Participation rate 11,Females,2022,Percentage,61
Ontario,Non-Indigenous population,Employment rate 12,Both sexes,2022,Percentage,61.7
Ontario,Non-Indigenous population,Employment rate 12,Males,2022,Percentage,66.1
Ontario,Non-Indigenous population,Employment rate 12,Females,2022,Percentage,57.5
Ontario,Non-Indigenous population,Unemployment rate 10,Both sexes,2023,Percentage,5.7
Ontario,Non-Indigenous population,Unemployment rate 10,Males,2023,Percentage,5.5
Ontario,Non-Indigenous population,Unemployment rate 10,Females,2023,Percentage,5.8
Ontario,Non-Indigenous population,Participation rate 11,Both sexes,2023,Percentage,65.5
Ontario,Non-Indigenous population,Participation rate 11,Males,2023,Percentage,69.9
Ontario,Non-Indigenous population,Participation rate 11,Females,2023,Percentage,61.2
Ontario,Non-Indigenous population,Employment rate 12,Both sexes,2023,Percentage,61.8
Ontario,Non-Indigenous population,Employment rate 12,Males,2023,Percentage,66
Ontario,Non-Indigenous population,Employment rate 12,Females,2023,Percentage,57.6
Ontario,Non-Indigenous population,Unemployment rate 10,Both sexes,2024,Percentage,6.9
Ontario,Non-Indigenous population,Unemployment rate 10,Males,2024,Percentage,7.2
Ontario,Non-Indigenous population,Unemployment rate 10,Females,2024,Percentage,6.5
Ontario,Non-Indigenous population,Participation rate 11,Both sexes,2024,Percentage,65
Ontario,Non-Indigenous population,Participation rate 11,Males,2024,Percentage,69.5
Ontario,Non-Indigenous population,Participation rate 11,Females,2024,Percentage,60.7
Ontario,Non-Indigenous population,Employment rate 12,Both sexes,2024,Percentage,60.6
Ontario,Non-Indigenous population,Employment rate 12,Males,2024,Percentage,64.5
Ontario,Non-Indigenous population,Employment rate 12,Females,2024,Percentage,56.7
Manitoba,Total population,Population 5,Both sexes,2020,Persons,"1,047.80"
Manitoba,Total population,Population 5,Males,2020,Persons,519.2
Manitoba,Total population,Population 5,Females,2020,Persons,528.6
Manitoba,Total population,Labour force 6,Both sexes,2020,Persons,685
Manitoba,Total population,Labour force 6,Males,2020,Persons,366.6
Manitoba,Total population,Labour force 6,Females,2020,Persons,318.5
Manitoba,Total population,Employment 7,Both sexes,2020,Persons,627.9
Manitoba,Total population,Employment 7,Males,2020,Persons,334.9
Manitoba,Total population,Employment 7,Females,2020,Persons,293
Manitoba,Total population,Unemployment 8,Both sexes,2020,Persons,57.1
Manitoba,Total population,Unemployment 8,Males,2020,Persons,31.7
Manitoba,Total population,Unemployment 8,Females,2020,Persons,25.4
Manitoba,Total population,Not in labour force 9,Both sexes,2020,Persons,362.7
Manitoba,Total population,Not in labour force 9,Males,2020,Persons,152.6
Manitoba,Total population,Not in labour force 9,Females,2020,Persons,210.1
Manitoba,Total population,Population 5,Both sexes,2021,Persons,"1,051.60"
Manitoba,Total population,Population 5,Males,2021,Persons,520.7
Manitoba,Total population,Population 5,Females,2021,Persons,530.9
Manitoba,Total population,Labour force 6,Both sexes,2021,Persons,697.3
Manitoba,Total population,Labour force 6,Males,2021,Persons,370.4
Manitoba,Total population,Labour force 6,Females,2021,Persons,326.9
Manitoba,Total population,Employment 7,Both sexes,2021,Persons,650.4
Manitoba,Total population,Employment 7,Males,2021,Persons,345.9
Manitoba,Total population,Employment 7,Females,2021,Persons,304.5
Manitoba,Total population,Unemployment 8,Both sexes,2021,Persons,46.9
Manitoba,Total population,Unemployment 8,Males,2021,Persons,24.5
Manitoba,Total population,Unemployment 8,Females,2021,Persons,22.4
Manitoba,Total population,Not in labour force 9,Both sexes,2021,Persons,354.3
Manitoba,Total population,Not in labour force 9,Males,2021,Persons,150.3
Manitoba,Total population,Not in labour force 9,Females,2021,Persons,204
Manitoba,Total population,Population 5,Both sexes,2022,Persons,"1,063.70"
Manitoba,Total population,Population 5,Males,2022,Persons,527.1
Manitoba,Total population,Population 5,Females,2022,Persons,536.6
Manitoba,Total population,Labour force 6,Both sexes,2022,Persons,704.3
Manitoba,Total population,Labour force 6,Males,2022,Persons,370.8
Manitoba,Total population,Labour force 6,Females,2022,Persons,333.5
Manitoba,Total population,Employment 7,Both sexes,2022,Persons,670.6
Manitoba,Total population,Employment 7,Males,2022,Persons,352.9
Manitoba,Total population,Employment 7,Females,2022,Persons,317.6
Manitoba,Total population,Unemployment 8,Both sexes,2022,Persons,33.8
Manitoba,Total population,Unemployment 8,Males,2022,Persons,17.9
Manitoba,Total population,Unemployment 8,Females,2022,Persons,15.9
Manitoba,Total population,Not in labour force 9,Both sexes,2022,Persons,359.4
Manitoba,Total population,Not in labour force 9,Males,2022,Persons,156.3
Manitoba,Total population,Not in labour force 9,Females,2022,Persons,203.1
Manitoba,Total population,Population 5,Both sexes,2023,Persons,"1,088.40"
Manitoba,Total population,Population 5,Males,2023,Persons,540.6
Manitoba,Total population,Population 5,Females,2023,Persons,547.9
Manitoba,Total population,Labour force 6,Both sexes,2023,Persons,725.2
Manitoba,Total population,Labour force 6,Males,2023,Persons,383.7
Manitoba,Total population,Labour force 6,Females,2023,Persons,341.5
Manitoba,Total population,Employment 7,Both sexes,2023,Persons,688.9
Manitoba,Total population,Employment 7,Males,2023,Persons,364
Manitoba,Total population,Employment 7,Females,2023,Persons,324.9
Manitoba,Total population,Unemployment 8,Both sexes,2023,Persons,36.3
Manitoba,Total population,Unemployment 8,Males,2023,Persons,19.6
Manitoba,Total population,Unemployment 8,Females,2023,Persons,16.7
Manitoba,Total population,Not in labour force 9,Both sexes,2023,Persons,363.2
Manitoba,Total population,Not in labour force 9,Males,2023,Persons,156.9
Manitoba,Total population,Not in labour force 9,Females,2023,Persons,206.3
Manitoba,Total population,Population 5,Both sexes,2024,Persons,"1,127.40"
Manitoba,Total population,Population 5,Males,2024,Persons,562.1
Manitoba,Total population,Population 5,Females,2024,Persons,565.3
Manitoba,Total population,Labour force 6,Both sexes,2024,Persons,748.8
Manitoba,Total population,Labour force 6,Males,2024,Persons,398
Manitoba,Total population,Labour force 6,Females,2024,Persons,350.9
Manitoba,Total population,Employment 7,Both sexes,2024,Persons,707.3
Manitoba,Total population,Employment 7,Males,2024,Persons,374.1
Manitoba,Total population,Employment 7,Females,2024,Persons,333.3
Manitoba,Total population,Unemployment 8,Both sexes,2024,Persons,41.5
Manitoba,Total population,Unemployment 8,Males,2024,Persons,23.9
Manitoba,Total population,Unemployment 8,Females,2024,Persons,17.6
Manitoba,Total population,Not in labour force 9,Both sexes,2024,Persons,378.6
Manitoba,Total population,Not in labour force 9,Males,2024,Persons,164.2
Manitoba,Total population,Not in labour force 9,Females,2024,Persons,214.4
Manitoba,Total population,Unemployment rate 10,Both sexes,2020,Percentage,8.3
Manitoba,Total population,Unemployment rate 10,Males,2020,Percentage,8.6
Manitoba,Total population,Unemployment rate 10,Females,2020,Percentage,8
Manitoba,Total population,Participation rate 11,Both sexes,2020,Percentage,65.4
Manitoba,Total population,Participation rate 11,Males,2020,Percentage,70.6
Manitoba,Total population,Participation rate 11,Females,2020,Percentage,60.3
Manitoba,Total population,Employment rate 12,Both sexes,2020,Percentage,59.9
Manitoba,Total population,Employment rate 12,Males,2020,Percentage,64.5
Manitoba,Total population,Employment rate 12,Females,2020,Percentage,55.4
Manitoba,Total population,Unemployment rate 10,Both sexes,2021,Percentage,6.7
Manitoba,Total population,Unemployment rate 10,Males,2021,Percentage,6.6
Manitoba,Total population,Unemployment rate 10,Females,2021,Percentage,6.8
Manitoba,Total population,Participation rate 11,Both sexes,2021,Percentage,66.3
Manitoba,Total population,Participation rate 11,Males,2021,Percentage,71.1
Manitoba,Total population,Participation rate 11,Females,2021,Percentage,61.6
Manitoba,Total population,Employment rate 12,Both sexes,2021,Percentage,61.9
Manitoba,Total population,Employment rate 12,Males,2021,Percentage,66.4
Manitoba,Total population,Employment rate 12,Females,2021,Percentage,57.4
Manitoba,Total population,Unemployment rate 10,Both sexes,2022,Percentage,4.8
Manitoba,Total population,Unemployment rate 10,Males,2022,Percentage,4.8
Manitoba,Total population,Unemployment rate 10,Females,2022,Percentage,4.8
Manitoba,Total population,Participation rate 11,Both sexes,2022,Percentage,66.2
Manitoba,Total population,Participation rate 11,Males,2022,Percentage,70.3
Manitoba,Total population,Participation rate 11,Females,2022,Percentage,62.2
Manitoba,Total population,Employment rate 12,Both sexes,2022,Percentage,63
Manitoba,Total population,Employment rate 12,Males,2022,Percentage,67
Manitoba,Total population,Employment rate 12,Females,2022,Percentage,59.2
Manitoba,Total population,Unemployment rate 10,Both sexes,2023,Percentage,5
Manitoba,Total population,Unemployment rate 10,Males,2023,Percentage,5.1
Manitoba,Total population,Unemployment rate 10,Females,2023,Percentage,4.9
Manitoba,Total population,Participation rate 11,Both sexes,2023,Percentage,66.6
Manitoba,Total population,Participation rate 11,Males,2023,Percentage,71
Manitoba,Total population,Participation rate 11,Females,2023,Percentage,62.3
Manitoba,Total population,Employment rate 12,Both sexes,2023,Percentage,63.3
Manitoba,Total population,Employment rate 12,Males,2023,Percentage,67.3
Manitoba,Total population,Employment rate 12,Females,2023,Percentage,59.3
Manitoba,Total population,Unemployment rate 10,Both sexes,2024,Percentage,5.5
Manitoba,Total population,Unemployment rate 10,Males,2024,Percentage,6
Manitoba,Total population,Unemployment rate 10,Females,2024,Percentage,5
Manitoba,Total population,Participation rate 11,Both sexes,2024,Percentage,66.4
Manitoba,Total population,Participation rate 11,Males,2024,Percentage,70.8
Manitoba,Total population,Participation rate 11,Females,2024,Percentage,62.1
Manitoba,Total population,Employment rate 12,Both sexes,2024,Percentage,62.7
Manitoba,Total population,Employment rate 12,Males,2024,Percentage,66.5
Manitoba,Total population,Employment rate 12,Females,2024,Percentage,59
Manitoba,Indigenous population,Population 5,Both sexes,2020,Persons,136.4
Manitoba,Indigenous population,Population 5,Males,2020,Persons,65.4
Manitoba,Indigenous population,Population 5,Females,2020,Persons,71
Manitoba,Indigenous population,Labour force 6,Both sexes,2020,Persons,84.2
Manitoba,Indigenous population,Labour force 6,Males,2020,Persons,42.4
Manitoba,Indigenous population,Labour force 6,Females,2020,Persons,41.8
Manitoba,Indigenous population,Employment 7,Both sexes,2020,Persons,72.8
Manitoba,Indigenous population,Employment 7,Males,2020,Persons,35.9
Manitoba,Indigenous population,Employment 7,Females,2020,Persons,37
Manitoba,Indigenous population,Unemployment 8,Both sexes,2020,Persons,11.3
Manitoba,Indigenous population,Unemployment 8,Males,2020,Persons,6.5
Manitoba,Indigenous population,Unemployment 8,Females,2020,Persons,4.8
Manitoba,Indigenous population,Not in labour force 9,Both sexes,2020,Persons,52.2
Manitoba,Indigenous population,Not in labour force 9,Males,2020,Persons,23
Manitoba,Indigenous population,Not in labour force 9,Females,2020,Persons,29.2
Manitoba,Indigenous population,Population 5,Both sexes,2021,Persons,141.9
Manitoba,Indigenous population,Population 5,Males,2021,Persons,68.3
Manitoba,Indigenous population,Population 5,Females,2021,Persons,73.6
Manitoba,Indigenous population,Labour force 6,Both sexes,2021,Persons,91.8
Manitoba,Indigenous population,Labour force 6,Males,2021,Persons,46
Manitoba,Indigenous population,Labour force 6,Females,2021,Persons,45.8
Manitoba,Indigenous population,Employment 7,Both sexes,2021,Persons,81.4
Manitoba,Indigenous population,Employment 7,Males,2021,Persons,40.7
Manitoba,Indigenous population,Employment 7,Females,2021,Persons,40.7
Manitoba,Indigenous population,Unemployment 8,Both sexes,2021,Persons,10.4
Manitoba,Indigenous population,Unemployment 8,Males,2021,Persons,5.3
Manitoba,Indigenous population,Unemployment 8,Females,2021,Persons,5.1
Manitoba,Indigenous population,Not in labour force 9,Both sexes,2021,Persons,50.1
Manitoba,Indigenous population,Not in labour force 9,Males,2021,Persons,22.2
Manitoba,Indigenous population,Not in labour force 9,Females,2021,Persons,27.8
Manitoba,Indigenous population,Population 5,Both sexes,2022,Persons,148.1
Manitoba,Indigenous population,Population 5,Males,2022,Persons,71.8
Manitoba,Indigenous population,Population 5,Females,2022,Persons,76.2
Manitoba,Indigenous population,Labour force 6,Both sexes,2022,Persons,95.1
Manitoba,Indigenous population,Labour force 6,Males,2022,Persons,47.4
Manitoba,Indigenous population,Labour force 6,Females,2022,Persons,47.7
Manitoba,Indigenous population,Employment 7,Both sexes,2022,Persons,87.8
Manitoba,Indigenous population,Employment 7,Males,2022,Persons,43.1
Manitoba,Indigenous population,Employment 7,Females,2022,Persons,44.7
Manitoba,Indigenous population,Unemployment 8,Both sexes,2022,Persons,7.3
Manitoba,Indigenous population,Unemployment 8,Males,2022,Persons,4.3
Manitoba,Indigenous population,Unemployment 8,Females,2022,Persons,3
Manitoba,Indigenous population,Not in labour force 9,Both sexes,2022,Persons,53
Manitoba,Indigenous population,Not in labour force 9,Males,2022,Persons,24.5
Manitoba,Indigenous population,Not in labour force 9,Females,2022,Persons,28.6
Manitoba,Indigenous population,Population 5,Both sexes,2023,Persons,152.9
Manitoba,Indigenous population,Population 5,Males,2023,Persons,74.6
Manitoba,Indigenous population,Population 5,Females,2023,Persons,78.3
Manitoba,Indigenous population,Labour force 6,Both sexes,2023,Persons,99.9
Manitoba,Indigenous population,Labour force 6,Males,2023,Persons,51.2
Manitoba,Indigenous population,Labour force 6,Females,2023,Persons,48.7
Manitoba,Indigenous population,Employment 7,Both sexes,2023,Persons,91.4
Manitoba,Indigenous population,Employment 7,Males,2023,Persons,46.4
Manitoba,Indigenous population,Employment 7,Females,2023,Persons,45
Manitoba,Indigenous population,Unemployment 8,Both sexes,2023,Persons,8.5
Manitoba,Indigenous population,Unemployment 8,Males,2023,Persons,4.8
Manitoba,Indigenous population,Unemployment 8,Females,2023,Persons,3.7
Manitoba,Indigenous population,Not in labour force 9,Both sexes,2023,Persons,52.9
Manitoba,Indigenous population,Not in labour force 9,Males,2023,Persons,23.4
Manitoba,Indigenous population,Not in labour force 9,Females,2023,Persons,29.6
Manitoba,Indigenous population,Population 5,Both sexes,2024,Persons,157.1
Manitoba,Indigenous population,Population 5,Males,2024,Persons,76.7
Manitoba,Indigenous population,Population 5,Females,2024,Persons,80.4
Manitoba,Indigenous population,Labour force 6,Both sexes,2024,Persons,100.5
Manitoba,Indigenous population,Labour force 6,Males,2024,Persons,52.5
Manitoba,Indigenous population,Labour force 6,Females,2024,Persons,48
Manitoba,Indigenous population,Employment 7,Both sexes,2024,Persons,91.5
Manitoba,Indigenous population,Employment 7,Males,2024,Persons,47.7
Manitoba,Indigenous population,Employment 7,Females,2024,Persons,43.8
Manitoba,Indigenous population,Unemployment 8,Both sexes,2024,Persons,9
Manitoba,Indigenous population,Unemployment 8,Males,2024,Persons,4.8
Manitoba,Indigenous population,Unemployment 8,Females,2024,Persons,4.2
Manitoba,Indigenous population,Not in labour force 9,Both sexes,2024,Persons,56.6
Manitoba,Indigenous population,Not in labour force 9,Males,2024,Persons,24.2
Manitoba,Indigenous population,Not in labour force 9,Females,2024,Persons,32.4
Manitoba,Indigenous population,Unemployment rate 10,Both sexes,2020,Percentage,13.5
Manitoba,Indigenous population,Unemployment rate 10,Males,2020,Percentage,15.3
Manitoba,Indigenous population,Unemployment rate 10,Females,2020,Percentage,11.5
Manitoba,Indigenous population,Participation rate 11,Both sexes,2020,Percentage,61.7
Manitoba,Indigenous population,Participation rate 11,Males,2020,Percentage,64.8
Manitoba,Indigenous population,Participation rate 11,Females,2020,Percentage,58.9
Manitoba,Indigenous population,Employment rate 12,Both sexes,2020,Percentage,53.4
Manitoba,Indigenous population,Employment rate 12,Males,2020,Percentage,54.9
Manitoba,Indigenous population,Employment rate 12,Females,2020,Percentage,52.1
Manitoba,Indigenous population,Unemployment rate 10,Both sexes,2021,Percentage,11.3
Manitoba,Indigenous population,Unemployment rate 10,Males,2021,Percentage,11.6
Manitoba,Indigenous population,Unemployment rate 10,Females,2021,Percentage,11.1
Manitoba,Indigenous population,Participation rate 11,Both sexes,2021,Percentage,64.7
Manitoba,Indigenous population,Participation rate 11,Males,2021,Percentage,67.4
Manitoba,Indigenous population,Participation rate 11,Females,2021,Percentage,62.2
Manitoba,Indigenous population,Employment rate 12,Both sexes,2021,Percentage,57.4
Manitoba,Indigenous population,Employment rate 12,Males,2021,Percentage,59.6
Manitoba,Indigenous population,Employment rate 12,Females,2021,Percentage,55.3
Manitoba,Indigenous population,Unemployment rate 10,Both sexes,2022,Percentage,7.7
Manitoba,Indigenous population,Unemployment rate 10,Males,2022,Percentage,9.1
Manitoba,Indigenous population,Unemployment rate 10,Females,2022,Percentage,6.2
Manitoba,Indigenous population,Participation rate 11,Both sexes,2022,Percentage,64.2
Manitoba,Indigenous population,Participation rate 11,Males,2022,Percentage,66
Manitoba,Indigenous population,Participation rate 11,Females,2022,Percentage,62.5
Manitoba,Indigenous population,Employment rate 12,Both sexes,2022,Percentage,59.3
Manitoba,Indigenous population,Employment rate 12,Males,2022,Percentage,60
Manitoba,Indigenous population,Employment rate 12,Females,2022,Percentage,58.6
Manitoba,Indigenous population,Unemployment rate 10,Both sexes,2023,Percentage,8.5
Manitoba,Indigenous population,Unemployment rate 10,Males,2023,Percentage,9.4
Manitoba,Indigenous population,Unemployment rate 10,Females,2023,Percentage,7.6
Manitoba,Indigenous population,Participation rate 11,Both sexes,2023,Percentage,65.4
Manitoba,Indigenous population,Participation rate 11,Males,2023,Percentage,68.6
Manitoba,Indigenous population,Participation rate 11,Females,2023,Percentage,62.2
Manitoba,Indigenous population,Employment rate 12,Both sexes,2023,Percentage,59.8
Manitoba,Indigenous population,Employment rate 12,Males,2023,Percentage,62.2
Manitoba,Indigenous population,Employment rate 12,Females,2023,Percentage,57.5
Manitoba,Indigenous population,Unemployment rate 10,Both sexes,2024,Percentage,9
Manitoba,Indigenous population,Unemployment rate 10,Males,2024,Percentage,9.2
Manitoba,Indigenous population,Unemployment rate 10,Females,2024,Percentage,8.8
Manitoba,Indigenous population,Participation rate 11,Both sexes,2024,Percentage,64
Manitoba,Indigenous population,Participation rate 11,Males,2024,Percentage,68.5
Manitoba,Indigenous population,Participation rate 11,Females,2024,Percentage,59.7
Manitoba,Indigenous population,Employment rate 12,Both sexes,2024,Percentage,58.2
Manitoba,Indigenous population,Employment rate 12,Males,2024,Percentage,62.2
Manitoba,Indigenous population,Employment rate 12,Females,2024,Percentage,54.5
Manitoba,Non-Indigenous population,Population 5,Both sexes,2020,Persons,911.4
Manitoba,Non-Indigenous population,Population 5,Males,2020,Persons,453.8
Manitoba,Non-Indigenous population,Population 5,Females,2020,Persons,457.6
Manitoba,Non-Indigenous population,Labour force 6,Both sexes,2020,Persons,600.9
Manitoba,Non-Indigenous population,Labour force 6,Males,2020,Persons,324.2
Manitoba,Non-Indigenous population,Labour force 6,Females,2020,Persons,276.7
Manitoba,Non-Indigenous population,Employment 7,Both sexes,2020,Persons,555.1
Manitoba,Non-Indigenous population,Employment 7,Males,2020,Persons,299
Manitoba,Non-Indigenous population,Employment 7,Females,2020,Persons,256.1
Manitoba,Non-Indigenous population,Unemployment 8,Both sexes,2020,Persons,45.8
Manitoba,Non-Indigenous population,Unemployment 8,Males,2020,Persons,25.2
Manitoba,Non-Indigenous population,Unemployment 8,Females,2020,Persons,20.6
Manitoba,Non-Indigenous population,Not in labour force 9,Both sexes,2020,Persons,310.5
Manitoba,Non-Indigenous population,Not in labour force 9,Males,2020,Persons,129.6
Manitoba,Non-Indigenous population,Not in labour force 9,Females,2020,Persons,180.9
Manitoba,Non-Indigenous population,Population 5,Both sexes,2021,Persons,909.7
Manitoba,Non-Indigenous population,Population 5,Males,2021,Persons,452.5
Manitoba,Non-Indigenous population,Population 5,Females,2021,Persons,457.2
Manitoba,Non-Indigenous population,Labour force 6,Both sexes,2021,Persons,605.5
Manitoba,Non-Indigenous population,Labour force 6,Males,2021,Persons,324.4
Manitoba,Non-Indigenous population,Labour force 6,Females,2021,Persons,281.1
Manitoba,Non-Indigenous population,Employment 7,Both sexes,2021,Persons,569
Manitoba,Non-Indigenous population,Employment 7,Males,2021,Persons,305.2
Manitoba,Non-Indigenous population,Employment 7,Females,2021,Persons,263.8
Manitoba,Non-Indigenous population,Unemployment 8,Both sexes,2021,Persons,36.5
Manitoba,Non-Indigenous population,Unemployment 8,Males,2021,Persons,19.2
Manitoba,Non-Indigenous population,Unemployment 8,Females,2021,Persons,17.3
Manitoba,Non-Indigenous population,Not in labour force 9,Both sexes,2021,Persons,304.2
Manitoba,Non-Indigenous population,Not in labour force 9,Males,2021,Persons,128.1
Manitoba,Non-Indigenous population,Not in labour force 9,Females,2021,Persons,176.1
Manitoba,Non-Indigenous population,Population 5,Both sexes,2022,Persons,915.7
Manitoba,Non-Indigenous population,Population 5,Males,2022,Persons,455.3
Manitoba,Non-Indigenous population,Population 5,Females,2022,Persons,460.4
Manitoba,Non-Indigenous population,Labour force 6,Both sexes,2022,Persons,609.3
Manitoba,Non-Indigenous population,Labour force 6,Males,2022,Persons,323.4
Manitoba,Non-Indigenous population,Labour force 6,Females,2022,Persons,285.8
Manitoba,Non-Indigenous population,Employment 7,Both sexes,2022,Persons,582.8
Manitoba,Non-Indigenous population,Employment 7,Males,2022,Persons,309.9
Manitoba,Non-Indigenous population,Employment 7,Females,2022,Persons,272.9
Manitoba,Non-Indigenous population,Unemployment 8,Both sexes,2022,Persons,26.5
Manitoba,Non-Indigenous population,Unemployment 8,Males,2022,Persons,13.6
Manitoba,Non-Indigenous population,Unemployment 8,Females,2022,Persons,12.9
Manitoba,Non-Indigenous population,Not in labour force 9,Both sexes,2022,Persons,306.4
Manitoba,Non-Indigenous population,Not in labour force 9,Males,2022,Persons,131.9
Manitoba,Non-Indigenous population,Not in labour force 9,Females,2022,Persons,174.5
Manitoba,Non-Indigenous population,Population 5,Both sexes,2023,Persons,935.6
Manitoba,Non-Indigenous population,Population 5,Males,2023,Persons,465.9
Manitoba,Non-Indigenous population,Population 5,Females,2023,Persons,469.6
Manitoba,Non-Indigenous population,Labour force 6,Both sexes,2023,Persons,625.3
Manitoba,Non-Indigenous population,Labour force 6,Males,2023,Persons,332.4
Manitoba,Non-Indigenous population,Labour force 6,Females,2023,Persons,292.8
Manitoba,Non-Indigenous population,Employment 7,Both sexes,2023,Persons,597.5
Manitoba,Non-Indigenous population,Employment 7,Males,2023,Persons,317.6
Manitoba,Non-Indigenous population,Employment 7,Females,2023,Persons,279.9
Manitoba,Non-Indigenous population,Unemployment 8,Both sexes,2023,Persons,27.8
Manitoba,Non-Indigenous population,Unemployment 8,Males,2023,Persons,14.8
Manitoba,Non-Indigenous population,Unemployment 8,Females,2023,Persons,13
Manitoba,Non-Indigenous population,Not in labour force 9,Both sexes,2023,Persons,310.3
Manitoba,Non-Indigenous population,Not in labour force 9,Males,2023,Persons,133.5
Manitoba,Non-Indigenous population,Not in labour force 9,Females,2023,Persons,176.8
Manitoba,Non-Indigenous population,Population 5,Both sexes,2024,Persons,970.4
Manitoba,Non-Indigenous population,Population 5,Males,2024,Persons,485.4
Manitoba,Non-Indigenous population,Population 5,Females,2024,Persons,484.9
Manitoba,Non-Indigenous population,Labour force 6,Both sexes,2024,Persons,648.3
Manitoba,Non-Indigenous population,Labour force 6,Males,2024,Persons,345.5
Manitoba,Non-Indigenous population,Labour force 6,Females,2024,Persons,302.9
Manitoba,Non-Indigenous population,Employment 7,Both sexes,2024,Persons,615.8
Manitoba,Non-Indigenous population,Employment 7,Males,2024,Persons,326.4
Manitoba,Non-Indigenous population,Employment 7,Females,2024,Persons,289.5
Manitoba,Non-Indigenous population,Unemployment 8,Both sexes,2024,Persons,32.5
Manitoba,Non-Indigenous population,Unemployment 8,Males,2024,Persons,19.1
Manitoba,Non-Indigenous population,Unemployment 8,Females,2024,Persons,13.4
Manitoba,Non-Indigenous population,Not in labour force 9,Both sexes,2024,Persons,322
Manitoba,Non-Indigenous population,Not in labour force 9,Males,2024,Persons,140
Manitoba,Non-Indigenous population,Not in labour force 9,Females,2024,Persons,182
Manitoba,Non-Indigenous population,Unemployment rate 10,Both sexes,2020,Percentage,7.6
Manitoba,Non-Indigenous population,Unemployment rate 10,Males,2020,Percentage,7.8
Manitoba,Non-Indigenous population,Unemployment rate 10,Females,2020,Percentage,7.4
Manitoba,Non-Indigenous population,Participation rate 11,Both sexes,2020,Percentage,65.9
Manitoba,Non-Indigenous population,Participation rate 11,Males,2020,Percentage,71.4
Manitoba,Non-Indigenous population,Participation rate 11,Females,2020,Percentage,60.5
Manitoba,Non-Indigenous population,Employment rate 12,Both sexes,2020,Percentage,60.9
Manitoba,Non-Indigenous population,Employment rate 12,Males,2020,Percentage,65.9
Manitoba,Non-Indigenous population,Employment rate 12,Females,2020,Percentage,56
Manitoba,Non-Indigenous population,Unemployment rate 10,Both sexes,2021,Percentage,6
Manitoba,Non-Indigenous population,Unemployment rate 10,Males,2021,Percentage,5.9
Manitoba,Non-Indigenous population,Unemployment rate 10,Females,2021,Percentage,6.2
Manitoba,Non-Indigenous population,Participation rate 11,Both sexes,2021,Percentage,66.6
Manitoba,Non-Indigenous population,Participation rate 11,Males,2021,Percentage,71.7
Manitoba,Non-Indigenous population,Participation rate 11,Females,2021,Percentage,61.5
Manitoba,Non-Indigenous population,Employment rate 12,Both sexes,2021,Percentage,62.6
Manitoba,Non-Indigenous population,Employment rate 12,Males,2021,Percentage,67.5
Manitoba,Non-Indigenous population,Employment rate 12,Females,2021,Percentage,57.7
Manitoba,Non-Indigenous population,Unemployment rate 10,Both sexes,2022,Percentage,4.3
Manitoba,Non-Indigenous population,Unemployment rate 10,Males,2022,Percentage,4.2
Manitoba,Non-Indigenous population,Unemployment rate 10,Females,2022,Percentage,4.5
Manitoba,Non-Indigenous population,Participation rate 11,Both sexes,2022,Percentage,66.5
Manitoba,Non-Indigenous population,Participation rate 11,Males,2022,Percentage,71
Manitoba,Non-Indigenous population,Participation rate 11,Females,2022,Percentage,62.1
Manitoba,Non-Indigenous population,Employment rate 12,Both sexes,2022,Percentage,63.6
Manitoba,Non-Indigenous population,Employment rate 12,Males,2022,Percentage,68.1
Manitoba,Non-Indigenous population,Employment rate 12,Females,2022,Percentage,59.3
Manitoba,Non-Indigenous population,Unemployment rate 10,Both sexes,2023,Percentage,4.4
Manitoba,Non-Indigenous population,Unemployment rate 10,Males,2023,Percentage,4.5
Manitoba,Non-Indigenous population,Unemployment rate 10,Females,2023,Percentage,4.4
Manitoba,Non-Indigenous population,Participation rate 11,Both sexes,2023,Percentage,66.8
Manitoba,Non-Indigenous population,Participation rate 11,Males,2023,Percentage,71.3
Manitoba,Non-Indigenous population,Participation rate 11,Females,2023,Percentage,62.4
Manitoba,Non-Indigenous population,Employment rate 12,Both sexes,2023,Percentage,63.9
Manitoba,Non-Indigenous population,Employment rate 12,Males,2023,Percentage,68.2
Manitoba,Non-Indigenous population,Employment rate 12,Females,2023,Percentage,59.6
Manitoba,Non-Indigenous population,Unemployment rate 10,Both sexes,2024,Percentage,5
Manitoba,Non-Indigenous population,Unemployment rate 10,Males,2024,Percentage,5.5
Manitoba,Non-Indigenous population,Unemployment rate 10,Females,2024,Percentage,4.4
Manitoba,Non-Indigenous population,Participation rate 11,Both sexes,2024,Percentage,66.8
Manitoba,Non-Indigenous population,Participation rate 11,Males,2024,Percentage,71.2
Manitoba,Non-Indigenous population,Participation rate 11,Females,2024,Percentage,62.5
Manitoba,Non-Indigenous population,Employment rate 12,Both sexes,2024,Percentage,63.5
Manitoba,Non-Indigenous population,Employment rate 12,Males,2024,Percentage,67.2
Manitoba,Non-Indigenous population,Employment rate 12,Females,2024,Percentage,59.7
Saskatchewan,Total population,Population 5,Both sexes,2020,Persons,888
Saskatchewan,Total population,Population 5,Males,2020,Persons,446.2
Saskatchewan,Total population,Population 5,Females,2020,Persons,441.8
Saskatchewan,Total population,Labour force 6,Both sexes,2020,Persons,594.7
Saskatchewan,Total population,Labour force 6,Males,2020,Persons,322.6
Saskatchewan,Total population,Labour force 6,Females,2020,Persons,272
Saskatchewan,Total population,Employment 7,Both sexes,2020,Persons,544.2
Saskatchewan,Total population,Employment 7,Males,2020,Persons,294
Saskatchewan,Total population,Employment 7,Females,2020,Persons,250.2
Saskatchewan,Total population,Unemployment 8,Both sexes,2020,Persons,50.5
Saskatchewan,Total population,Unemployment 8,Males,2020,Persons,28.7
Saskatchewan,Total population,Unemployment 8,Females,2020,Persons,21.8
Saskatchewan,Total population,Not in labour force 9,Both sexes,2020,Persons,293.3
Saskatchewan,Total population,Not in labour force 9,Males,2020,Persons,123.6
Saskatchewan,Total population,Not in labour force 9,Females,2020,Persons,169.8
Saskatchewan,Total population,Population 5,Both sexes,2021,Persons,889.6
Saskatchewan,Total population,Population 5,Males,2021,Persons,446.9
Saskatchewan,Total population,Population 5,Females,2021,Persons,442.7
Saskatchewan,Total population,Labour force 6,Both sexes,2021,Persons,598.4
Saskatchewan,Total population,Labour force 6,Males,2021,Persons,324.5
Saskatchewan,Total population,Labour force 6,Females,2021,Persons,273.9
Saskatchewan,Total population,Employment 7,Both sexes,2021,Persons,558.1
Saskatchewan,Total population,Employment 7,Males,2021,Persons,300.4
Saskatchewan,Total population,Employment 7,Females,2021,Persons,257.7
Saskatchewan,Total population,Unemployment 8,Both sexes,2021,Persons,40.3
Saskatchewan,Total population,Unemployment 8,Males,2021,Persons,24.1
Saskatchewan,Total population,Unemployment 8,Females,2021,Persons,16.2
Saskatchewan,Total population,Not in labour force 9,Both sexes,2021,Persons,291.1
Saskatchewan,Total population,Not in labour force 9,Males,2021,Persons,122.4
Saskatchewan,Total population,Not in labour force 9,Females,2021,Persons,168.8
Saskatchewan,Total population,Population 5,Both sexes,2022,Persons,900.2
Saskatchewan,Total population,Population 5,Males,2022,Persons,452.5
Saskatchewan,Total population,Population 5,Females,2022,Persons,447.7
Saskatchewan,Total population,Labour force 6,Both sexes,2022,Persons,606.1
Saskatchewan,Total population,Labour force 6,Males,2022,Persons,325.1
Saskatchewan,Total population,Labour force 6,Females,2022,Persons,281
Saskatchewan,Total population,Employment 7,Both sexes,2022,Persons,576.5
Saskatchewan,Total population,Employment 7,Males,2022,Persons,306.7
Saskatchewan,Total population,Employment 7,Females,2022,Persons,269.8
Saskatchewan,Total population,Unemployment 8,Both sexes,2022,Persons,29.7
Saskatchewan,Total population,Unemployment 8,Males,2022,Persons,18.5
Saskatchewan,Total population,Unemployment 8,Females,2022,Persons,11.2
Saskatchewan,Total population,Not in labour force 9,Both sexes,2022,Persons,294.1
Saskatchewan,Total population,Not in labour force 9,Males,2022,Persons,127.4
Saskatchewan,Total population,Not in labour force 9,Females,2022,Persons,166.7
Saskatchewan,Total population,Population 5,Both sexes,2023,Persons,924.2
Saskatchewan,Total population,Population 5,Males,2023,Persons,465.3
Saskatchewan,Total population,Population 5,Females,2023,Persons,458.9
Saskatchewan,Total population,Labour force 6,Both sexes,2023,Persons,618.9
Saskatchewan,Total population,Labour force 6,Males,2023,Persons,332.5
Saskatchewan,Total population,Labour force 6,Females,2023,Persons,286.4
Saskatchewan,Total population,Employment 7,Both sexes,2023,Persons,588.4
Saskatchewan,Total population,Employment 7,Males,2023,Persons,315
Saskatchewan,Total population,Employment 7,Females,2023,Persons,273.4
Saskatchewan,Total population,Unemployment 8,Both sexes,2023,Persons,30.5
Saskatchewan,Total population,Unemployment 8,Males,2023,Persons,17.5
Saskatchewan,Total population,Unemployment 8,Females,2023,Persons,13
Saskatchewan,Total population,Not in labour force 9,Both sexes,2023,Persons,305.3
Saskatchewan,Total population,Not in labour force 9,Males,2023,Persons,132.8
Saskatchewan,Total population,Not in labour force 9,Females,2023,Persons,172.4
Saskatchewan,Total population,Population 5,Both sexes,2024,Persons,951.7
Saskatchewan,Total population,Population 5,Males,2024,Persons,480
Saskatchewan,Total population,Population 5,Females,2024,Persons,471.7
Saskatchewan,Total population,Labour force 6,Both sexes,2024,Persons,639.1
Saskatchewan,Total population,Labour force 6,Males,2024,Persons,344.5
Saskatchewan,Total population,Labour force 6,Females,2024,Persons,294.5
Saskatchewan,Total population,Employment 7,Both sexes,2024,Persons,603.1
Saskatchewan,Total population,Employment 7,Males,2024,Persons,324
Saskatchewan,Total population,Employment 7,Females,2024,Persons,279.2
Saskatchewan,Total population,Unemployment 8,Both sexes,2024,Persons,35.9
Saskatchewan,Total population,Unemployment 8,Males,2024,Persons,20.6
Saskatchewan,Total population,Unemployment 8,Females,2024,Persons,15.4
Saskatchewan,Total population,Not in labour force 9,Both sexes,2024,Persons,312.6
Saskatchewan,Total population,Not in labour force 9,Males,2024,Persons,135.5
Saskatchewan,Total population,Not in labour force 9,Females,2024,Persons,177.2
Saskatchewan,Total population,Unemployment rate 10,Both sexes,2020,Percentage,8.5
Saskatchewan,Total population,Unemployment rate 10,Males,2020,Percentage,8.9
Saskatchewan,Total population,Unemployment rate 10,Females,2020,Percentage,8
Saskatchewan,Total population,Participation rate 11,Both sexes,2020,Percentage,67
Saskatchewan,Total population,Participation rate 11,Males,2020,Percentage,72.3
Saskatchewan,Total population,Participation rate 11,Females,2020,Percentage,61.6
Saskatchewan,Total population,Employment rate 12,Both sexes,2020,Percentage,61.3
Saskatchewan,Total population,Employment rate 12,Males,2020,Percentage,65.9
Saskatchewan,Total population,Employment rate 12,Females,2020,Percentage,56.6
Saskatchewan,Total population,Unemployment rate 10,Both sexes,2021,Percentage,6.7
Saskatchewan,Total population,Unemployment rate 10,Males,2021,Percentage,7.4
Saskatchewan,Total population,Unemployment rate 10,Females,2021,Percentage,5.9
Saskatchewan,Total population,Participation rate 11,Both sexes,2021,Percentage,67.3
Saskatchewan,Total population,Participation rate 11,Males,2021,Percentage,72.6
Saskatchewan,Total population,Participation rate 11,Females,2021,Percentage,61.9
Saskatchewan,Total population,Employment rate 12,Both sexes,2021,Percentage,62.7
Saskatchewan,Total population,Employment rate 12,Males,2021,Percentage,67.2
Saskatchewan,Total population,Employment rate 12,Females,2021,Percentage,58.2
Saskatchewan,Total population,Unemployment rate 10,Both sexes,2022,Percentage,4.9
Saskatchewan,Total population,Unemployment rate 10,Males,2022,Percentage,5.7
Saskatchewan,Total population,Unemployment rate 10,Females,2022,Percentage,4
Saskatchewan,Total population,Participation rate 11,Both sexes,2022,Percentage,67.3
Saskatchewan,Total population,Participation rate 11,Males,2022,Percentage,71.8
Saskatchewan,Total population,Participation rate 11,Females,2022,Percentage,62.8
Saskatchewan,Total population,Employment rate 12,Both sexes,2022,Percentage,64
Saskatchewan,Total population,Employment rate 12,Males,2022,Percentage,67.8
Saskatchewan,Total population,Employment rate 12,Females,2022,Percentage,60.3
Saskatchewan,Total population,Unemployment rate 10,Both sexes,2023,Percentage,4.9
Saskatchewan,Total population,Unemployment rate 10,Males,2023,Percentage,5.3
Saskatchewan,Total population,Unemployment rate 10,Females,2023,Percentage,4.5
Saskatchewan,Total population,Participation rate 11,Both sexes,2023,Percentage,67
Saskatchewan,Total population,Participation rate 11,Males,2023,Percentage,71.4
Saskatchewan,Total population,Participation rate 11,Females,2023,Percentage,62.4
Saskatchewan,Total population,Employment rate 12,Both sexes,2023,Percentage,63.7
Saskatchewan,Total population,Employment rate 12,Males,2023,Percentage,67.7
Saskatchewan,Total population,Employment rate 12,Females,2023,Percentage,59.6
Saskatchewan,Total population,Unemployment rate 10,Both sexes,2024,Percentage,5.6
Saskatchewan,Total population,Unemployment rate 10,Males,2024,Percentage,6
Saskatchewan,Total population,Unemployment rate 10,Females,2024,Percentage,5.2
Saskatchewan,Total population,Participation rate 11,Both sexes,2024,Percentage,67.1
Saskatchewan,Total population,Participation rate 11,Males,2024,Percentage,71.8
Saskatchewan,Total population,Participation rate 11,Females,2024,Percentage,62.4
Saskatchewan,Total population,Employment rate 12,Both sexes,2024,Percentage,63.4
Saskatchewan,Total population,Employment rate 12,Males,2024,Percentage,67.5
Saskatchewan,Total population,Employment rate 12,Females,2024,Percentage,59.2
Saskatchewan,Indigenous population,Population 5,Both sexes,2020,Persons,99
Saskatchewan,Indigenous population,Population 5,Males,2020,Persons,47.1
Saskatchewan,Indigenous population,Population 5,Females,2020,Persons,51.9
Saskatchewan,Indigenous population,Labour force 6,Both sexes,2020,Persons,61.1
Saskatchewan,Indigenous population,Labour force 6,Males,2020,Persons,30.8
Saskatchewan,Indigenous population,Labour force 6,Females,2020,Persons,30.3
Saskatchewan,Indigenous population,Employment 7,Both sexes,2020,Persons,52.2
Saskatchewan,Indigenous population,Employment 7,Males,2020,Persons,26.3
Saskatchewan,Indigenous population,Employment 7,Females,2020,Persons,25.9
Saskatchewan,Indigenous population,Unemployment 8,Both sexes,2020,Persons,8.9
Saskatchewan,Indigenous population,Unemployment 8,Males,2020,Persons,4.6
Saskatchewan,Indigenous population,Unemployment 8,Females,2020,Persons,4.4
Saskatchewan,Indigenous population,Not in labour force 9,Both sexes,2020,Persons,37.9
Saskatchewan,Indigenous population,Not in labour force 9,Males,2020,Persons,16.2
Saskatchewan,Indigenous population,Not in labour force 9,Females,2020,Persons,21.6
Saskatchewan,Indigenous population,Population 5,Both sexes,2021,Persons,103.2
Saskatchewan,Indigenous population,Population 5,Males,2021,Persons,49.3
Saskatchewan,Indigenous population,Population 5,Females,2021,Persons,53.9
Saskatchewan,Indigenous population,Labour force 6,Both sexes,2021,Persons,67
Saskatchewan,Indigenous population,Labour force 6,Males,2021,Persons,34.1
Saskatchewan,Indigenous population,Labour force 6,Females,2021,Persons,32.9
Saskatchewan,Indigenous population,Employment 7,Both sexes,2021,Persons,58.8
Saskatchewan,Indigenous population,Employment 7,Males,2021,Persons,29.6
Saskatchewan,Indigenous population,Employment 7,Females,2021,Persons,29.2
Saskatchewan,Indigenous population,Unemployment 8,Both sexes,2021,Persons,8.2
Saskatchewan,Indigenous population,Unemployment 8,Males,2021,Persons,4.6
Saskatchewan,Indigenous population,Unemployment 8,Females,2021,Persons,3.7
Saskatchewan,Indigenous population,Not in labour force 9,Both sexes,2021,Persons,36.2
Saskatchewan,Indigenous population,Not in labour force 9,Males,2021,Persons,15.2
Saskatchewan,Indigenous population,Not in labour force 9,Females,2021,Persons,21
Saskatchewan,Indigenous population,Population 5,Both sexes,2022,Persons,108.4
Saskatchewan,Indigenous population,Population 5,Males,2022,Persons,52.4
Saskatchewan,Indigenous population,Population 5,Females,2022,Persons,56
Saskatchewan,Indigenous population,Labour force 6,Both sexes,2022,Persons,70.7
Saskatchewan,Indigenous population,Labour force 6,Males,2022,Persons,35.7
Saskatchewan,Indigenous population,Labour force 6,Females,2022,Persons,35
Saskatchewan,Indigenous population,Employment 7,Both sexes,2022,Persons,63.9
Saskatchewan,Indigenous population,Employment 7,Males,2022,Persons,31.7
Saskatchewan,Indigenous population,Employment 7,Females,2022,Persons,32.2
Saskatchewan,Indigenous population,Unemployment 8,Both sexes,2022,Persons,6.8
Saskatchewan,Indigenous population,Unemployment 8,Males,2022,Persons,4
Saskatchewan,Indigenous population,Unemployment 8,Females,2022,Persons,2.9
Saskatchewan,Indigenous population,Not in labour force 9,Both sexes,2022,Persons,37.7
Saskatchewan,Indigenous population,Not in labour force 9,Males,2022,Persons,16.7
Saskatchewan,Indigenous population,Not in labour force 9,Females,2022,Persons,20.9
Saskatchewan,Indigenous population,Population 5,Both sexes,2023,Persons,111.5
Saskatchewan,Indigenous population,Population 5,Males,2023,Persons,54.3
Saskatchewan,Indigenous population,Population 5,Females,2023,Persons,57.2
Saskatchewan,Indigenous population,Labour force 6,Both sexes,2023,Persons,70.2
Saskatchewan,Indigenous population,Labour force 6,Males,2023,Persons,36
Saskatchewan,Indigenous population,Labour force 6,Females,2023,Persons,34.2
Saskatchewan,Indigenous population,Employment 7,Both sexes,2023,Persons,63.6
Saskatchewan,Indigenous population,Employment 7,Males,2023,Persons,32.4
Saskatchewan,Indigenous population,Employment 7,Females,2023,Persons,31.2
Saskatchewan,Indigenous population,Unemployment 8,Both sexes,2023,Persons,6.6
Saskatchewan,Indigenous population,Unemployment 8,Males,2023,Persons,3.6
Saskatchewan,Indigenous population,Unemployment 8,Females,2023,Persons,2.9
Saskatchewan,Indigenous population,Not in labour force 9,Both sexes,2023,Persons,41.4
Saskatchewan,Indigenous population,Not in labour force 9,Males,2023,Persons,18.3
Saskatchewan,Indigenous population,Not in labour force 9,Females,2023,Persons,23.1
Saskatchewan,Indigenous population,Population 5,Both sexes,2024,Persons,114
Saskatchewan,Indigenous population,Population 5,Males,2024,Persons,55.5
Saskatchewan,Indigenous population,Population 5,Females,2024,Persons,58.5
Saskatchewan,Indigenous population,Labour force 6,Both sexes,2024,Persons,72.7
Saskatchewan,Indigenous population,Labour force 6,Males,2024,Persons,37.5
Saskatchewan,Indigenous population,Labour force 6,Females,2024,Persons,35.3
Saskatchewan,Indigenous population,Employment 7,Both sexes,2024,Persons,64.8
Saskatchewan,Indigenous population,Employment 7,Males,2024,Persons,32.4
Saskatchewan,Indigenous population,Employment 7,Females,2024,Persons,32.4
Saskatchewan,Indigenous population,Unemployment 8,Both sexes,2024,Persons,7.9
Saskatchewan,Indigenous population,Unemployment 8,Males,2024,Persons,5
Saskatchewan,Indigenous population,Unemployment 8,Females,2024,Persons,2.9
Saskatchewan,Indigenous population,Not in labour force 9,Both sexes,2024,Persons,41.3
Saskatchewan,Indigenous population,Not in labour force 9,Males,2024,Persons,18.1
Saskatchewan,Indigenous population,Not in labour force 9,Females,2024,Persons,23.2
Saskatchewan,Indigenous population,Unemployment rate 10,Both sexes,2020,Percentage,14.6
Saskatchewan,Indigenous population,Unemployment rate 10,Males,2020,Percentage,14.8
Saskatchewan,Indigenous population,Unemployment rate 10,Females,2020,Percentage,14.5
Saskatchewan,Indigenous population,Participation rate 11,Both sexes,2020,Percentage,61.7
Saskatchewan,Indigenous population,Participation rate 11,Males,2020,Percentage,65.5
Saskatchewan,Indigenous population,Participation rate 11,Females,2020,Percentage,58.3
Saskatchewan,Indigenous population,Employment rate 12,Both sexes,2020,Percentage,52.7
Saskatchewan,Indigenous population,Employment rate 12,Males,2020,Percentage,55.8
Saskatchewan,Indigenous population,Employment rate 12,Females,2020,Percentage,49.9
Saskatchewan,Indigenous population,Unemployment rate 10,Both sexes,2021,Percentage,12.3
Saskatchewan,Indigenous population,Unemployment rate 10,Males,2021,Percentage,13.4
Saskatchewan,Indigenous population,Unemployment rate 10,Females,2021,Percentage,11.1
Saskatchewan,Indigenous population,Participation rate 11,Both sexes,2021,Percentage,64.9
Saskatchewan,Indigenous population,Participation rate 11,Males,2021,Percentage,69.2
Saskatchewan,Indigenous population,Participation rate 11,Females,2021,Percentage,61
Saskatchewan,Indigenous population,Employment rate 12,Both sexes,2021,Percentage,56.9
Saskatchewan,Indigenous population,Employment rate 12,Males,2021,Percentage,59.9
Saskatchewan,Indigenous population,Employment rate 12,Females,2021,Percentage,54.2
Saskatchewan,Indigenous population,Unemployment rate 10,Both sexes,2022,Percentage,9.6
Saskatchewan,Indigenous population,Unemployment rate 10,Males,2022,Percentage,11.1
Saskatchewan,Indigenous population,Unemployment rate 10,Females,2022,Percentage,8.2
Saskatchewan,Indigenous population,Participation rate 11,Both sexes,2022,Percentage,65.2
Saskatchewan,Indigenous population,Participation rate 11,Males,2022,Percentage,68.1
Saskatchewan,Indigenous population,Participation rate 11,Females,2022,Percentage,62.6
Saskatchewan,Indigenous population,Employment rate 12,Both sexes,2022,Percentage,58.9
Saskatchewan,Indigenous population,Employment rate 12,Males,2022,Percentage,60.5
Saskatchewan,Indigenous population,Employment rate 12,Females,2022,Percentage,57.5
Saskatchewan,Indigenous population,Unemployment rate 10,Both sexes,2023,Percentage,9.4
Saskatchewan,Indigenous population,Unemployment rate 10,Males,2023,Percentage,10
Saskatchewan,Indigenous population,Unemployment rate 10,Females,2023,Percentage,8.6
Saskatchewan,Indigenous population,Participation rate 11,Both sexes,2023,Percentage,62.9
Saskatchewan,Indigenous population,Participation rate 11,Males,2023,Percentage,66.3
Saskatchewan,Indigenous population,Participation rate 11,Females,2023,Percentage,59.7
Saskatchewan,Indigenous population,Employment rate 12,Both sexes,2023,Percentage,57
Saskatchewan,Indigenous population,Employment rate 12,Males,2023,Percentage,59.7
Saskatchewan,Indigenous population,Employment rate 12,Females,2023,Percentage,54.5
Saskatchewan,Indigenous population,Unemployment rate 10,Both sexes,2024,Percentage,10.9
Saskatchewan,Indigenous population,Unemployment rate 10,Males,2024,Percentage,13.5
Saskatchewan,Indigenous population,Unemployment rate 10,Females,2024,Percentage,8.1
Saskatchewan,Indigenous population,Participation rate 11,Both sexes,2024,Percentage,63.8
Saskatchewan,Indigenous population,Participation rate 11,Males,2024,Percentage,67.5
Saskatchewan,Indigenous population,Participation rate 11,Females,2024,Percentage,60.3
Saskatchewan,Indigenous population,Employment rate 12,Both sexes,2024,Percentage,56.9
Saskatchewan,Indigenous population,Employment rate 12,Males,2024,Percentage,58.4
Saskatchewan,Indigenous population,Employment rate 12,Females,2024,Percentage,55.4
Saskatchewan,Non-Indigenous population,Population 5,Both sexes,2020,Persons,789.1
Saskatchewan,Non-Indigenous population,Population 5,Males,2020,Persons,399.1
Saskatchewan,Non-Indigenous population,Population 5,Females,2020,Persons,389.9
Saskatchewan,Non-Indigenous population,Labour force 6,Both sexes,2020,Persons,533.6
Saskatchewan,Non-Indigenous population,Labour force 6,Males,2020,Persons,291.8
Saskatchewan,Non-Indigenous population,Labour force 6,Females,2020,Persons,241.8
Saskatchewan,Non-Indigenous population,Employment 7,Both sexes,2020,Persons,492
Saskatchewan,Non-Indigenous population,Employment 7,Males,2020,Persons,267.7
Saskatchewan,Non-Indigenous population,Employment 7,Females,2020,Persons,224.3
Saskatchewan,Non-Indigenous population,Unemployment 8,Both sexes,2020,Persons,41.6
Saskatchewan,Non-Indigenous population,Unemployment 8,Males,2020,Persons,24.1
Saskatchewan,Non-Indigenous population,Unemployment 8,Females,2020,Persons,17.4
Saskatchewan,Non-Indigenous population,Not in labour force 9,Both sexes,2020,Persons,255.5
Saskatchewan,Non-Indigenous population,Not in labour force 9,Males,2020,Persons,107.3
Saskatchewan,Non-Indigenous population,Not in labour force 9,Females,2020,Persons,148.2
Saskatchewan,Non-Indigenous population,Population 5,Both sexes,2021,Persons,786.3
Saskatchewan,Non-Indigenous population,Population 5,Males,2021,Persons,397.5
Saskatchewan,Non-Indigenous population,Population 5,Females,2021,Persons,388.8
Saskatchewan,Non-Indigenous population,Labour force 6,Both sexes,2021,Persons,531.4
Saskatchewan,Non-Indigenous population,Labour force 6,Males,2021,Persons,290.4
Saskatchewan,Non-Indigenous population,Labour force 6,Females,2021,Persons,241
Saskatchewan,Non-Indigenous population,Employment 7,Both sexes,2021,Persons,499.3
Saskatchewan,Non-Indigenous population,Employment 7,Males,2021,Persons,270.8
Saskatchewan,Non-Indigenous population,Employment 7,Females,2021,Persons,228.5
Saskatchewan,Non-Indigenous population,Unemployment 8,Both sexes,2021,Persons,32.1
Saskatchewan,Non-Indigenous population,Unemployment 8,Males,2021,Persons,19.5
Saskatchewan,Non-Indigenous population,Unemployment 8,Females,2021,Persons,12.6
Saskatchewan,Non-Indigenous population,Not in labour force 9,Both sexes,2021,Persons,254.9
Saskatchewan,Non-Indigenous population,Not in labour force 9,Males,2021,Persons,107.2
Saskatchewan,Non-Indigenous population,Not in labour force 9,Females,2021,Persons,147.8
Saskatchewan,Non-Indigenous population,Population 5,Both sexes,2022,Persons,791.8
Saskatchewan,Non-Indigenous population,Population 5,Males,2022,Persons,400.1
Saskatchewan,Non-Indigenous population,Population 5,Females,2022,Persons,391.7
Saskatchewan,Non-Indigenous population,Labour force 6,Both sexes,2022,Persons,535.4
Saskatchewan,Non-Indigenous population,Labour force 6,Males,2022,Persons,289.4
Saskatchewan,Non-Indigenous population,Labour force 6,Females,2022,Persons,246
Saskatchewan,Non-Indigenous population,Employment 7,Both sexes,2022,Persons,512.6
Saskatchewan,Non-Indigenous population,Employment 7,Males,2022,Persons,274.9
Saskatchewan,Non-Indigenous population,Employment 7,Females,2022,Persons,237.6
Saskatchewan,Non-Indigenous population,Unemployment 8,Both sexes,2022,Persons,22.8
Saskatchewan,Non-Indigenous population,Unemployment 8,Males,2022,Persons,14.5
Saskatchewan,Non-Indigenous population,Unemployment 8,Females,2022,Persons,8.3
Saskatchewan,Non-Indigenous population,Not in labour force 9,Both sexes,2022,Persons,256.4
Saskatchewan,Non-Indigenous population,Not in labour force 9,Males,2022,Persons,110.7
Saskatchewan,Non-Indigenous population,Not in labour force 9,Females,2022,Persons,145.8
Saskatchewan,Non-Indigenous population,Population 5,Both sexes,2023,Persons,812.7
Saskatchewan,Non-Indigenous population,Population 5,Males,2023,Persons,411
Saskatchewan,Non-Indigenous population,Population 5,Females,2023,Persons,401.6
Saskatchewan,Non-Indigenous population,Labour force 6,Both sexes,2023,Persons,548.7
Saskatchewan,Non-Indigenous population,Labour force 6,Males,2023,Persons,296.5
Saskatchewan,Non-Indigenous population,Labour force 6,Females,2023,Persons,252.3
Saskatchewan,Non-Indigenous population,Employment 7,Both sexes,2023,Persons,524.8
Saskatchewan,Non-Indigenous population,Employment 7,Males,2023,Persons,282.6
Saskatchewan,Non-Indigenous population,Employment 7,Females,2023,Persons,242.2
Saskatchewan,Non-Indigenous population,Unemployment 8,Both sexes,2023,Persons,23.9
Saskatchewan,Non-Indigenous population,Unemployment 8,Males,2023,Persons,13.9
Saskatchewan,Non-Indigenous population,Unemployment 8,Females,2023,Persons,10.1
Saskatchewan,Non-Indigenous population,Not in labour force 9,Both sexes,2023,Persons,263.9
Saskatchewan,Non-Indigenous population,Not in labour force 9,Males,2023,Persons,114.6
Saskatchewan,Non-Indigenous population,Not in labour force 9,Females,2023,Persons,149.3
Saskatchewan,Non-Indigenous population,Population 5,Both sexes,2024,Persons,837.7
Saskatchewan,Non-Indigenous population,Population 5,Males,2024,Persons,424.4
Saskatchewan,Non-Indigenous population,Population 5,Females,2024,Persons,413.2
Saskatchewan,Non-Indigenous population,Labour force 6,Both sexes,2024,Persons,566.3
Saskatchewan,Non-Indigenous population,Labour force 6,Males,2024,Persons,307
Saskatchewan,Non-Indigenous population,Labour force 6,Females,2024,Persons,259.3
Saskatchewan,Non-Indigenous population,Employment 7,Both sexes,2024,Persons,538.3
Saskatchewan,Non-Indigenous population,Employment 7,Males,2024,Persons,291.5
Saskatchewan,Non-Indigenous population,Employment 7,Females,2024,Persons,246.8
Saskatchewan,Non-Indigenous population,Unemployment 8,Both sexes,2024,Persons,28
Saskatchewan,Non-Indigenous population,Unemployment 8,Males,2024,Persons,15.5
Saskatchewan,Non-Indigenous population,Unemployment 8,Females,2024,Persons,12.5
Saskatchewan,Non-Indigenous population,Not in labour force 9,Both sexes,2024,Persons,271.3
Saskatchewan,Non-Indigenous population,Not in labour force 9,Males,2024,Persons,117.4
Saskatchewan,Non-Indigenous population,Not in labour force 9,Females,2024,Persons,153.9
Saskatchewan,Non-Indigenous population,Unemployment rate 10,Both sexes,2020,Percentage,7.8
Saskatchewan,Non-Indigenous population,Unemployment rate 10,Males,2020,Percentage,8.3
Saskatchewan,Non-Indigenous population,Unemployment rate 10,Females,2020,Percentage,7.2
Saskatchewan,Non-Indigenous population,Participation rate 11,Both sexes,2020,Percentage,67.6
Saskatchewan,Non-Indigenous population,Participation rate 11,Males,2020,Percentage,73.1
Saskatchewan,Non-Indigenous population,Participation rate 11,Females,2020,Percentage,62
Saskatchewan,Non-Indigenous population,Employment rate 12,Both sexes,2020,Percentage,62.4
Saskatchewan,Non-Indigenous population,Employment rate 12,Males,2020,Percentage,67.1
Saskatchewan,Non-Indigenous population,Employment rate 12,Females,2020,Percentage,57.5
Saskatchewan,Non-Indigenous population,Unemployment rate 10,Both sexes,2021,Percentage,6
Saskatchewan,Non-Indigenous population,Unemployment rate 10,Males,2021,Percentage,6.7
Saskatchewan,Non-Indigenous population,Unemployment rate 10,Females,2021,Percentage,5.2
Saskatchewan,Non-Indigenous population,Participation rate 11,Both sexes,2021,Percentage,67.6
Saskatchewan,Non-Indigenous population,Participation rate 11,Males,2021,Percentage,73
Saskatchewan,Non-Indigenous population,Participation rate 11,Females,2021,Percentage,62
Saskatchewan,Non-Indigenous population,Employment rate 12,Both sexes,2021,Percentage,63.5
Saskatchewan,Non-Indigenous population,Employment rate 12,Males,2021,Percentage,68.1
Saskatchewan,Non-Indigenous population,Employment rate 12,Females,2021,Percentage,58.8
Saskatchewan,Non-Indigenous population,Unemployment rate 10,Both sexes,2022,Percentage,4.3
Saskatchewan,Non-Indigenous population,Unemployment rate 10,Males,2022,Percentage,5
Saskatchewan,Non-Indigenous population,Unemployment rate 10,Females,2022,Percentage,3.4
Saskatchewan,Non-Indigenous population,Participation rate 11,Both sexes,2022,Percentage,67.6
Saskatchewan,Non-Indigenous population,Participation rate 11,Males,2022,Percentage,72.3
Saskatchewan,Non-Indigenous population,Participation rate 11,Females,2022,Percentage,62.8
Saskatchewan,Non-Indigenous population,Employment rate 12,Both sexes,2022,Percentage,64.7
Saskatchewan,Non-Indigenous population,Employment rate 12,Males,2022,Percentage,68.7
Saskatchewan,Non-Indigenous population,Employment rate 12,Females,2022,Percentage,60.7
Saskatchewan,Non-Indigenous population,Unemployment rate 10,Both sexes,2023,Percentage,4.4
Saskatchewan,Non-Indigenous population,Unemployment rate 10,Males,2023,Percentage,4.7
Saskatchewan,Non-Indigenous population,Unemployment rate 10,Females,2023,Percentage,4
Saskatchewan,Non-Indigenous population,Participation rate 11,Both sexes,2023,Percentage,67.5
Saskatchewan,Non-Indigenous population,Participation rate 11,Males,2023,Percentage,72.1
Saskatchewan,Non-Indigenous population,Participation rate 11,Females,2023,Percentage,62.8
Saskatchewan,Non-Indigenous population,Employment rate 12,Both sexes,2023,Percentage,64.6
Saskatchewan,Non-Indigenous population,Employment rate 12,Males,2023,Percentage,68.7
Saskatchewan,Non-Indigenous population,Employment rate 12,Females,2023,Percentage,60.3
Saskatchewan,Non-Indigenous population,Unemployment rate 10,Both sexes,2024,Percentage,4.9
Saskatchewan,Non-Indigenous population,Unemployment rate 10,Males,2024,Percentage,5.1
Saskatchewan,Non-Indigenous population,Unemployment rate 10,Females,2024,Percentage,4.8
Saskatchewan,Non-Indigenous population,Participation rate 11,Both sexes,2024,Percentage,67.6
Saskatchewan,Non-Indigenous population,Participation rate 11,Males,2024,Percentage,72.3
Saskatchewan,Non-Indigenous population,Participation rate 11,Females,2024,Percentage,62.8
Saskatchewan,Non-Indigenous population,Employment rate 12,Both sexes,2024,Percentage,64.3
Saskatchewan,Non-Indigenous population,Employment rate 12,Males,2024,Percentage,68.7
Saskatchewan,Non-Indigenous population,Employment rate 12,Females,2024,Percentage,59.7
Alberta,Total population,Population 5,Both sexes,2020,Persons,"3,507.00"
Alberta,Total population,Population 5,Males,2020,Persons,"1,754.60"
Alberta,Total population,Population 5,Females,2020,Persons,"1,752.40"
Alberta,Total population,Labour force 6,Both sexes,2020,Persons,"2,412.10"
Alberta,Total population,Labour force 6,Males,2020,Persons,"1,310.10"
Alberta,Total population,Labour force 6,Females,2020,Persons,"1,102.00"
Alberta,Total population,Employment 7,Both sexes,2020,Persons,"2,136.70"
Alberta,Total population,Employment 7,Males,2020,Persons,"1,158.00"
Alberta,Total population,Employment 7,Females,2020,Persons,978.7
Alberta,Total population,Unemployment 8,Both sexes,2020,Persons,275.4
Alberta,Total population,Unemployment 8,Males,2020,Persons,152.2
Alberta,Total population,Unemployment 8,Females,2020,Persons,123.3
Alberta,Total population,Not in labour force 9,Both sexes,2020,Persons,"1,094.90"
Alberta,Total population,Not in labour force 9,Males,2020,Persons,444.4
Alberta,Total population,Not in labour force 9,Females,2020,Persons,650.4
Alberta,Total population,Population 5,Both sexes,2021,Persons,"3,543.70"
Alberta,Total population,Population 5,Males,2021,Persons,"1,771.40"
Alberta,Total population,Population 5,Females,2021,Persons,"1,772.20"
Alberta,Total population,Labour force 6,Both sexes,2021,Persons,"2,467.00"
Alberta,Total population,Labour force 6,Males,2021,Persons,"1,322.30"
Alberta,Total population,Labour force 6,Females,2021,Persons,"1,144.70"
Alberta,Total population,Employment 7,Both sexes,2021,Persons,"2,253.40"
Alberta,Total population,Employment 7,Males,2021,Persons,"1,207.50"
Alberta,Total population,Employment 7,Females,2021,Persons,"1,045.90"
Alberta,Total population,Unemployment 8,Both sexes,2021,Persons,213.6
Alberta,Total population,Unemployment 8,Males,2021,Persons,114.8
Alberta,Total population,Unemployment 8,Females,2021,Persons,98.8
Alberta,Total population,Not in labour force 9,Both sexes,2021,Persons,"1,076.70"
Alberta,Total population,Not in labour force 9,Males,2021,Persons,449.1
Alberta,Total population,Not in labour force 9,Females,2021,Persons,627.6
Alberta,Total population,Population 5,Both sexes,2022,Persons,"3,616.60"
Alberta,Total population,Population 5,Males,2022,Persons,"1,806.60"
Alberta,Total population,Population 5,Females,2022,Persons,"1,810.00"
Alberta,Total population,Labour force 6,Both sexes,2022,Persons,"2,517.70"
Alberta,Total population,Labour force 6,Males,2022,Persons,"1,333.40"
Alberta,Total population,Labour force 6,Females,2022,Persons,"1,184.30"
Alberta,Total population,Employment 7,Both sexes,2022,Persons,"2,368.90"
Alberta,Total population,Employment 7,Males,2022,Persons,"1,254.90"
Alberta,Total population,Employment 7,Females,2022,Persons,"1,113.90"
Alberta,Total population,Unemployment 8,Both sexes,2022,Persons,148.9
Alberta,Total population,Unemployment 8,Males,2022,Persons,78.4
Alberta,Total population,Unemployment 8,Females,2022,Persons,70.4
Alberta,Total population,Not in labour force 9,Both sexes,2022,Persons,"1,098.90"
Alberta,Total population,Not in labour force 9,Males,2022,Persons,473.2
Alberta,Total population,Not in labour force 9,Females,2022,Persons,625.7
Alberta,Total population,Population 5,Both sexes,2023,Persons,"3,756.00"
Alberta,Total population,Population 5,Males,2023,Persons,"1,876.50"
Alberta,Total population,Population 5,Females,2023,Persons,"1,879.50"
Alberta,Total population,Labour force 6,Both sexes,2023,Persons,"2,611.70"
Alberta,Total population,Labour force 6,Males,2023,Persons,"1,391.60"
Alberta,Total population,Labour force 6,Females,2023,Persons,"1,220.10"
Alberta,Total population,Employment 7,Both sexes,2023,Persons,"2,456.30"
Alberta,Total population,Employment 7,Males,2023,Persons,"1,307.70"
Alberta,Total population,Employment 7,Females,2023,Persons,"1,148.60"
Alberta,Total population,Unemployment 8,Both sexes,2023,Persons,155.4
Alberta,Total population,Unemployment 8,Males,2023,Persons,83.9
Alberta,Total population,Unemployment 8,Females,2023,Persons,71.6
Alberta,Total population,Not in labour force 9,Both sexes,2023,Persons,"1,144.30"
Alberta,Total population,Not in labour force 9,Males,2023,Persons,484.9
Alberta,Total population,Not in labour force 9,Females,2023,Persons,659.4
Alberta,Total population,Population 5,Both sexes,2024,Persons,"3,933.90"
Alberta,Total population,Population 5,Males,2024,Persons,"1,967.30"
Alberta,Total population,Population 5,Females,2024,Persons,"1,966.60"
Alberta,Total population,Labour force 6,Both sexes,2024,Persons,"2,725.30"
Alberta,Total population,Labour force 6,Males,2024,Persons,"1,459.90"
Alberta,Total population,Labour force 6,Females,2024,Persons,"1,265.40"
Alberta,Total population,Employment 7,Both sexes,2024,Persons,"2,534.10"
Alberta,Total population,Employment 7,Males,2024,Persons,"1,357.30"
Alberta,Total population,Employment 7,Females,2024,Persons,"1,176.80"
Alberta,Total population,Unemployment 8,Both sexes,2024,Persons,191.2
Alberta,Total population,Unemployment 8,Males,2024,Persons,102.6
Alberta,Total population,Unemployment 8,Females,2024,Persons,88.6
Alberta,Total population,Not in labour force 9,Both sexes,2024,Persons,"1,208.60"
Alberta,Total population,Not in labour force 9,Males,2024,Persons,507.4
Alberta,Total population,Not in labour force 9,Females,2024,Persons,701.2
Alberta,Total population,Unemployment rate 10,Both sexes,2020,Percentage,11.4
Alberta,Total population,Unemployment rate 10,Males,2020,Percentage,11.6
Alberta,Total population,Unemployment rate 10,Females,2020,Percentage,11.2
Alberta,Total population,Participation rate 11,Both sexes,2020,Percentage,68.8
Alberta,Total population,Participation rate 11,Males,2020,Percentage,74.7
Alberta,Total population,Participation rate 11,Females,2020,Percentage,62.9
Alberta,Total population,Employment rate 12,Both sexes,2020,Percentage,60.9
Alberta,Total population,Employment rate 12,Males,2020,Percentage,66
Alberta,Total population,Employment rate 12,Females,2020,Percentage,55.8
Alberta,Total population,Unemployment rate 10,Both sexes,2021,Percentage,8.7
Alberta,Total population,Unemployment rate 10,Males,2021,Percentage,8.7
Alberta,Total population,Unemployment rate 10,Females,2021,Percentage,8.6
Alberta,Total population,Participation rate 11,Both sexes,2021,Percentage,69.6
Alberta,Total population,Participation rate 11,Males,2021,Percentage,74.6
Alberta,Total population,Participation rate 11,Females,2021,Percentage,64.6
Alberta,Total population,Employment rate 12,Both sexes,2021,Percentage,63.6
Alberta,Total population,Employment rate 12,Males,2021,Percentage,68.2
Alberta,Total population,Employment rate 12,Females,2021,Percentage,59
Alberta,Total population,Unemployment rate 10,Both sexes,2022,Percentage,5.9
Alberta,Total population,Unemployment rate 10,Males,2022,Percentage,5.9
Alberta,Total population,Unemployment rate 10,Females,2022,Percentage,5.9
Alberta,Total population,Participation rate 11,Both sexes,2022,Percentage,69.6
Alberta,Total population,Participation rate 11,Males,2022,Percentage,73.8
Alberta,Total population,Participation rate 11,Females,2022,Percentage,65.4
Alberta,Total population,Employment rate 12,Both sexes,2022,Percentage,65.5
Alberta,Total population,Employment rate 12,Males,2022,Percentage,69.5
Alberta,Total population,Employment rate 12,Females,2022,Percentage,61.5
Alberta,Total population,Unemployment rate 10,Both sexes,2023,Percentage,6
Alberta,Total population,Unemployment rate 10,Males,2023,Percentage,6
Alberta,Total population,Unemployment rate 10,Females,2023,Percentage,5.9
Alberta,Total population,Participation rate 11,Both sexes,2023,Percentage,69.5
Alberta,Total population,Participation rate 11,Males,2023,Percentage,74.2
Alberta,Total population,Participation rate 11,Females,2023,Percentage,64.9
Alberta,Total population,Employment rate 12,Both sexes,2023,Percentage,65.4
Alberta,Total population,Employment rate 12,Males,2023,Percentage,69.7
Alberta,Total population,Employment rate 12,Females,2023,Percentage,61.1
Alberta,Total population,Unemployment rate 10,Both sexes,2024,Percentage,7
Alberta,Total population,Unemployment rate 10,Males,2024,Percentage,7
Alberta,Total population,Unemployment rate 10,Females,2024,Percentage,7
Alberta,Total population,Participation rate 11,Both sexes,2024,Percentage,69.3
Alberta,Total population,Participation rate 11,Males,2024,Percentage,74.2
Alberta,Total population,Participation rate 11,Females,2024,Percentage,64.3
Alberta,Total population,Employment rate 12,Both sexes,2024,Percentage,64.4
Alberta,Total population,Employment rate 12,Males,2024,Percentage,69
Alberta,Total population,Employment rate 12,Females,2024,Percentage,59.8
Alberta,Indigenous population,Population 5,Both sexes,2020,Persons,185.9
Alberta,Indigenous population,Population 5,Males,2020,Persons,89.3
Alberta,Indigenous population,Population 5,Females,2020,Persons,96.6
Alberta,Indigenous population,Labour force 6,Both sexes,2020,Persons,121
Alberta,Indigenous population,Labour force 6,Males,2020,Persons,63.8
Alberta,Indigenous population,Labour force 6,Females,2020,Persons,57.3
Alberta,Indigenous population,Employment 7,Both sexes,2020,Persons,99.2
Alberta,Indigenous population,Employment 7,Males,2020,Persons,52.8
Alberta,Indigenous population,Employment 7,Females,2020,Persons,46.4
Alberta,Indigenous population,Unemployment 8,Both sexes,2020,Persons,21.8
Alberta,Indigenous population,Unemployment 8,Males,2020,Persons,10.9
Alberta,Indigenous population,Unemployment 8,Females,2020,Persons,10.9
Alberta,Indigenous population,Not in labour force 9,Both sexes,2020,Persons,64.9
Alberta,Indigenous population,Not in labour force 9,Males,2020,Persons,25.5
Alberta,Indigenous population,Not in labour force 9,Females,2020,Persons,39.4
Alberta,Indigenous population,Population 5,Both sexes,2021,Persons,193.8
Alberta,Indigenous population,Population 5,Males,2021,Persons,93.6
Alberta,Indigenous population,Population 5,Females,2021,Persons,100.2
Alberta,Indigenous population,Labour force 6,Both sexes,2021,Persons,134.3
Alberta,Indigenous population,Labour force 6,Males,2021,Persons,71.3
Alberta,Indigenous population,Labour force 6,Females,2021,Persons,63
Alberta,Indigenous population,Employment 7,Both sexes,2021,Persons,117
Alberta,Indigenous population,Employment 7,Males,2021,Persons,63.2
Alberta,Indigenous population,Employment 7,Females,2021,Persons,53.8
Alberta,Indigenous population,Unemployment 8,Both sexes,2021,Persons,17.3
Alberta,Indigenous population,Unemployment 8,Males,2021,Persons,8.1
Alberta,Indigenous population,Unemployment 8,Females,2021,Persons,9.2
Alberta,Indigenous population,Not in labour force 9,Both sexes,2021,Persons,59.5
Alberta,Indigenous population,Not in labour force 9,Males,2021,Persons,22.3
Alberta,Indigenous population,Not in labour force 9,Females,2021,Persons,37.2
Alberta,Indigenous population,Population 5,Both sexes,2022,Persons,202.6
Alberta,Indigenous population,Population 5,Males,2022,Persons,98.7
Alberta,Indigenous population,Population 5,Females,2022,Persons,103.9
Alberta,Indigenous population,Labour force 6,Both sexes,2022,Persons,146.8
Alberta,Indigenous population,Labour force 6,Males,2022,Persons,76.5
Alberta,Indigenous population,Labour force 6,Females,2022,Persons,70.3
Alberta,Indigenous population,Employment 7,Both sexes,2022,Persons,134.1
Alberta,Indigenous population,Employment 7,Males,2022,Persons,70.3
Alberta,Indigenous population,Employment 7,Females,2022,Persons,63.8
Alberta,Indigenous population,Unemployment 8,Both sexes,2022,Persons,12.7
Alberta,Indigenous population,Unemployment 8,Males,2022,Persons,6.1
Alberta,Indigenous population,Unemployment 8,Females,2022,Persons,6.6
Alberta,Indigenous population,Not in labour force 9,Both sexes,2022,Persons,55.9
Alberta,Indigenous population,Not in labour force 9,Males,2022,Persons,22.2
Alberta,Indigenous population,Not in labour force 9,Females,2022,Persons,33.6
Alberta,Indigenous population,Population 5,Both sexes,2023,Persons,207.6
Alberta,Indigenous population,Population 5,Males,2023,Persons,101.5
Alberta,Indigenous population,Population 5,Females,2023,Persons,106.1
Alberta,Indigenous population,Labour force 6,Both sexes,2023,Persons,147.7
Alberta,Indigenous population,Labour force 6,Males,2023,Persons,75.2
Alberta,Indigenous population,Labour force 6,Females,2023,Persons,72.4
Alberta,Indigenous population,Employment 7,Both sexes,2023,Persons,132.2
Alberta,Indigenous population,Employment 7,Males,2023,Persons,67.5
Alberta,Indigenous population,Employment 7,Females,2023,Persons,64.7
Alberta,Indigenous population,Unemployment 8,Both sexes,2023,Persons,15.4
Alberta,Indigenous population,Unemployment 8,Males,2023,Persons,7.7
Alberta,Indigenous population,Unemployment 8,Females,2023,Persons,7.7
Alberta,Indigenous population,Not in labour force 9,Both sexes,2023,Persons,59.9
Alberta,Indigenous population,Not in labour force 9,Males,2023,Persons,26.3
Alberta,Indigenous population,Not in labour force 9,Females,2023,Persons,33.6
Alberta,Indigenous population,Population 5,Both sexes,2024,Persons,212.9
Alberta,Indigenous population,Population 5,Males,2024,Persons,104.3
Alberta,Indigenous population,Population 5,Females,2024,Persons,108.6
Alberta,Indigenous population,Labour force 6,Both sexes,2024,Persons,142.8
Alberta,Indigenous population,Labour force 6,Males,2024,Persons,75.3
Alberta,Indigenous population,Labour force 6,Females,2024,Persons,67.6
Alberta,Indigenous population,Employment 7,Both sexes,2024,Persons,127.7
Alberta,Indigenous population,Employment 7,Males,2024,Persons,66.7
Alberta,Indigenous population,Employment 7,Females,2024,Persons,60.9
Alberta,Indigenous population,Unemployment 8,Both sexes,2024,Persons,15.1
Alberta,Indigenous population,Unemployment 8,Males,2024,Persons,8.5
Alberta,Indigenous population,Unemployment 8,Females,2024,Persons,6.6
Alberta,Indigenous population,Not in labour force 9,Both sexes,2024,Persons,70.1
Alberta,Indigenous population,Not in labour force 9,Males,2024,Persons,29.1
Alberta,Indigenous population,Not in labour force 9,Females,2024,Persons,41
Alberta,Indigenous population,Unemployment rate 10,Both sexes,2020,Percentage,18
Alberta,Indigenous population,Unemployment rate 10,Males,2020,Percentage,17.1
Alberta,Indigenous population,Unemployment rate 10,Females,2020,Percentage,19
Alberta,Indigenous population,Participation rate 11,Both sexes,2020,Percentage,65.1
Alberta,Indigenous population,Participation rate 11,Males,2020,Percentage,71.4
Alberta,Indigenous population,Participation rate 11,Females,2020,Percentage,59.3
Alberta,Indigenous population,Employment rate 12,Both sexes,2020,Percentage,53.4
Alberta,Indigenous population,Employment rate 12,Males,2020,Percentage,59.2
Alberta,Indigenous population,Employment rate 12,Females,2020,Percentage,48
Alberta,Indigenous population,Unemployment rate 10,Both sexes,2021,Percentage,12.9
Alberta,Indigenous population,Unemployment rate 10,Males,2021,Percentage,11.4
Alberta,Indigenous population,Unemployment rate 10,Females,2021,Percentage,14.6
Alberta,Indigenous population,Participation rate 11,Both sexes,2021,Percentage,69.3
Alberta,Indigenous population,Participation rate 11,Males,2021,Percentage,76.2
Alberta,Indigenous population,Participation rate 11,Females,2021,Percentage,62.8
Alberta,Indigenous population,Employment rate 12,Both sexes,2021,Percentage,60.4
Alberta,Indigenous population,Employment rate 12,Males,2021,Percentage,67.5
Alberta,Indigenous population,Employment rate 12,Females,2021,Percentage,53.6
Alberta,Indigenous population,Unemployment rate 10,Both sexes,2022,Percentage,8.6
Alberta,Indigenous population,Unemployment rate 10,Males,2022,Percentage,8
Alberta,Indigenous population,Unemployment rate 10,Females,2022,Percentage,9.3
Alberta,Indigenous population,Participation rate 11,Both sexes,2022,Percentage,72.4
Alberta,Indigenous population,Participation rate 11,Males,2022,Percentage,77.5
Alberta,Indigenous population,Participation rate 11,Females,2022,Percentage,67.7
Alberta,Indigenous population,Employment rate 12,Both sexes,2022,Percentage,66.2
Alberta,Indigenous population,Employment rate 12,Males,2022,Percentage,71.3
Alberta,Indigenous population,Employment rate 12,Females,2022,Percentage,61.4
Alberta,Indigenous population,Unemployment rate 10,Both sexes,2023,Percentage,10.5
Alberta,Indigenous population,Unemployment rate 10,Males,2023,Percentage,10.2
Alberta,Indigenous population,Unemployment rate 10,Females,2023,Percentage,10.7
Alberta,Indigenous population,Participation rate 11,Both sexes,2023,Percentage,71.1
Alberta,Indigenous population,Participation rate 11,Males,2023,Percentage,74.1
Alberta,Indigenous population,Participation rate 11,Females,2023,Percentage,68.3
Alberta,Indigenous population,Employment rate 12,Both sexes,2023,Percentage,63.7
Alberta,Indigenous population,Employment rate 12,Males,2023,Percentage,66.5
Alberta,Indigenous population,Employment rate 12,Females,2023,Percentage,61
Alberta,Indigenous population,Unemployment rate 10,Both sexes,2024,Percentage,10.6
Alberta,Indigenous population,Unemployment rate 10,Males,2024,Percentage,11.3
Alberta,Indigenous population,Unemployment rate 10,Females,2024,Percentage,9.8
Alberta,Indigenous population,Participation rate 11,Both sexes,2024,Percentage,67.1
Alberta,Indigenous population,Participation rate 11,Males,2024,Percentage,72.1
Alberta,Indigenous population,Participation rate 11,Females,2024,Percentage,62.2
Alberta,Indigenous population,Employment rate 12,Both sexes,2024,Percentage,60
Alberta,Indigenous population,Employment rate 12,Males,2024,Percentage,64
Alberta,Indigenous population,Employment rate 12,Females,2024,Percentage,56.1
Alberta,Non-Indigenous population,Population 5,Both sexes,2020,Persons,"3,321.10"
Alberta,Non-Indigenous population,Population 5,Males,2020,Persons,"1,665.30"
Alberta,Non-Indigenous population,Population 5,Females,2020,Persons,"1,655.80"
Alberta,Non-Indigenous population,Labour force 6,Both sexes,2020,Persons,"2,291.10"
Alberta,Non-Indigenous population,Labour force 6,Males,2020,Persons,"1,246.40"
Alberta,Non-Indigenous population,Labour force 6,Females,2020,Persons,"1,044.70"
Alberta,Non-Indigenous population,Employment 7,Both sexes,2020,Persons,"2,037.40"
Alberta,Non-Indigenous population,Employment 7,Males,2020,Persons,"1,105.10"
Alberta,Non-Indigenous population,Employment 7,Females,2020,Persons,932.3
Alberta,Non-Indigenous population,Unemployment 8,Both sexes,2020,Persons,253.7
Alberta,Non-Indigenous population,Unemployment 8,Males,2020,Persons,141.2
Alberta,Non-Indigenous population,Unemployment 8,Females,2020,Persons,112.4
Alberta,Non-Indigenous population,Not in labour force 9,Both sexes,2020,Persons,"1,030.00"
Alberta,Non-Indigenous population,Not in labour force 9,Males,2020,Persons,418.9
Alberta,Non-Indigenous population,Not in labour force 9,Females,2020,Persons,611.1
Alberta,Non-Indigenous population,Population 5,Both sexes,2021,Persons,"3,349.90"
Alberta,Non-Indigenous population,Population 5,Males,2021,Persons,"1,677.80"
Alberta,Non-Indigenous population,Population 5,Females,2021,Persons,"1,672.00"
Alberta,Non-Indigenous population,Labour force 6,Both sexes,2021,Persons,"2,332.70"
Alberta,Non-Indigenous population,Labour force 6,Males,2021,Persons,"1,251.00"
Alberta,Non-Indigenous population,Labour force 6,Females,2021,Persons,"1,081.70"
Alberta,Non-Indigenous population,Employment 7,Both sexes,2021,Persons,"2,136.40"
Alberta,Non-Indigenous population,Employment 7,Males,2021,Persons,"1,144.20"
Alberta,Non-Indigenous population,Employment 7,Females,2021,Persons,992.1
Alberta,Non-Indigenous population,Unemployment 8,Both sexes,2021,Persons,196.3
Alberta,Non-Indigenous population,Unemployment 8,Males,2021,Persons,106.7
Alberta,Non-Indigenous population,Unemployment 8,Females,2021,Persons,89.5
Alberta,Non-Indigenous population,Not in labour force 9,Both sexes,2021,Persons,"1,017.20"
Alberta,Non-Indigenous population,Not in labour force 9,Males,2021,Persons,426.8
Alberta,Non-Indigenous population,Not in labour force 9,Females,2021,Persons,590.3
Alberta,Non-Indigenous population,Population 5,Both sexes,2022,Persons,"3,414.00"
Alberta,Non-Indigenous population,Population 5,Males,2022,Persons,"1,707.90"
Alberta,Non-Indigenous population,Population 5,Females,2022,Persons,"1,706.10"
Alberta,Non-Indigenous population,Labour force 6,Both sexes,2022,Persons,"2,370.90"
Alberta,Non-Indigenous population,Labour force 6,Males,2022,Persons,"1,256.90"
Alberta,Non-Indigenous population,Labour force 6,Females,2022,Persons,"1,114.00"
Alberta,Non-Indigenous population,Employment 7,Both sexes,2022,Persons,"2,234.70"
Alberta,Non-Indigenous population,Employment 7,Males,2022,Persons,"1,184.60"
Alberta,Non-Indigenous population,Employment 7,Females,2022,Persons,"1,050.20"
Alberta,Non-Indigenous population,Unemployment 8,Both sexes,2022,Persons,136.2
Alberta,Non-Indigenous population,Unemployment 8,Males,2022,Persons,72.3
Alberta,Non-Indigenous population,Unemployment 8,Females,2022,Persons,63.9
Alberta,Non-Indigenous population,Not in labour force 9,Both sexes,2022,Persons,"1,043.00"
Alberta,Non-Indigenous population,Not in labour force 9,Males,2022,Persons,451
Alberta,Non-Indigenous population,Not in labour force 9,Females,2022,Persons,592
Alberta,Non-Indigenous population,Population 5,Both sexes,2023,Persons,"3,548.40"
Alberta,Non-Indigenous population,Population 5,Males,2023,Persons,"1,775.00"
Alberta,Non-Indigenous population,Population 5,Females,2023,Persons,"1,773.50"
Alberta,Non-Indigenous population,Labour force 6,Both sexes,2023,Persons,"2,464.00"
Alberta,Non-Indigenous population,Labour force 6,Males,2023,Persons,"1,316.30"
Alberta,Non-Indigenous population,Labour force 6,Females,2023,Persons,"1,147.70"
Alberta,Non-Indigenous population,Employment 7,Both sexes,2023,Persons,"2,324.00"
Alberta,Non-Indigenous population,Employment 7,Males,2023,Persons,"1,240.20"
Alberta,Non-Indigenous population,Employment 7,Females,2023,Persons,"1,083.90"
Alberta,Non-Indigenous population,Unemployment 8,Both sexes,2023,Persons,140
Alberta,Non-Indigenous population,Unemployment 8,Males,2023,Persons,76.2
Alberta,Non-Indigenous population,Unemployment 8,Females,2023,Persons,63.8
Alberta,Non-Indigenous population,Not in labour force 9,Both sexes,2023,Persons,"1,084.40"
Alberta,Non-Indigenous population,Not in labour force 9,Males,2023,Persons,458.6
Alberta,Non-Indigenous population,Not in labour force 9,Females,2023,Persons,625.8
Alberta,Non-Indigenous population,Population 5,Both sexes,2024,Persons,"3,721.00"
Alberta,Non-Indigenous population,Population 5,Males,2024,Persons,"1,862.90"
Alberta,Non-Indigenous population,Population 5,Females,2024,Persons,"1,858.10"
Alberta,Non-Indigenous population,Labour force 6,Both sexes,2024,Persons,"2,582.50"
Alberta,Non-Indigenous population,Labour force 6,Males,2024,Persons,"1,384.70"
Alberta,Non-Indigenous population,Labour force 6,Females,2024,Persons,"1,197.90"
Alberta,Non-Indigenous population,Employment 7,Both sexes,2024,Persons,"2,406.40"
Alberta,Non-Indigenous population,Employment 7,Males,2024,Persons,"1,290.50"
Alberta,Non-Indigenous population,Employment 7,Females,2024,Persons,"1,115.90"
Alberta,Non-Indigenous population,Unemployment 8,Both sexes,2024,Persons,176.1
Alberta,Non-Indigenous population,Unemployment 8,Males,2024,Persons,94.1
Alberta,Non-Indigenous population,Unemployment 8,Females,2024,Persons,82
Alberta,Non-Indigenous population,Not in labour force 9,Both sexes,2024,Persons,"1,138.50"
Alberta,Non-Indigenous population,Not in labour force 9,Males,2024,Persons,478.3
Alberta,Non-Indigenous population,Not in labour force 9,Females,2024,Persons,660.2
Alberta,Non-Indigenous population,Unemployment rate 10,Both sexes,2020,Percentage,11.1
Alberta,Non-Indigenous population,Unemployment rate 10,Males,2020,Percentage,11.3
Alberta,Non-Indigenous population,Unemployment rate 10,Females,2020,Percentage,10.8
Alberta,Non-Indigenous population,Participation rate 11,Both sexes,2020,Percentage,69
Alberta,Non-Indigenous population,Participation rate 11,Males,2020,Percentage,74.8
Alberta,Non-Indigenous population,Participation rate 11,Females,2020,Percentage,63.1
Alberta,Non-Indigenous population,Employment rate 12,Both sexes,2020,Percentage,61.3
Alberta,Non-Indigenous population,Employment rate 12,Males,2020,Percentage,66.4
Alberta,Non-Indigenous population,Employment rate 12,Females,2020,Percentage,56.3
Alberta,Non-Indigenous population,Unemployment rate 10,Both sexes,2021,Percentage,8.4
Alberta,Non-Indigenous population,Unemployment rate 10,Males,2021,Percentage,8.5
Alberta,Non-Indigenous population,Unemployment rate 10,Females,2021,Percentage,8.3
Alberta,Non-Indigenous population,Participation rate 11,Both sexes,2021,Percentage,69.6
Alberta,Non-Indigenous population,Participation rate 11,Males,2021,Percentage,74.6
Alberta,Non-Indigenous population,Participation rate 11,Females,2021,Percentage,64.7
Alberta,Non-Indigenous population,Employment rate 12,Both sexes,2021,Percentage,63.8
Alberta,Non-Indigenous population,Employment rate 12,Males,2021,Percentage,68.2
Alberta,Non-Indigenous population,Employment rate 12,Females,2021,Percentage,59.3
Alberta,Non-Indigenous population,Unemployment rate 10,Both sexes,2022,Percentage,5.7
Alberta,Non-Indigenous population,Unemployment rate 10,Males,2022,Percentage,5.8
Alberta,Non-Indigenous population,Unemployment rate 10,Females,2022,Percentage,5.7
Alberta,Non-Indigenous population,Participation rate 11,Both sexes,2022,Percentage,69.4
Alberta,Non-Indigenous population,Participation rate 11,Males,2022,Percentage,73.6
Alberta,Non-Indigenous population,Participation rate 11,Females,2022,Percentage,65.3
Alberta,Non-Indigenous population,Employment rate 12,Both sexes,2022,Percentage,65.5
Alberta,Non-Indigenous population,Employment rate 12,Males,2022,Percentage,69.4
Alberta,Non-Indigenous population,Employment rate 12,Females,2022,Percentage,61.6
Alberta,Non-Indigenous population,Unemployment rate 10,Both sexes,2023,Percentage,5.7
Alberta,Non-Indigenous population,Unemployment rate 10,Males,2023,Percentage,5.8
Alberta,Non-Indigenous population,Unemployment rate 10,Females,2023,Percentage,5.6
Alberta,Non-Indigenous population,Participation rate 11,Both sexes,2023,Percentage,69.4
Alberta,Non-Indigenous population,Participation rate 11,Males,2023,Percentage,74.2
Alberta,Non-Indigenous population,Participation rate 11,Females,2023,Percentage,64.7
Alberta,Non-Indigenous population,Employment rate 12,Both sexes,2023,Percentage,65.5
Alberta,Non-Indigenous population,Employment rate 12,Males,2023,Percentage,69.9
Alberta,Non-Indigenous population,Employment rate 12,Females,2023,Percentage,61.1
Alberta,Non-Indigenous population,Unemployment rate 10,Both sexes,2024,Percentage,6.8
Alberta,Non-Indigenous population,Unemployment rate 10,Males,2024,Percentage,6.8
Alberta,Non-Indigenous population,Unemployment rate 10,Females,2024,Percentage,6.8
Alberta,Non-Indigenous population,Participation rate 11,Both sexes,2024,Percentage,69.4
Alberta,Non-Indigenous population,Participation rate 11,Males,2024,Percentage,74.3
Alberta,Non-Indigenous population,Participation rate 11,Females,2024,Percentage,64.5
Alberta,Non-Indigenous population,Employment rate 12,Both sexes,2024,Percentage,64.7
Alberta,Non-Indigenous population,Employment rate 12,Males,2024,Percentage,69.3
Alberta,Non-Indigenous population,Employment rate 12,Females,2024,Percentage,60.1
British Columbia,Total population,Population 5,Both sexes,2020,Persons,"4,299.70"
British Columbia,Total population,Population 5,Males,2020,Persons,"2,110.50"
British Columbia,Total population,Population 5,Females,2020,Persons,"2,189.10"
British Columbia,Total population,Labour force 6,Both sexes,2020,Persons,"2,756.80"
British Columbia,Total population,Labour force 6,Males,2020,Persons,"1,447.20"
British Columbia,Total population,Labour force 6,Females,2020,Persons,"1,309.60"
British Columbia,Total population,Employment 7,Both sexes,2020,Persons,"2,504.40"
British Columbia,Total population,Employment 7,Males,2020,Persons,"1,313.40"
British Columbia,Total population,Employment 7,Females,2020,Persons,"1,191.00"
British Columbia,Total population,Unemployment 8,Both sexes,2020,Persons,252.4
British Columbia,Total population,Unemployment 8,Males,2020,Persons,133.8
British Columbia,Total population,Unemployment 8,Females,2020,Persons,118.7
British Columbia,Total population,Not in labour force 9,Both sexes,2020,Persons,"1,542.90"
British Columbia,Total population,Not in labour force 9,Males,2020,Persons,663.4
British Columbia,Total population,Not in labour force 9,Females,2020,Persons,879.5
British Columbia,Total population,Population 5,Both sexes,2021,Persons,"4,349.70"
British Columbia,Total population,Population 5,Males,2021,Persons,"2,133.40"
British Columbia,Total population,Population 5,Females,2021,Persons,"2,216.30"
British Columbia,Total population,Labour force 6,Both sexes,2021,Persons,"2,849.20"
British Columbia,Total population,Labour force 6,Males,2021,Persons,"1,495.20"
British Columbia,Total population,Labour force 6,Females,2021,Persons,"1,354.00"
British Columbia,Total population,Employment 7,Both sexes,2021,Persons,"2,658.70"
British Columbia,Total population,Employment 7,Males,2021,Persons,"1,394.60"
British Columbia,Total population,Employment 7,Females,2021,Persons,"1,264.10"
British Columbia,Total population,Unemployment 8,Both sexes,2021,Persons,190.5
British Columbia,Total population,Unemployment 8,Males,2021,Persons,100.6
British Columbia,Total population,Unemployment 8,Females,2021,Persons,89.9
British Columbia,Total population,Not in labour force 9,Both sexes,2021,Persons,"1,500.50"
British Columbia,Total population,Not in labour force 9,Males,2021,Persons,638.2
British Columbia,Total population,Not in labour force 9,Females,2021,Persons,862.3
British Columbia,Total population,Population 5,Both sexes,2022,Persons,"4,425.90"
British Columbia,Total population,Population 5,Males,2022,Persons,"2,169.50"
British Columbia,Total population,Population 5,Females,2022,Persons,"2,256.40"
British Columbia,Total population,Labour force 6,Both sexes,2022,Persons,"2,877.40"
British Columbia,Total population,Labour force 6,Males,2022,Persons,"1,494.30"
British Columbia,Total population,Labour force 6,Females,2022,Persons,"1,383.10"
British Columbia,Total population,Employment 7,Both sexes,2022,Persons,"2,743.50"
British Columbia,Total population,Employment 7,Males,2022,Persons,"1,421.50"
British Columbia,Total population,Employment 7,Females,2022,Persons,"1,321.90"
British Columbia,Total population,Unemployment 8,Both sexes,2022,Persons,133.9
British Columbia,Total population,Unemployment 8,Males,2022,Persons,72.8
British Columbia,Total population,Unemployment 8,Females,2022,Persons,61.1
British Columbia,Total population,Not in labour force 9,Both sexes,2022,Persons,"1,548.60"
British Columbia,Total population,Not in labour force 9,Males,2022,Persons,675.2
British Columbia,Total population,Not in labour force 9,Females,2022,Persons,873.4
British Columbia,Total population,Population 5,Both sexes,2023,Persons,"4,517.20"
British Columbia,Total population,Population 5,Males,2023,Persons,"2,214.70"
British Columbia,Total population,Population 5,Females,2023,Persons,"2,302.50"
British Columbia,Total population,Labour force 6,Both sexes,2023,Persons,"2,932.80"
British Columbia,Total population,Labour force 6,Males,2023,Persons,"1,520.60"
British Columbia,Total population,Labour force 6,Females,2023,Persons,"1,412.20"
British Columbia,Total population,Employment 7,Both sexes,2023,Persons,"2,779.20"
British Columbia,Total population,Employment 7,Males,2023,Persons,"1,441.70"
British Columbia,Total population,Employment 7,Females,2023,Persons,"1,337.50"
British Columbia,Total population,Unemployment 8,Both sexes,2023,Persons,153.5
British Columbia,Total population,Unemployment 8,Males,2023,Persons,78.8
British Columbia,Total population,Unemployment 8,Females,2023,Persons,74.7
British Columbia,Total population,Not in labour force 9,Both sexes,2023,Persons,"1,584.40"
British Columbia,Total population,Not in labour force 9,Males,2023,Persons,694.1
British Columbia,Total population,Not in labour force 9,Females,2023,Persons,890.3
British Columbia,Total population,Population 5,Both sexes,2024,Persons,"4,667.00"
British Columbia,Total population,Population 5,Males,2024,Persons,"2,291.00"
British Columbia,Total population,Population 5,Females,2024,Persons,"2,375.90"
British Columbia,Total population,Labour force 6,Both sexes,2024,Persons,"3,002.90"
British Columbia,Total population,Labour force 6,Males,2024,Persons,"1,570.10"
British Columbia,Total population,Labour force 6,Females,2024,Persons,"1,432.80"
British Columbia,Total population,Employment 7,Both sexes,2024,Persons,"2,835.30"
British Columbia,Total population,Employment 7,Males,2024,Persons,"1,483.30"
British Columbia,Total population,Employment 7,Females,2024,Persons,"1,352.10"
British Columbia,Total population,Unemployment 8,Both sexes,2024,Persons,167.6
British Columbia,Total population,Unemployment 8,Males,2024,Persons,86.8
British Columbia,Total population,Unemployment 8,Females,2024,Persons,80.7
British Columbia,Total population,Not in labour force 9,Both sexes,2024,Persons,"1,664.00"
British Columbia,Total population,Not in labour force 9,Males,2024,Persons,720.9
British Columbia,Total population,Not in labour force 9,Females,2024,Persons,943.1
British Columbia,Total population,Unemployment rate 10,Both sexes,2020,Percentage,9.2
British Columbia,Total population,Unemployment rate 10,Males,2020,Percentage,9.2
British Columbia,Total population,Unemployment rate 10,Females,2020,Percentage,9.1
British Columbia,Total population,Participation rate 11,Both sexes,2020,Percentage,64.1
British Columbia,Total population,Participation rate 11,Males,2020,Percentage,68.6
British Columbia,Total population,Participation rate 11,Females,2020,Percentage,59.8
British Columbia,Total population,Employment rate 12,Both sexes,2020,Percentage,58.2
British Columbia,Total population,Employment rate 12,Males,2020,Percentage,62.2
British Columbia,Total population,Employment rate 12,Females,2020,Percentage,54.4
British Columbia,Total population,Unemployment rate 10,Both sexes,2021,Percentage,6.7
British Columbia,Total population,Unemployment rate 10,Males,2021,Percentage,6.7
British Columbia,Total population,Unemployment rate 10,Females,2021,Percentage,6.6
British Columbia,Total population,Participation rate 11,Both sexes,2021,Percentage,65.5
British Columbia,Total population,Participation rate 11,Males,2021,Percentage,70.1
British Columbia,Total population,Participation rate 11,Females,2021,Percentage,61.1
British Columbia,Total population,Employment rate 12,Both sexes,2021,Percentage,61.1
British Columbia,Total population,Employment rate 12,Males,2021,Percentage,65.4
British Columbia,Total population,Employment rate 12,Females,2021,Percentage,57
British Columbia,Total population,Unemployment rate 10,Both sexes,2022,Percentage,4.7
British Columbia,Total population,Unemployment rate 10,Males,2022,Percentage,4.9
British Columbia,Total population,Unemployment rate 10,Females,2022,Percentage,4.4
British Columbia,Total population,Participation rate 11,Both sexes,2022,Percentage,65
British Columbia,Total population,Participation rate 11,Males,2022,Percentage,68.9
British Columbia,Total population,Participation rate 11,Females,2022,Percentage,61.3
British Columbia,Total population,Employment rate 12,Both sexes,2022,Percentage,62
British Columbia,Total population,Employment rate 12,Males,2022,Percentage,65.5
British Columbia,Total population,Employment rate 12,Females,2022,Percentage,58.6
British Columbia,Total population,Unemployment rate 10,Both sexes,2023,Percentage,5.2
British Columbia,Total population,Unemployment rate 10,Males,2023,Percentage,5.2
British Columbia,Total population,Unemployment rate 10,Females,2023,Percentage,5.3
British Columbia,Total population,Participation rate 11,Both sexes,2023,Percentage,64.9
British Columbia,Total population,Participation rate 11,Males,2023,Percentage,68.7
British Columbia,Total population,Participation rate 11,Females,2023,Percentage,61.3
British Columbia,Total population,Employment rate 12,Both sexes,2023,Percentage,61.5
British Columbia,Total population,Employment rate 12,Males,2023,Percentage,65.1
British Columbia,Total population,Employment rate 12,Females,2023,Percentage,58.1
British Columbia,Total population,Unemployment rate 10,Both sexes,2024,Percentage,5.6
British Columbia,Total population,Unemployment rate 10,Males,2024,Percentage,5.5
British Columbia,Total population,Unemployment rate 10,Females,2024,Percentage,5.6
British Columbia,Total population,Participation rate 11,Both sexes,2024,Percentage,64.3
British Columbia,Total population,Participation rate 11,Males,2024,Percentage,68.5
British Columbia,Total population,Participation rate 11,Females,2024,Percentage,60.3
British Columbia,Total population,Employment rate 12,Both sexes,2024,Percentage,60.8
British Columbia,Total population,Employment rate 12,Males,2024,Percentage,64.7
British Columbia,Total population,Employment rate 12,Females,2024,Percentage,56.9
British Columbia,Indigenous population,Population 5,Both sexes,2020,Persons,198.8
British Columbia,Indigenous population,Population 5,Males,2020,Persons,94.7
British Columbia,Indigenous population,Population 5,Females,2020,Persons,104.1
British Columbia,Indigenous population,Labour force 6,Both sexes,2020,Persons,125.5
British Columbia,Indigenous population,Labour force 6,Males,2020,Persons,63.2
British Columbia,Indigenous population,Labour force 6,Females,2020,Persons,62.3
British Columbia,Indigenous population,Employment 7,Both sexes,2020,Persons,108.1
British Columbia,Indigenous population,Employment 7,Males,2020,Persons,53
British Columbia,Indigenous population,Employment 7,Females,2020,Persons,55.1
British Columbia,Indigenous population,Unemployment 8,Both sexes,2020,Persons,17.4
British Columbia,Indigenous population,Unemployment 8,Males,2020,Persons,10.2
British Columbia,Indigenous population,Unemployment 8,Females,2020,Persons,7.3
British Columbia,Indigenous population,Not in labour force 9,Both sexes,2020,Persons,73.3
British Columbia,Indigenous population,Not in labour force 9,Males,2020,Persons,31.6
British Columbia,Indigenous population,Not in labour force 9,Females,2020,Persons,41.7
British Columbia,Indigenous population,Population 5,Both sexes,2021,Persons,204.1
British Columbia,Indigenous population,Population 5,Males,2021,Persons,97.7
British Columbia,Indigenous population,Population 5,Females,2021,Persons,106.4
British Columbia,Indigenous population,Labour force 6,Both sexes,2021,Persons,136.5
British Columbia,Indigenous population,Labour force 6,Males,2021,Persons,69.4
British Columbia,Indigenous population,Labour force 6,Females,2021,Persons,67.1
British Columbia,Indigenous population,Employment 7,Both sexes,2021,Persons,120.6
British Columbia,Indigenous population,Employment 7,Males,2021,Persons,60.2
British Columbia,Indigenous population,Employment 7,Females,2021,Persons,60.4
British Columbia,Indigenous population,Unemployment 8,Both sexes,2021,Persons,15.9
British Columbia,Indigenous population,Unemployment 8,Males,2021,Persons,9.2
British Columbia,Indigenous population,Unemployment 8,Females,2021,Persons,6.7
British Columbia,Indigenous population,Not in labour force 9,Both sexes,2021,Persons,67.6
British Columbia,Indigenous population,Not in labour force 9,Males,2021,Persons,28.4
British Columbia,Indigenous population,Not in labour force 9,Females,2021,Persons,39.3
British Columbia,Indigenous population,Population 5,Both sexes,2022,Persons,209.3
British Columbia,Indigenous population,Population 5,Males,2022,Persons,100.9
British Columbia,Indigenous population,Population 5,Females,2022,Persons,108.4
British Columbia,Indigenous population,Labour force 6,Both sexes,2022,Persons,146
British Columbia,Indigenous population,Labour force 6,Males,2022,Persons,74.1
British Columbia,Indigenous population,Labour force 6,Females,2022,Persons,71.9
British Columbia,Indigenous population,Employment 7,Both sexes,2022,Persons,136.8
British Columbia,Indigenous population,Employment 7,Males,2022,Persons,68.5
British Columbia,Indigenous population,Employment 7,Females,2022,Persons,68.3
British Columbia,Indigenous population,Unemployment 8,Both sexes,2022,Persons,9.2
British Columbia,Indigenous population,Unemployment 8,Males,2022,Persons,5.6
British Columbia,Indigenous population,Unemployment 8,Females,2022,Persons,3.6
British Columbia,Indigenous population,Not in labour force 9,Both sexes,2022,Persons,63.3
British Columbia,Indigenous population,Not in labour force 9,Males,2022,Persons,26.8
British Columbia,Indigenous population,Not in labour force 9,Females,2022,Persons,36.5
British Columbia,Indigenous population,Population 5,Both sexes,2023,Persons,217.4
British Columbia,Indigenous population,Population 5,Males,2023,Persons,105.3
British Columbia,Indigenous population,Population 5,Females,2023,Persons,112.2
British Columbia,Indigenous population,Labour force 6,Both sexes,2023,Persons,134.9
British Columbia,Indigenous population,Labour force 6,Males,2023,Persons,66.5
British Columbia,Indigenous population,Labour force 6,Females,2023,Persons,68.3
British Columbia,Indigenous population,Employment 7,Both sexes,2023,Persons,124
British Columbia,Indigenous population,Employment 7,Males,2023,Persons,61.4
British Columbia,Indigenous population,Employment 7,Females,2023,Persons,62.6
British Columbia,Indigenous population,Unemployment 8,Both sexes,2023,Persons,10.9
British Columbia,Indigenous population,Unemployment 8,Males,2023,Persons,5.2
British Columbia,Indigenous population,Unemployment 8,Females,2023,Persons,5.7
British Columbia,Indigenous population,Not in labour force 9,Both sexes,2023,Persons,82.5
British Columbia,Indigenous population,Not in labour force 9,Males,2023,Persons,38.7
British Columbia,Indigenous population,Not in labour force 9,Females,2023,Persons,43.8
British Columbia,Indigenous population,Population 5,Both sexes,2024,Persons,225
British Columbia,Indigenous population,Population 5,Males,2024,Persons,109.1
British Columbia,Indigenous population,Population 5,Females,2024,Persons,115.9
British Columbia,Indigenous population,Labour force 6,Both sexes,2024,Persons,142.1
British Columbia,Indigenous population,Labour force 6,Males,2024,Persons,70.4
British Columbia,Indigenous population,Labour force 6,Females,2024,Persons,71.7
British Columbia,Indigenous population,Employment 7,Both sexes,2024,Persons,127.6
British Columbia,Indigenous population,Employment 7,Males,2024,Persons,62.5
British Columbia,Indigenous population,Employment 7,Females,2024,Persons,65.1
British Columbia,Indigenous population,Unemployment 8,Both sexes,2024,Persons,14.5
British Columbia,Indigenous population,Unemployment 8,Males,2024,Persons,7.9
British Columbia,Indigenous population,Unemployment 8,Females,2024,Persons,6.6
British Columbia,Indigenous population,Not in labour force 9,Both sexes,2024,Persons,82.9
British Columbia,Indigenous population,Not in labour force 9,Males,2024,Persons,38.7
British Columbia,Indigenous population,Not in labour force 9,Females,2024,Persons,44.2
British Columbia,Indigenous population,Unemployment rate 10,Both sexes,2020,Percentage,13.9
British Columbia,Indigenous population,Unemployment rate 10,Males,2020,Percentage,16.1
British Columbia,Indigenous population,Unemployment rate 10,Females,2020,Percentage,11.7
British Columbia,Indigenous population,Participation rate 11,Both sexes,2020,Percentage,63.1
British Columbia,Indigenous population,Participation rate 11,Males,2020,Percentage,66.7
British Columbia,Indigenous population,Participation rate 11,Females,2020,Percentage,59.9
British Columbia,Indigenous population,Employment rate 12,Both sexes,2020,Percentage,54.3
British Columbia,Indigenous population,Employment rate 12,Males,2020,Percentage,55.9
British Columbia,Indigenous population,Employment rate 12,Females,2020,Percentage,52.9
British Columbia,Indigenous population,Unemployment rate 10,Both sexes,2021,Percentage,11.6
British Columbia,Indigenous population,Unemployment rate 10,Males,2021,Percentage,13.2
British Columbia,Indigenous population,Unemployment rate 10,Females,2021,Percentage,10
British Columbia,Indigenous population,Participation rate 11,Both sexes,2021,Percentage,66.9
British Columbia,Indigenous population,Participation rate 11,Males,2021,Percentage,71
British Columbia,Indigenous population,Participation rate 11,Females,2021,Percentage,63.1
British Columbia,Indigenous population,Employment rate 12,Both sexes,2021,Percentage,59.1
British Columbia,Indigenous population,Employment rate 12,Males,2021,Percentage,61.6
British Columbia,Indigenous population,Employment rate 12,Females,2021,Percentage,56.8
British Columbia,Indigenous population,Unemployment rate 10,Both sexes,2022,Percentage,6.3
British Columbia,Indigenous population,Unemployment rate 10,Males,2022,Percentage,7.6
British Columbia,Indigenous population,Unemployment rate 10,Females,2022,Percentage,5
British Columbia,Indigenous population,Participation rate 11,Both sexes,2022,Percentage,69.8
British Columbia,Indigenous population,Participation rate 11,Males,2022,Percentage,73.4
British Columbia,Indigenous population,Participation rate 11,Females,2022,Percentage,66.3
British Columbia,Indigenous population,Employment rate 12,Both sexes,2022,Percentage,65.4
British Columbia,Indigenous population,Employment rate 12,Males,2022,Percentage,67.9
British Columbia,Indigenous population,Employment rate 12,Females,2022,Percentage,63
British Columbia,Indigenous population,Unemployment rate 10,Both sexes,2023,Percentage,8.1
British Columbia,Indigenous population,Unemployment rate 10,Males,2023,Percentage,7.8
British Columbia,Indigenous population,Unemployment rate 10,Females,2023,Percentage,8.3
British Columbia,Indigenous population,Participation rate 11,Both sexes,2023,Percentage,62
British Columbia,Indigenous population,Participation rate 11,Males,2023,Percentage,63.2
British Columbia,Indigenous population,Participation rate 11,Females,2023,Percentage,60.9
British Columbia,Indigenous population,Employment rate 12,Both sexes,2023,Percentage,57
British Columbia,Indigenous population,Employment rate 12,Males,2023,Percentage,58.3
British Columbia,Indigenous population,Employment rate 12,Females,2023,Percentage,55.9
British Columbia,Indigenous population,Unemployment rate 10,Both sexes,2024,Percentage,10.2
British Columbia,Indigenous population,Unemployment rate 10,Males,2024,Percentage,11.2
British Columbia,Indigenous population,Unemployment rate 10,Females,2024,Percentage,9.2
British Columbia,Indigenous population,Participation rate 11,Both sexes,2024,Percentage,63.1
British Columbia,Indigenous population,Participation rate 11,Males,2024,Percentage,64.5
British Columbia,Indigenous population,Participation rate 11,Females,2024,Percentage,61.8
British Columbia,Indigenous population,Employment rate 12,Both sexes,2024,Percentage,56.7
British Columbia,Indigenous population,Employment rate 12,Males,2024,Percentage,57.3
British Columbia,Indigenous population,Employment rate 12,Females,2024,Percentage,56.1
British Columbia,Non-Indigenous population,Population 5,Both sexes,2020,Persons,"4,100.80"
British Columbia,Non-Indigenous population,Population 5,Males,2020,Persons,"2,015.80"
British Columbia,Non-Indigenous population,Population 5,Females,2020,Persons,"2,085.00"
British Columbia,Non-Indigenous population,Labour force 6,Both sexes,2020,Persons,"2,631.30"
British Columbia,Non-Indigenous population,Labour force 6,Males,2020,Persons,"1,384.00"
British Columbia,Non-Indigenous population,Labour force 6,Females,2020,Persons,"1,247.30"
British Columbia,Non-Indigenous population,Employment 7,Both sexes,2020,Persons,"2,396.30"
British Columbia,Non-Indigenous population,Employment 7,Males,2020,Persons,"1,260.40"
British Columbia,Non-Indigenous population,Employment 7,Females,2020,Persons,"1,135.90"
British Columbia,Non-Indigenous population,Unemployment 8,Both sexes,2020,Persons,235
British Columbia,Non-Indigenous population,Unemployment 8,Males,2020,Persons,123.6
British Columbia,Non-Indigenous population,Unemployment 8,Females,2020,Persons,111.4
British Columbia,Non-Indigenous population,Not in labour force 9,Both sexes,2020,Persons,"1,469.50"
British Columbia,Non-Indigenous population,Not in labour force 9,Males,2020,Persons,631.8
British Columbia,Non-Indigenous population,Not in labour force 9,Females,2020,Persons,837.8
British Columbia,Non-Indigenous population,Population 5,Both sexes,2021,Persons,"4,145.60"
British Columbia,Non-Indigenous population,Population 5,Males,2021,Persons,"2,035.70"
British Columbia,Non-Indigenous population,Population 5,Females,2021,Persons,"2,109.90"
British Columbia,Non-Indigenous population,Labour force 6,Both sexes,2021,Persons,"2,712.70"
British Columbia,Non-Indigenous population,Labour force 6,Males,2021,Persons,"1,425.80"
British Columbia,Non-Indigenous population,Labour force 6,Females,2021,Persons,"1,286.90"
British Columbia,Non-Indigenous population,Employment 7,Both sexes,2021,Persons,"2,538.10"
British Columbia,Non-Indigenous population,Employment 7,Males,2021,Persons,"1,334.40"
British Columbia,Non-Indigenous population,Employment 7,Females,2021,Persons,"1,203.70"
British Columbia,Non-Indigenous population,Unemployment 8,Both sexes,2021,Persons,174.6
British Columbia,Non-Indigenous population,Unemployment 8,Males,2021,Persons,91.4
British Columbia,Non-Indigenous population,Unemployment 8,Females,2021,Persons,83.2
British Columbia,Non-Indigenous population,Not in labour force 9,Both sexes,2021,Persons,"1,432.90"
British Columbia,Non-Indigenous population,Not in labour force 9,Males,2021,Persons,609.9
British Columbia,Non-Indigenous population,Not in labour force 9,Females,2021,Persons,823
British Columbia,Non-Indigenous population,Population 5,Both sexes,2022,Persons,"4,216.60"
British Columbia,Non-Indigenous population,Population 5,Males,2022,Persons,"2,068.60"
British Columbia,Non-Indigenous population,Population 5,Females,2022,Persons,"2,148.00"
British Columbia,Non-Indigenous population,Labour force 6,Both sexes,2022,Persons,"2,731.30"
British Columbia,Non-Indigenous population,Labour force 6,Males,2022,Persons,"1,420.20"
British Columbia,Non-Indigenous population,Labour force 6,Females,2022,Persons,"1,311.10"
British Columbia,Non-Indigenous population,Employment 7,Both sexes,2022,Persons,"2,606.70"
British Columbia,Non-Indigenous population,Employment 7,Males,2022,Persons,"1,353.10"
British Columbia,Non-Indigenous population,Employment 7,Females,2022,Persons,"1,253.60"
British Columbia,Non-Indigenous population,Unemployment 8,Both sexes,2022,Persons,124.7
British Columbia,Non-Indigenous population,Unemployment 8,Males,2022,Persons,67.1
British Columbia,Non-Indigenous population,Unemployment 8,Females,2022,Persons,57.5
British Columbia,Non-Indigenous population,Not in labour force 9,Both sexes,2022,Persons,"1,485.30"
British Columbia,Non-Indigenous population,Not in labour force 9,Males,2022,Persons,648.4
British Columbia,Non-Indigenous population,Not in labour force 9,Females,2022,Persons,836.9
British Columbia,Non-Indigenous population,Population 5,Both sexes,2023,Persons,"4,299.80"
British Columbia,Non-Indigenous population,Population 5,Males,2023,Persons,"2,109.50"
British Columbia,Non-Indigenous population,Population 5,Females,2023,Persons,"2,190.30"
British Columbia,Non-Indigenous population,Labour force 6,Both sexes,2023,Persons,"2,797.90"
British Columbia,Non-Indigenous population,Labour force 6,Males,2023,Persons,"1,454.00"
British Columbia,Non-Indigenous population,Labour force 6,Females,2023,Persons,"1,343.90"
British Columbia,Non-Indigenous population,Employment 7,Both sexes,2023,Persons,"2,655.20"
British Columbia,Non-Indigenous population,Employment 7,Males,2023,Persons,"1,380.40"
British Columbia,Non-Indigenous population,Employment 7,Females,2023,Persons,"1,274.80"
British Columbia,Non-Indigenous population,Unemployment 8,Both sexes,2023,Persons,142.6
British Columbia,Non-Indigenous population,Unemployment 8,Males,2023,Persons,73.6
British Columbia,Non-Indigenous population,Unemployment 8,Females,2023,Persons,69
British Columbia,Non-Indigenous population,Not in labour force 9,Both sexes,2023,Persons,"1,501.90"
British Columbia,Non-Indigenous population,Not in labour force 9,Males,2023,Persons,655.4
British Columbia,Non-Indigenous population,Not in labour force 9,Females,2023,Persons,846.5
British Columbia,Non-Indigenous population,Population 5,Both sexes,2024,Persons,"4,442.00"
British Columbia,Non-Indigenous population,Population 5,Males,2024,Persons,"2,181.90"
British Columbia,Non-Indigenous population,Population 5,Females,2024,Persons,"2,260.00"
British Columbia,Non-Indigenous population,Labour force 6,Both sexes,2024,Persons,"2,860.80"
British Columbia,Non-Indigenous population,Labour force 6,Males,2024,Persons,"1,499.70"
British Columbia,Non-Indigenous population,Labour force 6,Females,2024,Persons,"1,361.10"
British Columbia,Non-Indigenous population,Employment 7,Both sexes,2024,Persons,"2,707.70"
British Columbia,Non-Indigenous population,Employment 7,Males,2024,Persons,"1,420.70"
British Columbia,Non-Indigenous population,Employment 7,Females,2024,Persons,"1,287.00"
British Columbia,Non-Indigenous population,Unemployment 8,Both sexes,2024,Persons,153.1
British Columbia,Non-Indigenous population,Unemployment 8,Males,2024,Persons,79
British Columbia,Non-Indigenous population,Unemployment 8,Females,2024,Persons,74.1
British Columbia,Non-Indigenous population,Not in labour force 9,Both sexes,2024,Persons,"1,581.10"
British Columbia,Non-Indigenous population,Not in labour force 9,Males,2024,Persons,682.2
British Columbia,Non-Indigenous population,Not in labour force 9,Females,2024,Persons,898.9
British Columbia,Non-Indigenous population,Unemployment rate 10,Both sexes,2020,Percentage,8.9
British Columbia,Non-Indigenous population,Unemployment rate 10,Males,2020,Percentage,8.9
British Columbia,Non-Indigenous population,Unemployment rate 10,Females,2020,Percentage,8.9
British Columbia,Non-Indigenous population,Participation rate 11,Both sexes,2020,Percentage,64.2
British Columbia,Non-Indigenous population,Participation rate 11,Males,2020,Percentage,68.7
British Columbia,Non-Indigenous population,Participation rate 11,Females,2020,Percentage,59.8
British Columbia,Non-Indigenous population,Employment rate 12,Both sexes,2020,Percentage,58.4
British Columbia,Non-Indigenous population,Employment rate 12,Males,2020,Percentage,62.5
British Columbia,Non-Indigenous population,Employment rate 12,Females,2020,Percentage,54.5
British Columbia,Non-Indigenous population,Unemployment rate 10,Both sexes,2021,Percentage,6.4
British Columbia,Non-Indigenous population,Unemployment rate 10,Males,2021,Percentage,6.4
British Columbia,Non-Indigenous population,Unemployment rate 10,Females,2021,Percentage,6.5
British Columbia,Non-Indigenous population,Participation rate 11,Both sexes,2021,Percentage,65.4
British Columbia,Non-Indigenous population,Participation rate 11,Males,2021,Percentage,70
British Columbia,Non-Indigenous population,Participation rate 11,Females,2021,Percentage,61
British Columbia,Non-Indigenous population,Employment rate 12,Both sexes,2021,Percentage,61.2
British Columbia,Non-Indigenous population,Employment rate 12,Males,2021,Percentage,65.6
British Columbia,Non-Indigenous population,Employment rate 12,Females,2021,Percentage,57.1
British Columbia,Non-Indigenous population,Unemployment rate 10,Both sexes,2022,Percentage,4.6
British Columbia,Non-Indigenous population,Unemployment rate 10,Males,2022,Percentage,4.7
British Columbia,Non-Indigenous population,Unemployment rate 10,Females,2022,Percentage,4.4
British Columbia,Non-Indigenous population,Participation rate 11,Both sexes,2022,Percentage,64.8
British Columbia,Non-Indigenous population,Participation rate 11,Males,2022,Percentage,68.7
British Columbia,Non-Indigenous population,Participation rate 11,Females,2022,Percentage,61
British Columbia,Non-Indigenous population,Employment rate 12,Both sexes,2022,Percentage,61.8
British Columbia,Non-Indigenous population,Employment rate 12,Males,2022,Percentage,65.4
British Columbia,Non-Indigenous population,Employment rate 12,Females,2022,Percentage,58.4
British Columbia,Non-Indigenous population,Unemployment rate 10,Both sexes,2023,Percentage,5.1
British Columbia,Non-Indigenous population,Unemployment rate 10,Males,2023,Percentage,5.1
British Columbia,Non-Indigenous population,Unemployment rate 10,Females,2023,Percentage,5.1
British Columbia,Non-Indigenous population,Participation rate 11,Both sexes,2023,Percentage,65.1
British Columbia,Non-Indigenous population,Participation rate 11,Males,2023,Percentage,68.9
British Columbia,Non-Indigenous population,Participation rate 11,Females,2023,Percentage,61.4
British Columbia,Non-Indigenous population,Employment rate 12,Both sexes,2023,Percentage,61.8
British Columbia,Non-Indigenous population,Employment rate 12,Males,2023,Percentage,65.4
British Columbia,Non-Indigenous population,Employment rate 12,Females,2023,Percentage,58.2
British Columbia,Non-Indigenous population,Unemployment rate 10,Both sexes,2024,Percentage,5.4
British Columbia,Non-Indigenous population,Unemployment rate 10,Males,2024,Percentage,5.3
British Columbia,Non-Indigenous population,Unemployment rate 10,Females,2024,Percentage,5.4
British Columbia,Non-Indigenous population,Participation rate 11,Both sexes,2024,Percentage,64.4
British Columbia,Non-Indigenous population,Participation rate 11,Males,2024,Percentage,68.7
British Columbia,Non-Indigenous population,Participation rate 11,Females,2024,Percentage,60.2
British Columbia,Non-Indigenous population,Employment rate 12,Both sexes,2024,Percentage,61
British Columbia,Non-Indigenous population,Employment rate 12,Males,2024,Percentage,65.1
British Columbia,Non-Indigenous population,Employment rate 12,Females,2024,Percentage,56.9
