,REF_DATE,GEO,Gender,Indicators,UOM,VALUE
0,2021-07,Newfoundland and Labrador,"Total, all persons",Always or often feels lonely,Percent,11.6
1,2021-07,Newfoundland and Labrador,"Total, all persons",Always or often feels lonely,Percent,8.4
2,2021-07,Newfoundland and Labrador,"Total, all persons",Always or often feels lonely,Percent,15.9
3,2021-07,Newfoundland and Labrador,"Total, all persons",Always or often feels lonely,Number,51.0
4,2021-07,Newfoundland and Labrador,"Total, all persons",Always or often feels lonely,Number,35.0
5,2021-07,Newfoundland and Labrador,"Total, all persons",Always or often feels lonely,Number,68.0
6,2021-07,Newfoundland and Labrador,"Total, all persons",Sometimes feels lonely,Percent,29.3
7,2021-07,Newfoundland and Labrador,"Total, all persons",Sometimes feels lonely,Percent,23.8
8,2021-07,Newfoundland and Labrador,"Total, all persons",Sometimes feels lonely,Percent,35.6
9,2021-07,Newfoundland and Labrador,"Total, all persons",Sometimes feels lonely,Number,129.0
10,2021-07,Newfoundland and Labrador,"Total, all persons",Sometimes feels lonely,Number,103.0
11,2021-07,Newfoundland and Labrador,"Total, all persons",Sometimes feels lonely,Number,156.0
12,2021-07,Newfoundland and Labrador,"Total, all persons",Rarely or never feels lonely,Percent,59.0
13,2021-07,Newfoundland and Labrador,"Total, all persons",Rarely or never feels lonely,Percent,52.7
14,2021-07,Newfoundland and Labrador,"Total, all persons",Rarely or never feels lonely,Percent,65.1
15,2021-07,Newfoundland and Labrador,"Total, all persons",Rarely or never feels lonely,Number,261.0
16,2021-07,Newfoundland and Labrador,"Total, all persons",Rarely or never feels lonely,Number,233.0
17,2021-07,Newfoundland and Labrador,"Total, all persons",Rarely or never feels lonely,Number,288.0
18,2021-07,Newfoundland and Labrador,Men,Always or often feels lonely,Percent,8.5
19,2021-07,Newfoundland and Labrador,Men,Always or often feels lonely,Percent,4.6
20,2021-07,Newfoundland and Labrador,Men,Always or often feels lonely,Percent,15.0
21,2021-07,Newfoundland and Labrador,Men,Always or often feels lonely,Number,
22,2021-07,Newfoundland and Labrador,Men,Always or often feels lonely,Number,
23,2021-07,Newfoundland and Labrador,Men,Always or often feels lonely,Number,
24,2021-07,Newfoundland and Labrador,Men,Sometimes feels lonely,Percent,20.1
25,2021-07,Newfoundland and Labrador,Men,Sometimes feels lonely,Percent,12.4
26,2021-07,Newfoundland and Labrador,Men,Sometimes feels lonely,Percent,31.0
27,2021-07,Newfoundland and Labrador,Men,Sometimes feels lonely,Number,
28,2021-07,Newfoundland and Labrador,Men,Sometimes feels lonely,Number,
29,2021-07,Newfoundland and Labrador,Men,Sometimes feels lonely,Number,
30,2021-07,Newfoundland and Labrador,Men,Rarely or never feels lonely,Percent,71.4
31,2021-07,Newfoundland and Labrador,Men,Rarely or never feels lonely,Percent,60.3
32,2021-07,Newfoundland and Labrador,Men,Rarely or never feels lonely,Percent,80.5
33,2021-07,Newfoundland and Labrador,Men,Rarely or never feels lonely,Number,153.0
34,2021-07,Newfoundland and Labrador,Men,Rarely or never feels lonely,Number,131.0
35,2021-07,Newfoundland and Labrador,Men,Rarely or never feels lonely,Number,175.0
36,2021-07,Newfoundland and Labrador,Women,Always or often feels lonely,Percent,14.7
37,2021-07,Newfoundland and Labrador,Women,Always or often feels lonely,Percent,10.1
38,2021-07,Newfoundland and Labrador,Women,Always or often feels lonely,Percent,20.7
39,2021-07,Newfoundland and Labrador,Women,Always or often feels lonely,Number,
40,2021-07,Newfoundland and Labrador,Women,Always or often feels lonely,Number,
41,2021-07,Newfoundland and Labrador,Women,Always or often feels lonely,Number,
42,2021-07,Newfoundland and Labrador,Women,Sometimes feels lonely,Percent,38.0
43,2021-07,Newfoundland and Labrador,Women,Sometimes feels lonely,Percent,31.1
44,2021-07,Newfoundland and Labrador,Women,Sometimes feels lonely,Percent,45.4
45,2021-07,Newfoundland and Labrador,Women,Sometimes feels lonely,Number,86.0
46,2021-07,Newfoundland and Labrador,Women,Sometimes feels lonely,Number,70.0
47,2021-07,Newfoundland and Labrador,Women,Sometimes feels lonely,Number,103.0
48,2021-07,Newfoundland and Labrador,Women,Rarely or never feels lonely,Percent,47.4
49,2021-07,Newfoundland and Labrador,Women,Rarely or never feels lonely,Percent,40.3
50,2021-07,Newfoundland and Labrador,Women,Rarely or never feels lonely,Percent,54.5
51,2021-07,Newfoundland and Labrador,Women,Rarely or never feels lonely,Number,108.0
52,2021-07,Newfoundland and Labrador,Women,Rarely or never feels lonely,Number,92.0
53,2021-07,Newfoundland and Labrador,Women,Rarely or never feels lonely,Number,124.0
54,2021-07,Prince Edward Island,"Total, all persons",Always or often feels lonely,Percent,12.2
55,2021-07,Prince Edward Island,"Total, all persons",Always or often feels lonely,Percent,9.2
56,2021-07,Prince Edward Island,"Total, all persons",Always or often feels lonely,Percent,15.9
57,2021-07,Prince Edward Island,"Total, all persons",Always or often feels lonely,Number,
58,2021-07,Prince Edward Island,"Total, all persons",Always or often feels lonely,Number,
59,2021-07,Prince Edward Island,"Total, all persons",Always or often feels lonely,Number,
60,2021-07,Prince Edward Island,"Total, all persons",Sometimes feels lonely,Percent,32.3
61,2021-07,Prince Edward Island,"Total, all persons",Sometimes feels lonely,Percent,27.6
62,2021-07,Prince Edward Island,"Total, all persons",Sometimes feels lonely,Percent,37.3
63,2021-07,Prince Edward Island,"Total, all persons",Sometimes feels lonely,Number,43.0
64,2021-07,Prince Edward Island,"Total, all persons",Sometimes feels lonely,Number,37.0
65,2021-07,Prince Edward Island,"Total, all persons",Sometimes feels lonely,Number,50.0
66,2021-07,Prince Edward Island,"Total, all persons",Rarely or never feels lonely,Percent,55.5
67,2021-07,Prince Edward Island,"Total, all persons",Rarely or never feels lonely,Percent,50.5
68,2021-07,Prince Edward Island,"Total, all persons",Rarely or never feels lonely,Percent,60.4
69,2021-07,Prince Edward Island,"Total, all persons",Rarely or never feels lonely,Number,75.0
70,2021-07,Prince Edward Island,"Total, all persons",Rarely or never feels lonely,Number,68.0
71,2021-07,Prince Edward Island,"Total, all persons",Rarely or never feels lonely,Number,81.0
72,2021-07,Prince Edward Island,Men,Always or often feels lonely,Percent,9.8
73,2021-07,Prince Edward Island,Men,Always or often feels lonely,Percent,6.1
74,2021-07,Prince Edward Island,Men,Always or often feels lonely,Percent,15.5
75,2021-07,Prince Edward Island,Men,Always or often feels lonely,Number,
76,2021-07,Prince Edward Island,Men,Always or often feels lonely,Number,
77,2021-07,Prince Edward Island,Men,Always or often feels lonely,Number,
78,2021-07,Prince Edward Island,Men,Sometimes feels lonely,Percent,29.0
79,2021-07,Prince Edward Island,Men,Sometimes feels lonely,Percent,22.4
80,2021-07,Prince Edward Island,Men,Sometimes feels lonely,Percent,36.6
81,2021-07,Prince Edward Island,Men,Sometimes feels lonely,Number,19.0
82,2021-07,Prince Edward Island,Men,Sometimes feels lonely,Number,14.0
83,2021-07,Prince Edward Island,Men,Sometimes feels lonely,Number,24.0
84,2021-07,Prince Edward Island,Men,Rarely or never feels lonely,Percent,61.2
85,2021-07,Prince Edward Island,Men,Rarely or never feels lonely,Percent,53.5
86,2021-07,Prince Edward Island,Men,Rarely or never feels lonely,Percent,68.3
87,2021-07,Prince Edward Island,Men,Rarely or never feels lonely,Number,40.0
88,2021-07,Prince Edward Island,Men,Rarely or never feels lonely,Number,36.0
89,2021-07,Prince Edward Island,Men,Rarely or never feels lonely,Number,45.0
90,2021-07,Prince Edward Island,Women,Always or often feels lonely,Percent,14.4
91,2021-07,Prince Edward Island,Women,Always or often feels lonely,Percent,10.2
92,2021-07,Prince Edward Island,Women,Always or often feels lonely,Percent,20.1
93,2021-07,Prince Edward Island,Women,Always or often feels lonely,Number,
94,2021-07,Prince Edward Island,Women,Always or often feels lonely,Number,
95,2021-07,Prince Edward Island,Women,Always or often feels lonely,Number,
96,2021-07,Prince Edward Island,Women,Sometimes feels lonely,Percent,35.5
97,2021-07,Prince Edward Island,Women,Sometimes feels lonely,Percent,29.0
98,2021-07,Prince Edward Island,Women,Sometimes feels lonely,Percent,42.6
99,2021-07,Prince Edward Island,Women,Sometimes feels lonely,Number,24.0
100,2021-07,Prince Edward Island,Women,Sometimes feels lonely,Number,20.0
101,2021-07,Prince Edward Island,Women,Sometimes feels lonely,Number,29.0
102,2021-07,Prince Edward Island,Women,Rarely or never feels lonely,Percent,50.1
103,2021-07,Prince Edward Island,Women,Rarely or never feels lonely,Percent,43.1
104,2021-07,Prince Edward Island,Women,Rarely or never feels lonely,Percent,57.1
105,2021-07,Prince Edward Island,Women,Rarely or never feels lonely,Number,34.0
106,2021-07,Prince Edward Island,Women,Rarely or never feels lonely,Number,29.0
107,2021-07,Prince Edward Island,Women,Rarely or never feels lonely,Number,39.0
108,2021-07,Nova Scotia,"Total, all persons",Always or often feels lonely,Percent,13.9
109,2021-07,Nova Scotia,"Total, all persons",Always or often feels lonely,Percent,10.7
110,2021-07,Nova Scotia,"Total, all persons",Always or often feels lonely,Percent,17.9
111,2021-07,Nova Scotia,"Total, all persons",Always or often feels lonely,Number,115.0
112,2021-07,Nova Scotia,"Total, all persons",Always or often feels lonely,Number,85.0
113,2021-07,Nova Scotia,"Total, all persons",Always or often feels lonely,Number,144.0
114,2021-07,Nova Scotia,"Total, all persons",Sometimes feels lonely,Percent,34.4
115,2021-07,Nova Scotia,"Total, all persons",Sometimes feels lonely,Percent,29.6
116,2021-07,Nova Scotia,"Total, all persons",Sometimes feels lonely,Percent,39.6
117,2021-07,Nova Scotia,"Total, all persons",Sometimes feels lonely,Number,284.0
118,2021-07,Nova Scotia,"Total, all persons",Sometimes feels lonely,Number,242.0
119,2021-07,Nova Scotia,"Total, all persons",Sometimes feels lonely,Number,325.0
120,2021-07,Nova Scotia,"Total, all persons",Rarely or never feels lonely,Percent,51.7
121,2021-07,Nova Scotia,"Total, all persons",Rarely or never feels lonely,Percent,46.6
122,2021-07,Nova Scotia,"Total, all persons",Rarely or never feels lonely,Percent,56.8
123,2021-07,Nova Scotia,"Total, all persons",Rarely or never feels lonely,Number,426.0
124,2021-07,Nova Scotia,"Total, all persons",Rarely or never feels lonely,Number,384.0
125,2021-07,Nova Scotia,"Total, all persons",Rarely or never feels lonely,Number,468.0
126,2021-07,Nova Scotia,Men,Always or often feels lonely,Percent,10.6
127,2021-07,Nova Scotia,Men,Always or often feels lonely,Percent,6.8
128,2021-07,Nova Scotia,Men,Always or often feels lonely,Percent,16.2
129,2021-07,Nova Scotia,Men,Always or often feels lonely,Number,
130,2021-07,Nova Scotia,Men,Always or often feels lonely,Number,
131,2021-07,Nova Scotia,Men,Always or often feels lonely,Number,
132,2021-07,Nova Scotia,Men,Sometimes feels lonely,Percent,29.7
133,2021-07,Nova Scotia,Men,Sometimes feels lonely,Percent,22.8
134,2021-07,Nova Scotia,Men,Sometimes feels lonely,Percent,37.6
135,2021-07,Nova Scotia,Men,Sometimes feels lonely,Number,119.0
136,2021-07,Nova Scotia,Men,Sometimes feels lonely,Number,90.0
137,2021-07,Nova Scotia,Men,Sometimes feels lonely,Number,149.0
138,2021-07,Nova Scotia,Men,Rarely or never feels lonely,Percent,59.7
139,2021-07,Nova Scotia,Men,Rarely or never feels lonely,Percent,51.8
140,2021-07,Nova Scotia,Men,Rarely or never feels lonely,Percent,67.1
141,2021-07,Nova Scotia,Men,Rarely or never feels lonely,Number,240.0
142,2021-07,Nova Scotia,Men,Rarely or never feels lonely,Number,209.0
143,2021-07,Nova Scotia,Men,Rarely or never feels lonely,Number,272.0
144,2021-07,Nova Scotia,Women,Always or often feels lonely,Percent,17.0
145,2021-07,Nova Scotia,Women,Always or often feels lonely,Percent,12.3
146,2021-07,Nova Scotia,Women,Always or often feels lonely,Percent,23.1
147,2021-07,Nova Scotia,Women,Always or often feels lonely,Number,
148,2021-07,Nova Scotia,Women,Always or often feels lonely,Number,
149,2021-07,Nova Scotia,Women,Always or often feels lonely,Number,
150,2021-07,Nova Scotia,Women,Sometimes feels lonely,Percent,38.9
151,2021-07,Nova Scotia,Women,Sometimes feels lonely,Percent,32.5
152,2021-07,Nova Scotia,Women,Sometimes feels lonely,Percent,45.7
153,2021-07,Nova Scotia,Women,Sometimes feels lonely,Number,164.0
154,2021-07,Nova Scotia,Women,Sometimes feels lonely,Number,136.0
155,2021-07,Nova Scotia,Women,Sometimes feels lonely,Number,192.0
156,2021-07,Nova Scotia,Women,Rarely or never feels lonely,Percent,44.0
157,2021-07,Nova Scotia,Women,Rarely or never feels lonely,Percent,37.7
158,2021-07,Nova Scotia,Women,Rarely or never feels lonely,Percent,50.6
159,2021-07,Nova Scotia,Women,Rarely or never feels lonely,Number,186.0
160,2021-07,Nova Scotia,Women,Rarely or never feels lonely,Number,158.0
161,2021-07,Nova Scotia,Women,Rarely or never feels lonely,Number,214.0
162,2021-07,New Brunswick,"Total, all persons",Always or often feels lonely,Percent,16.0
163,2021-07,New Brunswick,"Total, all persons",Always or often feels lonely,Percent,12.6
164,2021-07,New Brunswick,"Total, all persons",Always or often feels lonely,Percent,20.1
165,2021-07,New Brunswick,"Total, all persons",Always or often feels lonely,Number,104.0
166,2021-07,New Brunswick,"Total, all persons",Always or often feels lonely,Number,80.0
167,2021-07,New Brunswick,"Total, all persons",Always or often feels lonely,Number,129.0
168,2021-07,New Brunswick,"Total, all persons",Sometimes feels lonely,Percent,32.7
169,2021-07,New Brunswick,"Total, all persons",Sometimes feels lonely,Percent,28.1
170,2021-07,New Brunswick,"Total, all persons",Sometimes feels lonely,Percent,37.6
171,2021-07,New Brunswick,"Total, all persons",Sometimes feels lonely,Number,213.0
172,2021-07,New Brunswick,"Total, all persons",Sometimes feels lonely,Number,182.0
173,2021-07,New Brunswick,"Total, all persons",Sometimes feels lonely,Number,244.0
174,2021-07,New Brunswick,"Total, all persons",Rarely or never feels lonely,Percent,51.4
175,2021-07,New Brunswick,"Total, all persons",Rarely or never feels lonely,Percent,46.5
176,2021-07,New Brunswick,"Total, all persons",Rarely or never feels lonely,Percent,56.2
177,2021-07,New Brunswick,"Total, all persons",Rarely or never feels lonely,Number,335.0
178,2021-07,New Brunswick,"Total, all persons",Rarely or never feels lonely,Number,304.0
179,2021-07,New Brunswick,"Total, all persons",Rarely or never feels lonely,Number,367.0
180,2021-07,New Brunswick,Men,Always or often feels lonely,Percent,12.8
181,2021-07,New Brunswick,Men,Always or often feels lonely,Percent,8.6
182,2021-07,New Brunswick,Men,Always or often feels lonely,Percent,18.8
183,2021-07,New Brunswick,Men,Always or often feels lonely,Number,
184,2021-07,New Brunswick,Men,Always or often feels lonely,Number,
185,2021-07,New Brunswick,Men,Always or often feels lonely,Number,
186,2021-07,New Brunswick,Men,Sometimes feels lonely,Percent,32.5
187,2021-07,New Brunswick,Men,Sometimes feels lonely,Percent,25.7
188,2021-07,New Brunswick,Men,Sometimes feels lonely,Percent,40.1
189,2021-07,New Brunswick,Men,Sometimes feels lonely,Number,104.0
190,2021-07,New Brunswick,Men,Sometimes feels lonely,Number,81.0
191,2021-07,New Brunswick,Men,Sometimes feels lonely,Number,128.0
192,2021-07,New Brunswick,Men,Rarely or never feels lonely,Percent,54.7
193,2021-07,New Brunswick,Men,Rarely or never feels lonely,Percent,47.4
194,2021-07,New Brunswick,Men,Rarely or never feels lonely,Percent,61.7
195,2021-07,New Brunswick,Men,Rarely or never feels lonely,Number,176.0
196,2021-07,New Brunswick,Men,Rarely or never feels lonely,Number,152.0
197,2021-07,New Brunswick,Men,Rarely or never feels lonely,Number,199.0
198,2021-07,New Brunswick,Women,Always or often feels lonely,Percent,19.0
199,2021-07,New Brunswick,Women,Always or often feels lonely,Percent,14.2
200,2021-07,New Brunswick,Women,Always or often feels lonely,Percent,25.0
201,2021-07,New Brunswick,Women,Always or often feels lonely,Number,
202,2021-07,New Brunswick,Women,Always or often feels lonely,Number,
203,2021-07,New Brunswick,Women,Always or often feels lonely,Number,
204,2021-07,New Brunswick,Women,Sometimes feels lonely,Percent,32.8
205,2021-07,New Brunswick,Women,Sometimes feels lonely,Percent,27.1
206,2021-07,New Brunswick,Women,Sometimes feels lonely,Percent,39.1
207,2021-07,New Brunswick,Women,Sometimes feels lonely,Number,109.0
208,2021-07,New Brunswick,Women,Sometimes feels lonely,Number,89.0
209,2021-07,New Brunswick,Women,Sometimes feels lonely,Number,129.0
210,2021-07,New Brunswick,Women,Rarely or never feels lonely,Percent,48.2
211,2021-07,New Brunswick,Women,Rarely or never feels lonely,Percent,41.4
212,2021-07,New Brunswick,Women,Rarely or never feels lonely,Percent,55.0
213,2021-07,New Brunswick,Women,Rarely or never feels lonely,Number,160.0
214,2021-07,New Brunswick,Women,Rarely or never feels lonely,Number,137.0
215,2021-07,New Brunswick,Women,Rarely or never feels lonely,Number,182.0
216,2021-07,Quebec,"Total, all persons",Always or often feels lonely,Percent,13.5
217,2021-07,Quebec,"Total, all persons",Always or often feels lonely,Percent,11.9
218,2021-07,Quebec,"Total, all persons",Always or often feels lonely,Percent,15.3
219,2021-07,Quebec,"Total, all persons",Always or often feels lonely,Number,956.0
220,2021-07,Quebec,"Total, all persons",Always or often feels lonely,Number,837.0
221,2021-07,Quebec,"Total, all persons",Always or often feels lonely,Number,1074.0
222,2021-07,Quebec,"Total, all persons",Sometimes feels lonely,Percent,30.3
223,2021-07,Quebec,"Total, all persons",Sometimes feels lonely,Percent,28.0
224,2021-07,Quebec,"Total, all persons",Sometimes feels lonely,Percent,32.7
225,2021-07,Quebec,"Total, all persons",Sometimes feels lonely,Number,2139.0
226,2021-07,Quebec,"Total, all persons",Sometimes feels lonely,Number,1971.0
227,2021-07,Quebec,"Total, all persons",Sometimes feels lonely,Number,2306.0
228,2021-07,Quebec,"Total, all persons",Rarely or never feels lonely,Percent,56.2
229,2021-07,Quebec,"Total, all persons",Rarely or never feels lonely,Percent,53.8
230,2021-07,Quebec,"Total, all persons",Rarely or never feels lonely,Percent,58.6
231,2021-07,Quebec,"Total, all persons",Rarely or never feels lonely,Number,3973.0
232,2021-07,Quebec,"Total, all persons",Rarely or never feels lonely,Number,3799.0
233,2021-07,Quebec,"Total, all persons",Rarely or never feels lonely,Number,4146.0
234,2021-07,Quebec,Men,Always or often feels lonely,Percent,11.0
235,2021-07,Quebec,Men,Always or often feels lonely,Percent,8.9
236,2021-07,Quebec,Men,Always or often feels lonely,Percent,13.6
237,2021-07,Quebec,Men,Always or often feels lonely,Number,388.0
238,2021-07,Quebec,Men,Always or often feels lonely,Number,304.0
239,2021-07,Quebec,Men,Always or often feels lonely,Number,471.0
240,2021-07,Quebec,Men,Sometimes feels lonely,Percent,26.9
241,2021-07,Quebec,Men,Sometimes feels lonely,Percent,23.7
242,2021-07,Quebec,Men,Sometimes feels lonely,Percent,30.3
243,2021-07,Quebec,Men,Sometimes feels lonely,Number,949.0
244,2021-07,Quebec,Men,Sometimes feels lonely,Number,833.0
245,2021-07,Quebec,Men,Sometimes feels lonely,Number,1064.0
246,2021-07,Quebec,Men,Rarely or never feels lonely,Percent,62.1
247,2021-07,Quebec,Men,Rarely or never feels lonely,Percent,58.4
248,2021-07,Quebec,Men,Rarely or never feels lonely,Percent,65.7
249,2021-07,Quebec,Men,Rarely or never feels lonely,Number,2191.0
250,2021-07,Quebec,Men,Rarely or never feels lonely,Number,2062.0
251,2021-07,Quebec,Men,Rarely or never feels lonely,Number,2319.0
252,2021-07,Quebec,Women,Always or often feels lonely,Percent,16.0
253,2021-07,Quebec,Women,Always or often feels lonely,Percent,13.7
254,2021-07,Quebec,Women,Always or often feels lonely,Percent,18.7
255,2021-07,Quebec,Women,Always or often feels lonely,Number,568.0
256,2021-07,Quebec,Women,Always or often feels lonely,Number,481.0
257,2021-07,Quebec,Women,Always or often feels lonely,Number,656.0
258,2021-07,Quebec,Women,Sometimes feels lonely,Percent,33.6
259,2021-07,Quebec,Women,Sometimes feels lonely,Percent,30.3
260,2021-07,Quebec,Women,Sometimes feels lonely,Percent,37.1
261,2021-07,Quebec,Women,Sometimes feels lonely,Number,1190.0
262,2021-07,Quebec,Women,Sometimes feels lonely,Number,1067.0
263,2021-07,Quebec,Women,Sometimes feels lonely,Number,1313.0
264,2021-07,Quebec,Women,Rarely or never feels lonely,Percent,50.3
265,2021-07,Quebec,Women,Rarely or never feels lonely,Percent,46.9
266,2021-07,Quebec,Women,Rarely or never feels lonely,Percent,53.8
267,2021-07,Quebec,Women,Rarely or never feels lonely,Number,1782.0
268,2021-07,Quebec,Women,Rarely or never feels lonely,Number,1660.0
269,2021-07,Quebec,Women,Rarely or never feels lonely,Number,1904.0
270,2021-07,Ontario,"Total, all persons",Always or often feels lonely,Percent,13.3
271,2021-07,Ontario,"Total, all persons",Always or often feels lonely,Percent,11.9
272,2021-07,Ontario,"Total, all persons",Always or often feels lonely,Percent,14.9
273,2021-07,Ontario,"Total, all persons",Always or often feels lonely,Number,1631.0
274,2021-07,Ontario,"Total, all persons",Always or often feels lonely,Number,1444.0
275,2021-07,Ontario,"Total, all persons",Always or often feels lonely,Number,1819.0
276,2021-07,Ontario,"Total, all persons",Sometimes feels lonely,Percent,36.5
277,2021-07,Ontario,"Total, all persons",Sometimes feels lonely,Percent,34.3
278,2021-07,Ontario,"Total, all persons",Sometimes feels lonely,Percent,38.6
279,2021-07,Ontario,"Total, all persons",Sometimes feels lonely,Number,4462.0
280,2021-07,Ontario,"Total, all persons",Sometimes feels lonely,Number,4197.0
281,2021-07,Ontario,"Total, all persons",Sometimes feels lonely,Number,4726.0
282,2021-07,Ontario,"Total, all persons",Rarely or never feels lonely,Percent,50.2
283,2021-07,Ontario,"Total, all persons",Rarely or never feels lonely,Percent,48.0
284,2021-07,Ontario,"Total, all persons",Rarely or never feels lonely,Percent,52.4
285,2021-07,Ontario,"Total, all persons",Rarely or never feels lonely,Number,6145.0
286,2021-07,Ontario,"Total, all persons",Rarely or never feels lonely,Number,5876.0
287,2021-07,Ontario,"Total, all persons",Rarely or never feels lonely,Number,6414.0
288,2021-07,Ontario,Men,Always or often feels lonely,Percent,11.8
289,2021-07,Ontario,Men,Always or often feels lonely,Percent,9.8
290,2021-07,Ontario,Men,Always or often feels lonely,Percent,14.1
291,2021-07,Ontario,Men,Always or often feels lonely,Number,708.0
292,2021-07,Ontario,Men,Always or often feels lonely,Number,576.0
293,2021-07,Ontario,Men,Always or often feels lonely,Number,839.0
294,2021-07,Ontario,Men,Sometimes feels lonely,Percent,34.0
295,2021-07,Ontario,Men,Sometimes feels lonely,Percent,30.9
296,2021-07,Ontario,Men,Sometimes feels lonely,Percent,37.2
297,2021-07,Ontario,Men,Sometimes feels lonely,Number,2043.0
298,2021-07,Ontario,Men,Sometimes feels lonely,Number,1852.0
299,2021-07,Ontario,Men,Sometimes feels lonely,Number,2234.0
300,2021-07,Ontario,Men,Rarely or never feels lonely,Percent,54.2
301,2021-07,Ontario,Men,Rarely or never feels lonely,Percent,50.9
302,2021-07,Ontario,Men,Rarely or never feels lonely,Percent,57.5
303,2021-07,Ontario,Men,Rarely or never feels lonely,Number,3258.0
304,2021-07,Ontario,Men,Rarely or never feels lonely,Number,3059.0
305,2021-07,Ontario,Men,Rarely or never feels lonely,Number,3456.0
306,2021-07,Ontario,Women,Always or often feels lonely,Percent,14.8
307,2021-07,Ontario,Women,Always or often feels lonely,Percent,12.8
308,2021-07,Ontario,Women,Always or often feels lonely,Percent,17.2
309,2021-07,Ontario,Women,Always or often feels lonely,Number,924.0
310,2021-07,Ontario,Women,Always or often feels lonely,Number,787.0
311,2021-07,Ontario,Women,Always or often feels lonely,Number,1060.0
312,2021-07,Ontario,Women,Sometimes feels lonely,Percent,38.8
313,2021-07,Ontario,Women,Sometimes feels lonely,Percent,35.9
314,2021-07,Ontario,Women,Sometimes feels lonely,Percent,41.8
315,2021-07,Ontario,Women,Sometimes feels lonely,Number,2419.0
316,2021-07,Ontario,Women,Sometimes feels lonely,Number,2233.0
317,2021-07,Ontario,Women,Sometimes feels lonely,Number,2606.0
318,2021-07,Ontario,Women,Rarely or never feels lonely,Percent,46.3
319,2021-07,Ontario,Women,Rarely or never feels lonely,Percent,43.4
320,2021-07,Ontario,Women,Rarely or never feels lonely,Percent,49.3
321,2021-07,Ontario,Women,Rarely or never feels lonely,Number,2887.0
322,2021-07,Ontario,Women,Rarely or never feels lonely,Number,2702.0
323,2021-07,Ontario,Women,Rarely or never feels lonely,Number,3073.0
324,2021-07,Manitoba,"Total, all persons",Always or often feels lonely,Percent,11.7
325,2021-07,Manitoba,"Total, all persons",Always or often feels lonely,Percent,8.8
326,2021-07,Manitoba,"Total, all persons",Always or often feels lonely,Percent,15.4
327,2021-07,Manitoba,"Total, all persons",Always or often feels lonely,Number,122.0
328,2021-07,Manitoba,"Total, all persons",Always or often feels lonely,Number,88.0
329,2021-07,Manitoba,"Total, all persons",Always or often feels lonely,Number,157.0
330,2021-07,Manitoba,"Total, all persons",Sometimes feels lonely,Percent,37.7
331,2021-07,Manitoba,"Total, all persons",Sometimes feels lonely,Percent,33.1
332,2021-07,Manitoba,"Total, all persons",Sometimes feels lonely,Percent,42.6
333,2021-07,Manitoba,"Total, all persons",Sometimes feels lonely,Number,395.0
334,2021-07,Manitoba,"Total, all persons",Sometimes feels lonely,Number,345.0
335,2021-07,Manitoba,"Total, all persons",Sometimes feels lonely,Number,445.0
336,2021-07,Manitoba,"Total, all persons",Rarely or never feels lonely,Percent,50.6
337,2021-07,Manitoba,"Total, all persons",Rarely or never feels lonely,Percent,45.6
338,2021-07,Manitoba,"Total, all persons",Rarely or never feels lonely,Percent,55.5
339,2021-07,Manitoba,"Total, all persons",Rarely or never feels lonely,Number,529.0
340,2021-07,Manitoba,"Total, all persons",Rarely or never feels lonely,Number,477.0
341,2021-07,Manitoba,"Total, all persons",Rarely or never feels lonely,Number,582.0
342,2021-07,Manitoba,Men,Always or often feels lonely,Percent,10.4
343,2021-07,Manitoba,Men,Always or often feels lonely,Percent,6.6
344,2021-07,Manitoba,Men,Always or often feels lonely,Percent,16.1
345,2021-07,Manitoba,Men,Always or often feels lonely,Number,
346,2021-07,Manitoba,Men,Always or often feels lonely,Number,
347,2021-07,Manitoba,Men,Always or often feels lonely,Number,
348,2021-07,Manitoba,Men,Sometimes feels lonely,Percent,32.8
349,2021-07,Manitoba,Men,Sometimes feels lonely,Percent,26.0
350,2021-07,Manitoba,Men,Sometimes feels lonely,Percent,40.3
351,2021-07,Manitoba,Men,Sometimes feels lonely,Number,169.0
352,2021-07,Manitoba,Men,Sometimes feels lonely,Number,132.0
353,2021-07,Manitoba,Men,Sometimes feels lonely,Number,207.0
354,2021-07,Manitoba,Men,Rarely or never feels lonely,Percent,56.8
355,2021-07,Manitoba,Men,Rarely or never feels lonely,Percent,49.0
356,2021-07,Manitoba,Men,Rarely or never feels lonely,Percent,64.4
357,2021-07,Manitoba,Men,Rarely or never feels lonely,Number,294.0
358,2021-07,Manitoba,Men,Rarely or never feels lonely,Number,254.0
359,2021-07,Manitoba,Men,Rarely or never feels lonely,Number,334.0
360,2021-07,Manitoba,Women,Always or often feels lonely,Percent,12.9
361,2021-07,Manitoba,Women,Always or often feels lonely,Percent,9.0
362,2021-07,Manitoba,Women,Always or often feels lonely,Percent,18.2
363,2021-07,Manitoba,Women,Always or often feels lonely,Number,
364,2021-07,Manitoba,Women,Always or often feels lonely,Number,
365,2021-07,Manitoba,Women,Always or often feels lonely,Number,
366,2021-07,Manitoba,Women,Sometimes feels lonely,Percent,42.6
367,2021-07,Manitoba,Women,Sometimes feels lonely,Percent,35.8
368,2021-07,Manitoba,Women,Sometimes feels lonely,Percent,49.7
369,2021-07,Manitoba,Women,Sometimes feels lonely,Number,225.0
370,2021-07,Manitoba,Women,Sometimes feels lonely,Number,188.0
371,2021-07,Manitoba,Women,Sometimes feels lonely,Number,263.0
372,2021-07,Manitoba,Women,Rarely or never feels lonely,Percent,44.5
373,2021-07,Manitoba,Women,Rarely or never feels lonely,Percent,37.5
374,2021-07,Manitoba,Women,Rarely or never feels lonely,Percent,51.7
375,2021-07,Manitoba,Women,Rarely or never feels lonely,Number,235.0
376,2021-07,Manitoba,Women,Rarely or never feels lonely,Number,197.0
377,2021-07,Manitoba,Women,Rarely or never feels lonely,Number,274.0
378,2021-07,Saskatchewan,"Total, all persons",Always or often feels lonely,Percent,15.0
379,2021-07,Saskatchewan,"Total, all persons",Always or often feels lonely,Percent,11.4
380,2021-07,Saskatchewan,"Total, all persons",Always or often feels lonely,Percent,19.5
381,2021-07,Saskatchewan,"Total, all persons",Always or often feels lonely,Number,132.0
382,2021-07,Saskatchewan,"Total, all persons",Always or often feels lonely,Number,96.0
383,2021-07,Saskatchewan,"Total, all persons",Always or often feels lonely,Number,168.0
384,2021-07,Saskatchewan,"Total, all persons",Sometimes feels lonely,Percent,34.4
385,2021-07,Saskatchewan,"Total, all persons",Sometimes feels lonely,Percent,29.2
386,2021-07,Saskatchewan,"Total, all persons",Sometimes feels lonely,Percent,39.9
387,2021-07,Saskatchewan,"Total, all persons",Sometimes feels lonely,Number,302.0
388,2021-07,Saskatchewan,"Total, all persons",Sometimes feels lonely,Number,255.0
389,2021-07,Saskatchewan,"Total, all persons",Sometimes feels lonely,Number,350.0
390,2021-07,Saskatchewan,"Total, all persons",Rarely or never feels lonely,Percent,50.6
391,2021-07,Saskatchewan,"Total, all persons",Rarely or never feels lonely,Percent,45.1
392,2021-07,Saskatchewan,"Total, all persons",Rarely or never feels lonely,Percent,56.1
393,2021-07,Saskatchewan,"Total, all persons",Rarely or never feels lonely,Number,446.0
394,2021-07,Saskatchewan,"Total, all persons",Rarely or never feels lonely,Number,397.0
395,2021-07,Saskatchewan,"Total, all persons",Rarely or never feels lonely,Number,495.0
396,2021-07,Saskatchewan,Men,Always or often feels lonely,Percent,19.0
397,2021-07,Saskatchewan,Men,Always or often feels lonely,Percent,13.4
398,2021-07,Saskatchewan,Men,Always or often feels lonely,Percent,26.1
399,2021-07,Saskatchewan,Men,Always or often feels lonely,Number,
400,2021-07,Saskatchewan,Men,Always or often feels lonely,Number,
401,2021-07,Saskatchewan,Men,Always or often feels lonely,Number,
402,2021-07,Saskatchewan,Men,Sometimes feels lonely,Percent,32.3
403,2021-07,Saskatchewan,Men,Sometimes feels lonely,Percent,25.1
404,2021-07,Saskatchewan,Men,Sometimes feels lonely,Percent,40.5
405,2021-07,Saskatchewan,Men,Sometimes feels lonely,Number,143.0
406,2021-07,Saskatchewan,Men,Sometimes feels lonely,Number,108.0
407,2021-07,Saskatchewan,Men,Sometimes feels lonely,Number,178.0
408,2021-07,Saskatchewan,Men,Rarely or never feels lonely,Percent,48.7
409,2021-07,Saskatchewan,Men,Rarely or never feels lonely,Percent,40.9
410,2021-07,Saskatchewan,Men,Rarely or never feels lonely,Percent,56.5
411,2021-07,Saskatchewan,Men,Rarely or never feels lonely,Number,216.0
412,2021-07,Saskatchewan,Men,Rarely or never feels lonely,Number,181.0
413,2021-07,Saskatchewan,Men,Rarely or never feels lonely,Number,250.0
414,2021-07,Saskatchewan,Women,Always or often feels lonely,Percent,11.0
415,2021-07,Saskatchewan,Women,Always or often feels lonely,Percent,7.1
416,2021-07,Saskatchewan,Women,Always or often feels lonely,Percent,16.5
417,2021-07,Saskatchewan,Women,Always or often feels lonely,Number,
418,2021-07,Saskatchewan,Women,Always or often feels lonely,Number,
419,2021-07,Saskatchewan,Women,Always or often feels lonely,Number,
420,2021-07,Saskatchewan,Women,Sometimes feels lonely,Percent,36.4
421,2021-07,Saskatchewan,Women,Sometimes feels lonely,Percent,29.4
422,2021-07,Saskatchewan,Women,Sometimes feels lonely,Percent,44.0
423,2021-07,Saskatchewan,Women,Sometimes feels lonely,Number,159.0
424,2021-07,Saskatchewan,Women,Sometimes feels lonely,Number,127.0
425,2021-07,Saskatchewan,Women,Sometimes feels lonely,Number,191.0
426,2021-07,Saskatchewan,Women,Rarely or never feels lonely,Percent,52.6
427,2021-07,Saskatchewan,Women,Rarely or never feels lonely,Percent,44.9
428,2021-07,Saskatchewan,Women,Rarely or never feels lonely,Percent,60.2
429,2021-07,Saskatchewan,Women,Rarely or never feels lonely,Number,230.0
430,2021-07,Saskatchewan,Women,Rarely or never feels lonely,Number,196.0
431,2021-07,Saskatchewan,Women,Rarely or never feels lonely,Number,264.0
432,2021-07,Alberta,"Total, all persons",Always or often feels lonely,Percent,11.2
433,2021-07,Alberta,"Total, all persons",Always or often feels lonely,Percent,8.9
434,2021-07,Alberta,"Total, all persons",Always or often feels lonely,Percent,13.9
435,2021-07,Alberta,"Total, all persons",Always or often feels lonely,Number,394.0
436,2021-07,Alberta,"Total, all persons",Always or often feels lonely,Number,306.0
437,2021-07,Alberta,"Total, all persons",Always or often feels lonely,Number,481.0
438,2021-07,Alberta,"Total, all persons",Sometimes feels lonely,Percent,32.5
439,2021-07,Alberta,"Total, all persons",Sometimes feels lonely,Percent,28.8
440,2021-07,Alberta,"Total, all persons",Sometimes feels lonely,Percent,36.5
441,2021-07,Alberta,"Total, all persons",Sometimes feels lonely,Number,1148.0
442,2021-07,Alberta,"Total, all persons",Sometimes feels lonely,Number,1011.0
443,2021-07,Alberta,"Total, all persons",Sometimes feels lonely,Number,1284.0
444,2021-07,Alberta,"Total, all persons",Rarely or never feels lonely,Percent,56.3
445,2021-07,Alberta,"Total, all persons",Rarely or never feels lonely,Percent,52.3
446,2021-07,Alberta,"Total, all persons",Rarely or never feels lonely,Percent,60.2
447,2021-07,Alberta,"Total, all persons",Rarely or never feels lonely,Number,1988.0
448,2021-07,Alberta,"Total, all persons",Rarely or never feels lonely,Number,1847.0
449,2021-07,Alberta,"Total, all persons",Rarely or never feels lonely,Number,2128.0
450,2021-07,Alberta,Men,Always or often feels lonely,Percent,9.7
451,2021-07,Alberta,Men,Always or often feels lonely,Percent,6.7
452,2021-07,Alberta,Men,Always or often feels lonely,Percent,13.8
453,2021-07,Alberta,Men,Always or often feels lonely,Number,
454,2021-07,Alberta,Men,Always or often feels lonely,Number,
455,2021-07,Alberta,Men,Always or often feels lonely,Number,
456,2021-07,Alberta,Men,Sometimes feels lonely,Percent,31.2
457,2021-07,Alberta,Men,Sometimes feels lonely,Percent,26.1
458,2021-07,Alberta,Men,Sometimes feels lonely,Percent,36.9
459,2021-07,Alberta,Men,Sometimes feels lonely,Number,553.0
460,2021-07,Alberta,Men,Sometimes feels lonely,Number,457.0
461,2021-07,Alberta,Men,Sometimes feels lonely,Number,649.0
462,2021-07,Alberta,Men,Rarely or never feels lonely,Percent,59.1
463,2021-07,Alberta,Men,Rarely or never feels lonely,Percent,53.4
464,2021-07,Alberta,Men,Rarely or never feels lonely,Percent,64.6
465,2021-07,Alberta,Men,Rarely or never feels lonely,Number,1046.0
466,2021-07,Alberta,Men,Rarely or never feels lonely,Number,946.0
467,2021-07,Alberta,Men,Rarely or never feels lonely,Number,1146.0
468,2021-07,Alberta,Women,Always or often feels lonely,Percent,12.7
469,2021-07,Alberta,Women,Always or often feels lonely,Percent,9.5
470,2021-07,Alberta,Women,Always or often feels lonely,Percent,16.7
471,2021-07,Alberta,Women,Always or often feels lonely,Number,223.0
472,2021-07,Alberta,Women,Always or often feels lonely,Number,158.0
473,2021-07,Alberta,Women,Always or often feels lonely,Number,287.0
474,2021-07,Alberta,Women,Sometimes feels lonely,Percent,33.8
475,2021-07,Alberta,Women,Sometimes feels lonely,Percent,28.7
476,2021-07,Alberta,Women,Sometimes feels lonely,Percent,39.3
477,2021-07,Alberta,Women,Sometimes feels lonely,Number,595.0
478,2021-07,Alberta,Women,Sometimes feels lonely,Number,501.0
479,2021-07,Alberta,Women,Sometimes feels lonely,Number,689.0
480,2021-07,Alberta,Women,Rarely or never feels lonely,Percent,53.5
481,2021-07,Alberta,Women,Rarely or never feels lonely,Percent,48.0
482,2021-07,Alberta,Women,Rarely or never feels lonely,Percent,58.9
483,2021-07,Alberta,Women,Rarely or never feels lonely,Number,941.0
484,2021-07,Alberta,Women,Rarely or never feels lonely,Number,844.0
485,2021-07,Alberta,Women,Rarely or never feels lonely,Number,1039.0
486,2021-07,British Columbia,"Total, all persons",Always or often feels lonely,Percent,12.2
487,2021-07,British Columbia,"Total, all persons",Always or often feels lonely,Percent,10.0
488,2021-07,British Columbia,"Total, all persons",Always or often feels lonely,Percent,14.8
489,2021-07,British Columbia,"Total, all persons",Always or often feels lonely,Number,528.0
490,2021-07,British Columbia,"Total, all persons",Always or often feels lonely,Number,425.0
491,2021-07,British Columbia,"Total, all persons",Always or often feels lonely,Number,632.0
492,2021-07,British Columbia,"Total, all persons",Sometimes feels lonely,Percent,35.8
493,2021-07,British Columbia,"Total, all persons",Sometimes feels lonely,Percent,32.3
494,2021-07,British Columbia,"Total, all persons",Sometimes feels lonely,Percent,39.5
495,2021-07,British Columbia,"Total, all persons",Sometimes feels lonely,Number,1550.0
496,2021-07,British Columbia,"Total, all persons",Sometimes feels lonely,Number,1395.0
497,2021-07,British Columbia,"Total, all persons",Sometimes feels lonely,Number,1705.0
498,2021-07,British Columbia,"Total, all persons",Rarely or never feels lonely,Percent,52.0
499,2021-07,British Columbia,"Total, all persons",Rarely or never feels lonely,Percent,48.4
500,2021-07,British Columbia,"Total, all persons",Rarely or never feels lonely,Percent,55.6
501,2021-07,British Columbia,"Total, all persons",Rarely or never feels lonely,Number,2251.0
502,2021-07,British Columbia,"Total, all persons",Rarely or never feels lonely,Number,2093.0
503,2021-07,British Columbia,"Total, all persons",Rarely or never feels lonely,Number,2409.0
504,2021-07,British Columbia,Men,Always or often feels lonely,Percent,10.4
505,2021-07,British Columbia,Men,Always or often feels lonely,Percent,7.7
506,2021-07,British Columbia,Men,Always or often feels lonely,Percent,14.0
507,2021-07,British Columbia,Men,Always or often feels lonely,Number,
508,2021-07,British Columbia,Men,Always or often feels lonely,Number,
509,2021-07,British Columbia,Men,Always or often feels lonely,Number,
510,2021-07,British Columbia,Men,Sometimes feels lonely,Percent,31.2
511,2021-07,British Columbia,Men,Sometimes feels lonely,Percent,26.5
512,2021-07,British Columbia,Men,Sometimes feels lonely,Percent,36.4
513,2021-07,British Columbia,Men,Sometimes feels lonely,Number,660.0
514,2021-07,British Columbia,Men,Sometimes feels lonely,Number,555.0
515,2021-07,British Columbia,Men,Sometimes feels lonely,Number,766.0
516,2021-07,British Columbia,Men,Rarely or never feels lonely,Percent,58.3
517,2021-07,British Columbia,Men,Rarely or never feels lonely,Percent,53.2
518,2021-07,British Columbia,Men,Rarely or never feels lonely,Percent,63.3
519,2021-07,British Columbia,Men,Rarely or never feels lonely,Number,1234.0
520,2021-07,British Columbia,Men,Rarely or never feels lonely,Number,1126.0
521,2021-07,British Columbia,Men,Rarely or never feels lonely,Number,1343.0
522,2021-07,British Columbia,Women,Always or often feels lonely,Percent,13.9
523,2021-07,British Columbia,Women,Always or often feels lonely,Percent,10.8
524,2021-07,British Columbia,Women,Always or often feels lonely,Percent,17.6
525,2021-07,British Columbia,Women,Always or often feels lonely,Number,308.0
526,2021-07,British Columbia,Women,Always or often feels lonely,Number,233.0
527,2021-07,British Columbia,Women,Always or often feels lonely,Number,383.0
528,2021-07,British Columbia,Women,Sometimes feels lonely,Percent,40.2
529,2021-07,British Columbia,Women,Sometimes feels lonely,Percent,35.4
530,2021-07,British Columbia,Women,Sometimes feels lonely,Percent,45.2
531,2021-07,British Columbia,Women,Sometimes feels lonely,Number,890.0
532,2021-07,British Columbia,Women,Sometimes feels lonely,Number,781.0
533,2021-07,British Columbia,Women,Sometimes feels lonely,Number,999.0
534,2021-07,British Columbia,Women,Rarely or never feels lonely,Percent,45.9
535,2021-07,British Columbia,Women,Rarely or never feels lonely,Percent,41.1
536,2021-07,British Columbia,Women,Rarely or never feels lonely,Percent,50.9
537,2021-07,British Columbia,Women,Rarely or never feels lonely,Number,1017.0
538,2021-07,British Columbia,Women,Rarely or never feels lonely,Number,907.0
539,2021-07,British Columbia,Women,Rarely or never feels lonely,Number,1127.0
540,2021-10,Newfoundland and Labrador,"Total, all persons",Always or often feels lonely,Percent,12.8
541,2021-10,Newfoundland and Labrador,"Total, all persons",Always or often feels lonely,Percent,9.6
542,2021-10,Newfoundland and Labrador,"Total, all persons",Always or often feels lonely,Percent,16.7
543,2021-10,Newfoundland and Labrador,"Total, all persons",Always or often feels lonely,Number,56.0
544,2021-10,Newfoundland and Labrador,"Total, all persons",Always or often feels lonely,Number,41.0
545,2021-10,Newfoundland and Labrador,"Total, all persons",Always or often feels lonely,Number,72.0
546,2021-10,Newfoundland and Labrador,"Total, all persons",Sometimes feels lonely,Percent,30.1
547,2021-10,Newfoundland and Labrador,"Total, all persons",Sometimes feels lonely,Percent,25.6
548,2021-10,Newfoundland and Labrador,"Total, all persons",Sometimes feels lonely,Percent,34.9
549,2021-10,Newfoundland and Labrador,"Total, all persons",Sometimes feels lonely,Number,133.0
550,2021-10,Newfoundland and Labrador,"Total, all persons",Sometimes feels lonely,Number,112.0
551,2021-10,Newfoundland and Labrador,"Total, all persons",Sometimes feels lonely,Number,153.0
552,2021-10,Newfoundland and Labrador,"Total, all persons",Rarely or never feels lonely,Percent,57.2
553,2021-10,Newfoundland and Labrador,"Total, all persons",Rarely or never feels lonely,Percent,51.9
554,2021-10,Newfoundland and Labrador,"Total, all persons",Rarely or never feels lonely,Percent,62.2
555,2021-10,Newfoundland and Labrador,"Total, all persons",Rarely or never feels lonely,Number,252.0
556,2021-10,Newfoundland and Labrador,"Total, all persons",Rarely or never feels lonely,Number,229.0
557,2021-10,Newfoundland and Labrador,"Total, all persons",Rarely or never feels lonely,Number,275.0
558,2021-10,Newfoundland and Labrador,Men,Always or often feels lonely,Percent,10.7
559,2021-10,Newfoundland and Labrador,Men,Always or often feels lonely,Percent,6.7
560,2021-10,Newfoundland and Labrador,Men,Always or often feels lonely,Percent,16.6
561,2021-10,Newfoundland and Labrador,Men,Always or often feels lonely,Number,
562,2021-10,Newfoundland and Labrador,Men,Always or often feels lonely,Number,
563,2021-10,Newfoundland and Labrador,Men,Always or often feels lonely,Number,
564,2021-10,Newfoundland and Labrador,Men,Sometimes feels lonely,Percent,23.6
565,2021-10,Newfoundland and Labrador,Men,Sometimes feels lonely,Percent,17.8
566,2021-10,Newfoundland and Labrador,Men,Sometimes feels lonely,Percent,30.6
567,2021-10,Newfoundland and Labrador,Men,Sometimes feels lonely,Number,
568,2021-10,Newfoundland and Labrador,Men,Sometimes feels lonely,Number,
569,2021-10,Newfoundland and Labrador,Men,Sometimes feels lonely,Number,
570,2021-10,Newfoundland and Labrador,Men,Rarely or never feels lonely,Percent,65.7
571,2021-10,Newfoundland and Labrador,Men,Rarely or never feels lonely,Percent,58.0
572,2021-10,Newfoundland and Labrador,Men,Rarely or never feels lonely,Percent,72.6
573,2021-10,Newfoundland and Labrador,Men,Rarely or never feels lonely,Number,143.0
574,2021-10,Newfoundland and Labrador,Men,Rarely or never feels lonely,Number,127.0
575,2021-10,Newfoundland and Labrador,Men,Rarely or never feels lonely,Number,159.0
576,2021-10,Newfoundland and Labrador,Women,Always or often feels lonely,Percent,14.8
577,2021-10,Newfoundland and Labrador,Women,Always or often feels lonely,Percent,10.1
578,2021-10,Newfoundland and Labrador,Women,Always or often feels lonely,Percent,21.0
579,2021-10,Newfoundland and Labrador,Women,Always or often feels lonely,Number,
580,2021-10,Newfoundland and Labrador,Women,Always or often feels lonely,Number,
581,2021-10,Newfoundland and Labrador,Women,Always or often feels lonely,Number,
582,2021-10,Newfoundland and Labrador,Women,Sometimes feels lonely,Percent,36.4
583,2021-10,Newfoundland and Labrador,Women,Sometimes feels lonely,Percent,29.9
584,2021-10,Newfoundland and Labrador,Women,Sometimes feels lonely,Percent,43.5
585,2021-10,Newfoundland and Labrador,Women,Sometimes feels lonely,Number,81.0
586,2021-10,Newfoundland and Labrador,Women,Sometimes feels lonely,Number,66.0
587,2021-10,Newfoundland and Labrador,Women,Sometimes feels lonely,Number,96.0
588,2021-10,Newfoundland and Labrador,Women,Rarely or never feels lonely,Percent,48.8
589,2021-10,Newfoundland and Labrador,Women,Rarely or never feels lonely,Percent,41.6
590,2021-10,Newfoundland and Labrador,Women,Rarely or never feels lonely,Percent,56.1
591,2021-10,Newfoundland and Labrador,Women,Rarely or never feels lonely,Number,109.0
592,2021-10,Newfoundland and Labrador,Women,Rarely or never feels lonely,Number,92.0
593,2021-10,Newfoundland and Labrador,Women,Rarely or never feels lonely,Number,125.0
594,2021-10,Prince Edward Island,"Total, all persons",Always or often feels lonely,Percent,14.4
595,2021-10,Prince Edward Island,"Total, all persons",Always or often feels lonely,Percent,11.0
596,2021-10,Prince Edward Island,"Total, all persons",Always or often feels lonely,Percent,18.6
597,2021-10,Prince Edward Island,"Total, all persons",Always or often feels lonely,Number,19.0
598,2021-10,Prince Edward Island,"Total, all persons",Always or often feels lonely,Number,14.0
599,2021-10,Prince Edward Island,"Total, all persons",Always or often feels lonely,Number,25.0
600,2021-10,Prince Edward Island,"Total, all persons",Sometimes feels lonely,Percent,30.6
601,2021-10,Prince Edward Island,"Total, all persons",Sometimes feels lonely,Percent,25.9
602,2021-10,Prince Edward Island,"Total, all persons",Sometimes feels lonely,Percent,35.7
603,2021-10,Prince Edward Island,"Total, all persons",Sometimes feels lonely,Number,41.0
604,2021-10,Prince Edward Island,"Total, all persons",Sometimes feels lonely,Number,34.0
605,2021-10,Prince Edward Island,"Total, all persons",Sometimes feels lonely,Number,48.0
606,2021-10,Prince Edward Island,"Total, all persons",Rarely or never feels lonely,Percent,55.0
607,2021-10,Prince Edward Island,"Total, all persons",Rarely or never feels lonely,Percent,49.9
608,2021-10,Prince Edward Island,"Total, all persons",Rarely or never feels lonely,Percent,60.0
609,2021-10,Prince Edward Island,"Total, all persons",Rarely or never feels lonely,Number,74.0
610,2021-10,Prince Edward Island,"Total, all persons",Rarely or never feels lonely,Number,67.0
611,2021-10,Prince Edward Island,"Total, all persons",Rarely or never feels lonely,Number,81.0
612,2021-10,Prince Edward Island,Men,Always or often feels lonely,Percent,11.9
613,2021-10,Prince Edward Island,Men,Always or often feels lonely,Percent,7.2
614,2021-10,Prince Edward Island,Men,Always or often feels lonely,Percent,19.0
615,2021-10,Prince Edward Island,Men,Always or often feels lonely,Number,
616,2021-10,Prince Edward Island,Men,Always or often feels lonely,Number,
617,2021-10,Prince Edward Island,Men,Always or often feels lonely,Number,
618,2021-10,Prince Edward Island,Men,Sometimes feels lonely,Percent,28.4
619,2021-10,Prince Edward Island,Men,Sometimes feels lonely,Percent,21.4
620,2021-10,Prince Edward Island,Men,Sometimes feels lonely,Percent,36.6
621,2021-10,Prince Edward Island,Men,Sometimes feels lonely,Number,18.0
622,2021-10,Prince Edward Island,Men,Sometimes feels lonely,Number,13.0
623,2021-10,Prince Edward Island,Men,Sometimes feels lonely,Number,23.0
624,2021-10,Prince Edward Island,Men,Rarely or never feels lonely,Percent,59.7
625,2021-10,Prince Edward Island,Men,Rarely or never feels lonely,Percent,51.6
626,2021-10,Prince Edward Island,Men,Rarely or never feels lonely,Percent,67.3
627,2021-10,Prince Edward Island,Men,Rarely or never feels lonely,Number,38.0
628,2021-10,Prince Edward Island,Men,Rarely or never feels lonely,Number,33.0
629,2021-10,Prince Edward Island,Men,Rarely or never feels lonely,Number,44.0
630,2021-10,Prince Edward Island,Women,Always or often feels lonely,Percent,16.7
631,2021-10,Prince Edward Island,Women,Always or often feels lonely,Percent,12.3
632,2021-10,Prince Edward Island,Women,Always or often feels lonely,Percent,22.3
633,2021-10,Prince Edward Island,Women,Always or often feels lonely,Number,
634,2021-10,Prince Edward Island,Women,Always or often feels lonely,Number,
635,2021-10,Prince Edward Island,Women,Always or often feels lonely,Number,
636,2021-10,Prince Edward Island,Women,Sometimes feels lonely,Percent,32.6
637,2021-10,Prince Edward Island,Women,Sometimes feels lonely,Percent,26.5
638,2021-10,Prince Edward Island,Women,Sometimes feels lonely,Percent,39.3
639,2021-10,Prince Edward Island,Women,Sometimes feels lonely,Number,23.0
640,2021-10,Prince Edward Island,Women,Sometimes feels lonely,Number,18.0
641,2021-10,Prince Edward Island,Women,Sometimes feels lonely,Number,27.0
642,2021-10,Prince Edward Island,Women,Rarely or never feels lonely,Percent,50.7
643,2021-10,Prince Edward Island,Women,Rarely or never feels lonely,Percent,44.1
644,2021-10,Prince Edward Island,Women,Rarely or never feels lonely,Percent,57.3
645,2021-10,Prince Edward Island,Women,Rarely or never feels lonely,Number,36.0
646,2021-10,Prince Edward Island,Women,Rarely or never feels lonely,Number,31.0
647,2021-10,Prince Edward Island,Women,Rarely or never feels lonely,Number,40.0
648,2021-10,Nova Scotia,"Total, all persons",Always or often feels lonely,Percent,18.1
649,2021-10,Nova Scotia,"Total, all persons",Always or often feels lonely,Percent,14.5
650,2021-10,Nova Scotia,"Total, all persons",Always or often feels lonely,Percent,22.3
651,2021-10,Nova Scotia,"Total, all persons",Always or often feels lonely,Number,150.0
652,2021-10,Nova Scotia,"Total, all persons",Always or often feels lonely,Number,118.0
653,2021-10,Nova Scotia,"Total, all persons",Always or often feels lonely,Number,183.0
654,2021-10,Nova Scotia,"Total, all persons",Sometimes feels lonely,Percent,31.1
655,2021-10,Nova Scotia,"Total, all persons",Sometimes feels lonely,Percent,27.0
656,2021-10,Nova Scotia,"Total, all persons",Sometimes feels lonely,Percent,35.6
657,2021-10,Nova Scotia,"Total, all persons",Sometimes feels lonely,Number,258.0
658,2021-10,Nova Scotia,"Total, all persons",Sometimes feels lonely,Number,223.0
659,2021-10,Nova Scotia,"Total, all persons",Sometimes feels lonely,Number,294.0
660,2021-10,Nova Scotia,"Total, all persons",Rarely or never feels lonely,Percent,50.8
661,2021-10,Nova Scotia,"Total, all persons",Rarely or never feels lonely,Percent,46.2
662,2021-10,Nova Scotia,"Total, all persons",Rarely or never feels lonely,Percent,55.4
663,2021-10,Nova Scotia,"Total, all persons",Rarely or never feels lonely,Number,422.0
664,2021-10,Nova Scotia,"Total, all persons",Rarely or never feels lonely,Number,383.0
665,2021-10,Nova Scotia,"Total, all persons",Rarely or never feels lonely,Number,460.0
666,2021-10,Nova Scotia,Men,Always or often feels lonely,Percent,14.2
667,2021-10,Nova Scotia,Men,Always or often feels lonely,Percent,9.2
668,2021-10,Nova Scotia,Men,Always or often feels lonely,Percent,21.2
669,2021-10,Nova Scotia,Men,Always or often feels lonely,Number,
670,2021-10,Nova Scotia,Men,Always or often feels lonely,Number,
671,2021-10,Nova Scotia,Men,Always or often feels lonely,Number,
672,2021-10,Nova Scotia,Men,Sometimes feels lonely,Percent,32.3
673,2021-10,Nova Scotia,Men,Sometimes feels lonely,Percent,25.8
674,2021-10,Nova Scotia,Men,Sometimes feels lonely,Percent,39.5
675,2021-10,Nova Scotia,Men,Sometimes feels lonely,Number,132.0
676,2021-10,Nova Scotia,Men,Sometimes feels lonely,Number,104.0
677,2021-10,Nova Scotia,Men,Sometimes feels lonely,Number,160.0
678,2021-10,Nova Scotia,Men,Rarely or never feels lonely,Percent,53.5
679,2021-10,Nova Scotia,Men,Rarely or never feels lonely,Percent,46.0
680,2021-10,Nova Scotia,Men,Rarely or never feels lonely,Percent,60.9
681,2021-10,Nova Scotia,Men,Rarely or never feels lonely,Number,219.0
682,2021-10,Nova Scotia,Men,Rarely or never feels lonely,Number,188.0
683,2021-10,Nova Scotia,Men,Rarely or never feels lonely,Number,251.0
684,2021-10,Nova Scotia,Women,Always or often feels lonely,Percent,21.9
685,2021-10,Nova Scotia,Women,Always or often feels lonely,Percent,17.0
686,2021-10,Nova Scotia,Women,Always or often feels lonely,Percent,27.7
687,2021-10,Nova Scotia,Women,Always or often feels lonely,Number,92.0
688,2021-10,Nova Scotia,Women,Always or often feels lonely,Number,69.0
689,2021-10,Nova Scotia,Women,Always or often feels lonely,Number,115.0
690,2021-10,Nova Scotia,Women,Sometimes feels lonely,Percent,30.0
691,2021-10,Nova Scotia,Women,Sometimes feels lonely,Percent,24.7
692,2021-10,Nova Scotia,Women,Sometimes feels lonely,Percent,35.8
693,2021-10,Nova Scotia,Women,Sometimes feels lonely,Number,126.0
694,2021-10,Nova Scotia,Women,Sometimes feels lonely,Number,103.0
695,2021-10,Nova Scotia,Women,Sometimes feels lonely,Number,150.0
696,2021-10,Nova Scotia,Women,Rarely or never feels lonely,Percent,48.2
697,2021-10,Nova Scotia,Women,Rarely or never feels lonely,Percent,42.4
698,2021-10,Nova Scotia,Women,Rarely or never feels lonely,Percent,53.9
699,2021-10,Nova Scotia,Women,Rarely or never feels lonely,Number,203.0
700,2021-10,Nova Scotia,Women,Rarely or never feels lonely,Number,178.0
701,2021-10,Nova Scotia,Women,Rarely or never feels lonely,Number,227.0
702,2021-10,New Brunswick,"Total, all persons",Always or often feels lonely,Percent,17.7
703,2021-10,New Brunswick,"Total, all persons",Always or often feels lonely,Percent,14.3
704,2021-10,New Brunswick,"Total, all persons",Always or often feels lonely,Percent,21.7
705,2021-10,New Brunswick,"Total, all persons",Always or often feels lonely,Number,116.0
706,2021-10,New Brunswick,"Total, all persons",Always or often feels lonely,Number,92.0
707,2021-10,New Brunswick,"Total, all persons",Always or often feels lonely,Number,140.0
708,2021-10,New Brunswick,"Total, all persons",Sometimes feels lonely,Percent,30.7
709,2021-10,New Brunswick,"Total, all persons",Sometimes feels lonely,Percent,26.6
710,2021-10,New Brunswick,"Total, all persons",Sometimes feels lonely,Percent,35.1
711,2021-10,New Brunswick,"Total, all persons",Sometimes feels lonely,Number,201.0
712,2021-10,New Brunswick,"Total, all persons",Sometimes feels lonely,Number,174.0
713,2021-10,New Brunswick,"Total, all persons",Sometimes feels lonely,Number,229.0
714,2021-10,New Brunswick,"Total, all persons",Rarely or never feels lonely,Percent,51.6
715,2021-10,New Brunswick,"Total, all persons",Rarely or never feels lonely,Percent,47.0
716,2021-10,New Brunswick,"Total, all persons",Rarely or never feels lonely,Percent,56.2
717,2021-10,New Brunswick,"Total, all persons",Rarely or never feels lonely,Number,339.0
718,2021-10,New Brunswick,"Total, all persons",Rarely or never feels lonely,Number,308.0
719,2021-10,New Brunswick,"Total, all persons",Rarely or never feels lonely,Number,369.0
720,2021-10,New Brunswick,Men,Always or often feels lonely,Percent,17.6
721,2021-10,New Brunswick,Men,Always or often feels lonely,Percent,12.9
722,2021-10,New Brunswick,Men,Always or often feels lonely,Percent,23.4
723,2021-10,New Brunswick,Men,Always or often feels lonely,Number,
724,2021-10,New Brunswick,Men,Always or often feels lonely,Number,
725,2021-10,New Brunswick,Men,Always or often feels lonely,Number,
726,2021-10,New Brunswick,Men,Sometimes feels lonely,Percent,28.2
727,2021-10,New Brunswick,Men,Sometimes feels lonely,Percent,22.6
728,2021-10,New Brunswick,Men,Sometimes feels lonely,Percent,34.6
729,2021-10,New Brunswick,Men,Sometimes feels lonely,Number,91.0
730,2021-10,New Brunswick,Men,Sometimes feels lonely,Number,72.0
731,2021-10,New Brunswick,Men,Sometimes feels lonely,Number,111.0
732,2021-10,New Brunswick,Men,Rarely or never feels lonely,Percent,54.2
733,2021-10,New Brunswick,Men,Rarely or never feels lonely,Percent,47.5
734,2021-10,New Brunswick,Men,Rarely or never feels lonely,Percent,60.7
735,2021-10,New Brunswick,Men,Rarely or never feels lonely,Number,175.0
736,2021-10,New Brunswick,Men,Rarely or never feels lonely,Number,154.0
737,2021-10,New Brunswick,Men,Rarely or never feels lonely,Number,197.0
738,2021-10,New Brunswick,Women,Always or often feels lonely,Percent,17.8
739,2021-10,New Brunswick,Women,Always or often feels lonely,Percent,13.2
740,2021-10,New Brunswick,Women,Always or often feels lonely,Percent,23.6
741,2021-10,New Brunswick,Women,Always or often feels lonely,Number,
742,2021-10,New Brunswick,Women,Always or often feels lonely,Number,
743,2021-10,New Brunswick,Women,Always or often feels lonely,Number,
744,2021-10,New Brunswick,Women,Sometimes feels lonely,Percent,33.1
745,2021-10,New Brunswick,Women,Sometimes feels lonely,Percent,27.2
746,2021-10,New Brunswick,Women,Sometimes feels lonely,Percent,39.6
747,2021-10,New Brunswick,Women,Sometimes feels lonely,Number,110.0
748,2021-10,New Brunswick,Women,Sometimes feels lonely,Number,89.0
749,2021-10,New Brunswick,Women,Sometimes feels lonely,Number,131.0
750,2021-10,New Brunswick,Women,Rarely or never feels lonely,Percent,49.1
751,2021-10,New Brunswick,Women,Rarely or never feels lonely,Percent,42.6
752,2021-10,New Brunswick,Women,Rarely or never feels lonely,Percent,55.7
753,2021-10,New Brunswick,Women,Rarely or never feels lonely,Number,163.0
754,2021-10,New Brunswick,Women,Rarely or never feels lonely,Number,141.0
755,2021-10,New Brunswick,Women,Rarely or never feels lonely,Number,185.0
756,2021-10,Quebec,"Total, all persons",Always or often feels lonely,Percent,13.5
757,2021-10,Quebec,"Total, all persons",Always or often feels lonely,Percent,11.7
758,2021-10,Quebec,"Total, all persons",Always or often feels lonely,Percent,15.5
759,2021-10,Quebec,"Total, all persons",Always or often feels lonely,Number,954.0
760,2021-10,Quebec,"Total, all persons",Always or often feels lonely,Number,823.0
761,2021-10,Quebec,"Total, all persons",Always or often feels lonely,Number,1086.0
762,2021-10,Quebec,"Total, all persons",Sometimes feels lonely,Percent,29.8
763,2021-10,Quebec,"Total, all persons",Sometimes feels lonely,Percent,27.4
764,2021-10,Quebec,"Total, all persons",Sometimes feels lonely,Percent,32.4
765,2021-10,Quebec,"Total, all persons",Sometimes feels lonely,Number,2108.0
766,2021-10,Quebec,"Total, all persons",Sometimes feels lonely,Number,1930.0
767,2021-10,Quebec,"Total, all persons",Sometimes feels lonely,Number,2286.0
768,2021-10,Quebec,"Total, all persons",Rarely or never feels lonely,Percent,56.7
769,2021-10,Quebec,"Total, all persons",Rarely or never feels lonely,Percent,53.9
770,2021-10,Quebec,"Total, all persons",Rarely or never feels lonely,Percent,59.5
771,2021-10,Quebec,"Total, all persons",Rarely or never feels lonely,Number,4009.0
772,2021-10,Quebec,"Total, all persons",Rarely or never feels lonely,Number,3809.0
773,2021-10,Quebec,"Total, all persons",Rarely or never feels lonely,Number,4209.0
774,2021-10,Quebec,Men,Always or often feels lonely,Percent,11.0
775,2021-10,Quebec,Men,Always or often feels lonely,Percent,8.7
776,2021-10,Quebec,Men,Always or often feels lonely,Percent,13.9
777,2021-10,Quebec,Men,Always or often feels lonely,Number,392.0
778,2021-10,Quebec,Men,Always or often feels lonely,Number,298.0
779,2021-10,Quebec,Men,Always or often feels lonely,Number,486.0
780,2021-10,Quebec,Men,Sometimes feels lonely,Percent,27.7
781,2021-10,Quebec,Men,Sometimes feels lonely,Percent,24.2
782,2021-10,Quebec,Men,Sometimes feels lonely,Percent,31.4
783,2021-10,Quebec,Men,Sometimes feels lonely,Number,981.0
784,2021-10,Quebec,Men,Sometimes feels lonely,Number,854.0
785,2021-10,Quebec,Men,Sometimes feels lonely,Number,1109.0
786,2021-10,Quebec,Men,Rarely or never feels lonely,Percent,61.3
787,2021-10,Quebec,Men,Rarely or never feels lonely,Percent,57.3
788,2021-10,Quebec,Men,Rarely or never feels lonely,Percent,65.1
789,2021-10,Quebec,Men,Rarely or never feels lonely,Number,2172.0
790,2021-10,Quebec,Men,Rarely or never feels lonely,Number,2036.0
791,2021-10,Quebec,Men,Rarely or never feels lonely,Number,2309.0
792,2021-10,Quebec,Women,Always or often feels lonely,Percent,16.0
793,2021-10,Quebec,Women,Always or often feels lonely,Percent,13.4
794,2021-10,Quebec,Women,Always or often feels lonely,Percent,18.9
795,2021-10,Quebec,Women,Always or often feels lonely,Number,563.0
796,2021-10,Quebec,Women,Always or often feels lonely,Number,466.0
797,2021-10,Quebec,Women,Always or often feels lonely,Number,659.0
798,2021-10,Quebec,Women,Sometimes feels lonely,Percent,32.0
799,2021-10,Quebec,Women,Sometimes feels lonely,Percent,28.6
800,2021-10,Quebec,Women,Sometimes feels lonely,Percent,35.6
801,2021-10,Quebec,Women,Sometimes feels lonely,Number,1127.0
802,2021-10,Quebec,Women,Sometimes feels lonely,Number,1002.0
803,2021-10,Quebec,Women,Sometimes feels lonely,Number,1251.0
804,2021-10,Quebec,Women,Rarely or never feels lonely,Percent,52.1
805,2021-10,Quebec,Women,Rarely or never feels lonely,Percent,48.1
806,2021-10,Quebec,Women,Rarely or never feels lonely,Percent,56.0
807,2021-10,Quebec,Women,Rarely or never feels lonely,Number,1837.0
808,2021-10,Quebec,Women,Rarely or never feels lonely,Number,1695.0
809,2021-10,Quebec,Women,Rarely or never feels lonely,Number,1978.0
810,2021-10,Ontario,"Total, all persons",Always or often feels lonely,Percent,12.9
811,2021-10,Ontario,"Total, all persons",Always or often feels lonely,Percent,11.4
812,2021-10,Ontario,"Total, all persons",Always or often feels lonely,Percent,14.6
813,2021-10,Ontario,"Total, all persons",Always or often feels lonely,Number,1588.0
814,2021-10,Ontario,"Total, all persons",Always or often feels lonely,Number,1395.0
815,2021-10,Ontario,"Total, all persons",Always or often feels lonely,Number,1781.0
816,2021-10,Ontario,"Total, all persons",Sometimes feels lonely,Percent,33.8
817,2021-10,Ontario,"Total, all persons",Sometimes feels lonely,Percent,31.7
818,2021-10,Ontario,"Total, all persons",Sometimes feels lonely,Percent,35.9
819,2021-10,Ontario,"Total, all persons",Sometimes feels lonely,Number,4155.0
820,2021-10,Ontario,"Total, all persons",Sometimes feels lonely,Number,3890.0
821,2021-10,Ontario,"Total, all persons",Sometimes feels lonely,Number,4420.0
822,2021-10,Ontario,"Total, all persons",Rarely or never feels lonely,Percent,53.3
823,2021-10,Ontario,"Total, all persons",Rarely or never feels lonely,Percent,51.1
824,2021-10,Ontario,"Total, all persons",Rarely or never feels lonely,Percent,55.5
825,2021-10,Ontario,"Total, all persons",Rarely or never feels lonely,Number,6564.0
826,2021-10,Ontario,"Total, all persons",Rarely or never feels lonely,Number,6290.0
827,2021-10,Ontario,"Total, all persons",Rarely or never feels lonely,Number,6839.0
828,2021-10,Ontario,Men,Always or often feels lonely,Percent,12.8
829,2021-10,Ontario,Men,Always or often feels lonely,Percent,10.8
830,2021-10,Ontario,Men,Always or often feels lonely,Percent,15.2
831,2021-10,Ontario,Men,Always or often feels lonely,Number,773.0
832,2021-10,Ontario,Men,Always or often feels lonely,Number,639.0
833,2021-10,Ontario,Men,Always or often feels lonely,Number,907.0
834,2021-10,Ontario,Men,Sometimes feels lonely,Percent,30.0
835,2021-10,Ontario,Men,Sometimes feels lonely,Percent,27.0
836,2021-10,Ontario,Men,Sometimes feels lonely,Percent,33.1
837,2021-10,Ontario,Men,Sometimes feels lonely,Number,1805.0
838,2021-10,Ontario,Men,Sometimes feels lonely,Number,1615.0
839,2021-10,Ontario,Men,Sometimes feels lonely,Number,1994.0
840,2021-10,Ontario,Men,Rarely or never feels lonely,Percent,57.2
841,2021-10,Ontario,Men,Rarely or never feels lonely,Percent,54.0
842,2021-10,Ontario,Men,Rarely or never feels lonely,Percent,60.4
843,2021-10,Ontario,Men,Rarely or never feels lonely,Number,3445.0
844,2021-10,Ontario,Men,Rarely or never feels lonely,Number,3249.0
845,2021-10,Ontario,Men,Rarely or never feels lonely,Number,3642.0
846,2021-10,Ontario,Women,Always or often feels lonely,Percent,13.0
847,2021-10,Ontario,Women,Always or often feels lonely,Percent,10.9
848,2021-10,Ontario,Women,Always or often feels lonely,Percent,15.4
849,2021-10,Ontario,Women,Always or often feels lonely,Number,815.0
850,2021-10,Ontario,Women,Always or often feels lonely,Number,671.0
851,2021-10,Ontario,Women,Always or often feels lonely,Number,959.0
852,2021-10,Ontario,Women,Sometimes feels lonely,Percent,37.4
853,2021-10,Ontario,Women,Sometimes feels lonely,Percent,34.5
854,2021-10,Ontario,Women,Sometimes feels lonely,Percent,40.4
855,2021-10,Ontario,Women,Sometimes feels lonely,Number,2350.0
856,2021-10,Ontario,Women,Sometimes feels lonely,Number,2162.0
857,2021-10,Ontario,Women,Sometimes feels lonely,Number,2539.0
858,2021-10,Ontario,Women,Rarely or never feels lonely,Percent,49.6
859,2021-10,Ontario,Women,Rarely or never feels lonely,Percent,46.4
860,2021-10,Ontario,Women,Rarely or never feels lonely,Percent,52.9
861,2021-10,Ontario,Women,Rarely or never feels lonely,Number,3119.0
862,2021-10,Ontario,Women,Rarely or never feels lonely,Number,2914.0
863,2021-10,Ontario,Women,Rarely or never feels lonely,Number,3324.0
864,2021-10,Manitoba,"Total, all persons",Always or often feels lonely,Percent,15.6
865,2021-10,Manitoba,"Total, all persons",Always or often feels lonely,Percent,11.9
866,2021-10,Manitoba,"Total, all persons",Always or often feels lonely,Percent,20.1
867,2021-10,Manitoba,"Total, all persons",Always or often feels lonely,Number,164.0
868,2021-10,Manitoba,"Total, all persons",Always or often feels lonely,Number,121.0
869,2021-10,Manitoba,"Total, all persons",Always or often feels lonely,Number,207.0
870,2021-10,Manitoba,"Total, all persons",Sometimes feels lonely,Percent,34.4
871,2021-10,Manitoba,"Total, all persons",Sometimes feels lonely,Percent,29.5
872,2021-10,Manitoba,"Total, all persons",Sometimes feels lonely,Percent,39.7
873,2021-10,Manitoba,"Total, all persons",Sometimes feels lonely,Number,362.0
874,2021-10,Manitoba,"Total, all persons",Sometimes feels lonely,Number,309.0
875,2021-10,Manitoba,"Total, all persons",Sometimes feels lonely,Number,416.0
876,2021-10,Manitoba,"Total, all persons",Rarely or never feels lonely,Percent,50.0
877,2021-10,Manitoba,"Total, all persons",Rarely or never feels lonely,Percent,44.5
878,2021-10,Manitoba,"Total, all persons",Rarely or never feels lonely,Percent,55.5
879,2021-10,Manitoba,"Total, all persons",Rarely or never feels lonely,Number,526.0
880,2021-10,Manitoba,"Total, all persons",Rarely or never feels lonely,Number,468.0
881,2021-10,Manitoba,"Total, all persons",Rarely or never feels lonely,Number,584.0
882,2021-10,Manitoba,Men,Always or often feels lonely,Percent,12.5
883,2021-10,Manitoba,Men,Always or often feels lonely,Percent,8.2
884,2021-10,Manitoba,Men,Always or often feels lonely,Percent,18.6
885,2021-10,Manitoba,Men,Always or often feels lonely,Number,
886,2021-10,Manitoba,Men,Always or often feels lonely,Number,
887,2021-10,Manitoba,Men,Always or often feels lonely,Number,
888,2021-10,Manitoba,Men,Sometimes feels lonely,Percent,35.4
889,2021-10,Manitoba,Men,Sometimes feels lonely,Percent,27.8
890,2021-10,Manitoba,Men,Sometimes feels lonely,Percent,43.7
891,2021-10,Manitoba,Men,Sometimes feels lonely,Number,187.0
892,2021-10,Manitoba,Men,Sometimes feels lonely,Number,143.0
893,2021-10,Manitoba,Men,Sometimes feels lonely,Number,232.0
894,2021-10,Manitoba,Men,Rarely or never feels lonely,Percent,52.1
895,2021-10,Manitoba,Men,Rarely or never feels lonely,Percent,44.4
896,2021-10,Manitoba,Men,Rarely or never feels lonely,Percent,59.8
897,2021-10,Manitoba,Men,Rarely or never feels lonely,Number,276.0
898,2021-10,Manitoba,Men,Rarely or never feels lonely,Number,236.0
899,2021-10,Manitoba,Men,Rarely or never feels lonely,Number,316.0
900,2021-10,Manitoba,Women,Always or often feels lonely,Percent,18.7
901,2021-10,Manitoba,Women,Always or often feels lonely,Percent,13.3
902,2021-10,Manitoba,Women,Always or often feels lonely,Percent,25.6
903,2021-10,Manitoba,Women,Always or often feels lonely,Number,
904,2021-10,Manitoba,Women,Always or often feels lonely,Number,
905,2021-10,Manitoba,Women,Always or often feels lonely,Number,
906,2021-10,Manitoba,Women,Sometimes feels lonely,Percent,33.4
907,2021-10,Manitoba,Women,Sometimes feels lonely,Percent,27.5
908,2021-10,Manitoba,Women,Sometimes feels lonely,Percent,40.0
909,2021-10,Manitoba,Women,Sometimes feels lonely,Number,175.0
910,2021-10,Manitoba,Women,Sometimes feels lonely,Number,142.0
911,2021-10,Manitoba,Women,Sometimes feels lonely,Number,207.0
912,2021-10,Manitoba,Women,Rarely or never feels lonely,Percent,47.9
913,2021-10,Manitoba,Women,Rarely or never feels lonely,Percent,40.5
914,2021-10,Manitoba,Women,Rarely or never feels lonely,Percent,55.4
915,2021-10,Manitoba,Women,Rarely or never feels lonely,Number,250.0
916,2021-10,Manitoba,Women,Rarely or never feels lonely,Number,210.0
917,2021-10,Manitoba,Women,Rarely or never feels lonely,Number,290.0
918,2021-10,Saskatchewan,"Total, all persons",Always or often feels lonely,Percent,11.0
919,2021-10,Saskatchewan,"Total, all persons",Always or often feels lonely,Percent,8.4
920,2021-10,Saskatchewan,"Total, all persons",Always or often feels lonely,Percent,14.4
921,2021-10,Saskatchewan,"Total, all persons",Always or often feels lonely,Number,97.0
922,2021-10,Saskatchewan,"Total, all persons",Always or often feels lonely,Number,71.0
923,2021-10,Saskatchewan,"Total, all persons",Always or often feels lonely,Number,123.0
924,2021-10,Saskatchewan,"Total, all persons",Sometimes feels lonely,Percent,34.9
925,2021-10,Saskatchewan,"Total, all persons",Sometimes feels lonely,Percent,30.1
926,2021-10,Saskatchewan,"Total, all persons",Sometimes feels lonely,Percent,40.1
927,2021-10,Saskatchewan,"Total, all persons",Sometimes feels lonely,Number,307.0
928,2021-10,Saskatchewan,"Total, all persons",Sometimes feels lonely,Number,262.0
929,2021-10,Saskatchewan,"Total, all persons",Sometimes feels lonely,Number,352.0
930,2021-10,Saskatchewan,"Total, all persons",Rarely or never feels lonely,Percent,54.0
931,2021-10,Saskatchewan,"Total, all persons",Rarely or never feels lonely,Percent,49.0
932,2021-10,Saskatchewan,"Total, all persons",Rarely or never feels lonely,Percent,59.0
933,2021-10,Saskatchewan,"Total, all persons",Rarely or never feels lonely,Number,474.0
934,2021-10,Saskatchewan,"Total, all persons",Rarely or never feels lonely,Number,430.0
935,2021-10,Saskatchewan,"Total, all persons",Rarely or never feels lonely,Number,518.0
936,2021-10,Saskatchewan,Men,Always or often feels lonely,Percent,9.1
937,2021-10,Saskatchewan,Men,Always or often feels lonely,Percent,5.9
938,2021-10,Saskatchewan,Men,Always or often feels lonely,Percent,13.7
939,2021-10,Saskatchewan,Men,Always or often feels lonely,Number,
940,2021-10,Saskatchewan,Men,Always or often feels lonely,Number,
941,2021-10,Saskatchewan,Men,Always or often feels lonely,Number,
942,2021-10,Saskatchewan,Men,Sometimes feels lonely,Percent,29.7
943,2021-10,Saskatchewan,Men,Sometimes feels lonely,Percent,22.8
944,2021-10,Saskatchewan,Men,Sometimes feels lonely,Percent,37.7
945,2021-10,Saskatchewan,Men,Sometimes feels lonely,Number,130.0
946,2021-10,Saskatchewan,Men,Sometimes feels lonely,Number,96.0
947,2021-10,Saskatchewan,Men,Sometimes feels lonely,Number,163.0
948,2021-10,Saskatchewan,Men,Rarely or never feels lonely,Percent,61.2
949,2021-10,Saskatchewan,Men,Rarely or never feels lonely,Percent,53.7
950,2021-10,Saskatchewan,Men,Rarely or never feels lonely,Percent,68.2
951,2021-10,Saskatchewan,Men,Rarely or never feels lonely,Number,267.0
952,2021-10,Saskatchewan,Men,Rarely or never feels lonely,Number,235.0
953,2021-10,Saskatchewan,Men,Rarely or never feels lonely,Number,299.0
954,2021-10,Saskatchewan,Women,Always or often feels lonely,Percent,13.0
955,2021-10,Saskatchewan,Women,Always or often feels lonely,Percent,9.1
956,2021-10,Saskatchewan,Women,Always or often feels lonely,Percent,18.2
957,2021-10,Saskatchewan,Women,Always or often feels lonely,Number,
958,2021-10,Saskatchewan,Women,Always or often feels lonely,Number,
959,2021-10,Saskatchewan,Women,Always or often feels lonely,Number,
960,2021-10,Saskatchewan,Women,Sometimes feels lonely,Percent,40.1
961,2021-10,Saskatchewan,Women,Sometimes feels lonely,Percent,33.4
962,2021-10,Saskatchewan,Women,Sometimes feels lonely,Percent,47.1
963,2021-10,Saskatchewan,Women,Sometimes feels lonely,Number,177.0
964,2021-10,Saskatchewan,Women,Sometimes feels lonely,Number,146.0
965,2021-10,Saskatchewan,Women,Sometimes feels lonely,Number,207.0
966,2021-10,Saskatchewan,Women,Rarely or never feels lonely,Percent,47.0
967,2021-10,Saskatchewan,Women,Rarely or never feels lonely,Percent,40.2
968,2021-10,Saskatchewan,Women,Rarely or never feels lonely,Percent,53.9
969,2021-10,Saskatchewan,Women,Rarely or never feels lonely,Number,207.0
970,2021-10,Saskatchewan,Women,Rarely or never feels lonely,Number,177.0
971,2021-10,Saskatchewan,Women,Rarely or never feels lonely,Number,238.0
972,2021-10,Alberta,"Total, all persons",Always or often feels lonely,Percent,15.7
973,2021-10,Alberta,"Total, all persons",Always or often feels lonely,Percent,13.0
974,2021-10,Alberta,"Total, all persons",Always or often feels lonely,Percent,18.8
975,2021-10,Alberta,"Total, all persons",Always or often feels lonely,Number,555.0
976,2021-10,Alberta,"Total, all persons",Always or often feels lonely,Number,453.0
977,2021-10,Alberta,"Total, all persons",Always or often feels lonely,Number,657.0
978,2021-10,Alberta,"Total, all persons",Sometimes feels lonely,Percent,37.0
979,2021-10,Alberta,"Total, all persons",Sometimes feels lonely,Percent,33.5
980,2021-10,Alberta,"Total, all persons",Sometimes feels lonely,Percent,40.6
981,2021-10,Alberta,"Total, all persons",Sometimes feels lonely,Number,1306.0
982,2021-10,Alberta,"Total, all persons",Sometimes feels lonely,Number,1181.0
983,2021-10,Alberta,"Total, all persons",Sometimes feels lonely,Number,1432.0
984,2021-10,Alberta,"Total, all persons",Rarely or never feels lonely,Percent,47.3
985,2021-10,Alberta,"Total, all persons",Rarely or never feels lonely,Percent,43.7
986,2021-10,Alberta,"Total, all persons",Rarely or never feels lonely,Percent,51.0
987,2021-10,Alberta,"Total, all persons",Rarely or never feels lonely,Number,1671.0
988,2021-10,Alberta,"Total, all persons",Rarely or never feels lonely,Number,1541.0
989,2021-10,Alberta,"Total, all persons",Rarely or never feels lonely,Number,1801.0
990,2021-10,Alberta,Men,Always or often feels lonely,Percent,12.9
991,2021-10,Alberta,Men,Always or often feels lonely,Percent,9.2
992,2021-10,Alberta,Men,Always or often feels lonely,Percent,17.8
993,2021-10,Alberta,Men,Always or often feels lonely,Number,
994,2021-10,Alberta,Men,Always or often feels lonely,Number,
995,2021-10,Alberta,Men,Always or often feels lonely,Number,
996,2021-10,Alberta,Men,Sometimes feels lonely,Percent,31.6
997,2021-10,Alberta,Men,Sometimes feels lonely,Percent,26.7
998,2021-10,Alberta,Men,Sometimes feels lonely,Percent,36.9
999,2021-10,Alberta,Men,Sometimes feels lonely,Number,559.0
1000,2021-10,Alberta,Men,Sometimes feels lonely,Number,468.0
1001,2021-10,Alberta,Men,Sometimes feels lonely,Number,650.0
1002,2021-10,Alberta,Men,Rarely or never feels lonely,Percent,55.5
1003,2021-10,Alberta,Men,Rarely or never feels lonely,Percent,49.8
1004,2021-10,Alberta,Men,Rarely or never feels lonely,Percent,61.0
1005,2021-10,Alberta,Men,Rarely or never feels lonely,Number,981.0
1006,2021-10,Alberta,Men,Rarely or never feels lonely,Number,881.0
1007,2021-10,Alberta,Men,Rarely or never feels lonely,Number,1081.0
1008,2021-10,Alberta,Women,Always or often feels lonely,Percent,18.5
1009,2021-10,Alberta,Women,Always or often feels lonely,Percent,14.7
1010,2021-10,Alberta,Women,Always or often feels lonely,Percent,23.0
1011,2021-10,Alberta,Women,Always or often feels lonely,Number,326.0
1012,2021-10,Alberta,Women,Always or often feels lonely,Number,253.0
1013,2021-10,Alberta,Women,Always or often feels lonely,Number,399.0
1014,2021-10,Alberta,Women,Sometimes feels lonely,Percent,42.4
1015,2021-10,Alberta,Women,Sometimes feels lonely,Percent,37.4
1016,2021-10,Alberta,Women,Sometimes feels lonely,Percent,47.5
1017,2021-10,Alberta,Women,Sometimes feels lonely,Number,747.0
1018,2021-10,Alberta,Women,Sometimes feels lonely,Number,658.0
1019,2021-10,Alberta,Women,Sometimes feels lonely,Number,837.0
1020,2021-10,Alberta,Women,Rarely or never feels lonely,Percent,39.1
1021,2021-10,Alberta,Women,Rarely or never feels lonely,Percent,34.3
1022,2021-10,Alberta,Women,Rarely or never feels lonely,Percent,44.2
1023,2021-10,Alberta,Women,Rarely or never feels lonely,Number,690.0
1024,2021-10,Alberta,Women,Rarely or never feels lonely,Number,602.0
1025,2021-10,Alberta,Women,Rarely or never feels lonely,Number,777.0
1026,2021-10,British Columbia,"Total, all persons",Always or often feels lonely,Percent,14.3
1027,2021-10,British Columbia,"Total, all persons",Always or often feels lonely,Percent,11.8
1028,2021-10,British Columbia,"Total, all persons",Always or often feels lonely,Percent,17.1
1029,2021-10,British Columbia,"Total, all persons",Always or often feels lonely,Number,624.0
1030,2021-10,British Columbia,"Total, all persons",Always or often feels lonely,Number,509.0
1031,2021-10,British Columbia,"Total, all persons",Always or often feels lonely,Number,739.0
1032,2021-10,British Columbia,"Total, all persons",Sometimes feels lonely,Percent,35.1
1033,2021-10,British Columbia,"Total, all persons",Sometimes feels lonely,Percent,31.8
1034,2021-10,British Columbia,"Total, all persons",Sometimes feels lonely,Percent,38.6
1035,2021-10,British Columbia,"Total, all persons",Sometimes feels lonely,Number,1535.0
1036,2021-10,British Columbia,"Total, all persons",Sometimes feels lonely,Number,1386.0
1037,2021-10,British Columbia,"Total, all persons",Sometimes feels lonely,Number,1683.0
1038,2021-10,British Columbia,"Total, all persons",Rarely or never feels lonely,Percent,50.6
1039,2021-10,British Columbia,"Total, all persons",Rarely or never feels lonely,Percent,47.0
1040,2021-10,British Columbia,"Total, all persons",Rarely or never feels lonely,Percent,54.2
1041,2021-10,British Columbia,"Total, all persons",Rarely or never feels lonely,Number,2212.0
1042,2021-10,British Columbia,"Total, all persons",Rarely or never feels lonely,Number,2054.0
1043,2021-10,British Columbia,"Total, all persons",Rarely or never feels lonely,Number,2370.0
1044,2021-10,British Columbia,Men,Always or often feels lonely,Percent,12.2
1045,2021-10,British Columbia,Men,Always or often feels lonely,Percent,9.0
1046,2021-10,British Columbia,Men,Always or often feels lonely,Percent,16.3
1047,2021-10,British Columbia,Men,Always or often feels lonely,Number,
1048,2021-10,British Columbia,Men,Always or often feels lonely,Number,
1049,2021-10,British Columbia,Men,Always or often feels lonely,Number,
1050,2021-10,British Columbia,Men,Sometimes feels lonely,Percent,29.6
1051,2021-10,British Columbia,Men,Sometimes feels lonely,Percent,25.0
1052,2021-10,British Columbia,Men,Sometimes feels lonely,Percent,34.6
1053,2021-10,British Columbia,Men,Sometimes feels lonely,Number,642.0
1054,2021-10,British Columbia,Men,Sometimes feels lonely,Number,536.0
1055,2021-10,British Columbia,Men,Sometimes feels lonely,Number,747.0
1056,2021-10,British Columbia,Men,Rarely or never feels lonely,Percent,58.2
1057,2021-10,British Columbia,Men,Rarely or never feels lonely,Percent,52.7
1058,2021-10,British Columbia,Men,Rarely or never feels lonely,Percent,63.5
1059,2021-10,British Columbia,Men,Rarely or never feels lonely,Number,1262.0
1060,2021-10,British Columbia,Men,Rarely or never feels lonely,Number,1145.0
1061,2021-10,British Columbia,Men,Rarely or never feels lonely,Number,1378.0
1062,2021-10,British Columbia,Women,Always or often feels lonely,Percent,16.3
1063,2021-10,British Columbia,Women,Always or often feels lonely,Percent,12.7
1064,2021-10,British Columbia,Women,Always or often feels lonely,Percent,20.8
1065,2021-10,British Columbia,Women,Always or often feels lonely,Number,360.0
1066,2021-10,British Columbia,Women,Always or often feels lonely,Number,271.0
1067,2021-10,British Columbia,Women,Always or often feels lonely,Number,449.0
1068,2021-10,British Columbia,Women,Sometimes feels lonely,Percent,40.5
1069,2021-10,British Columbia,Women,Sometimes feels lonely,Percent,35.9
1070,2021-10,British Columbia,Women,Sometimes feels lonely,Percent,45.3
1071,2021-10,British Columbia,Women,Sometimes feels lonely,Number,893.0
1072,2021-10,British Columbia,Women,Sometimes feels lonely,Number,789.0
1073,2021-10,British Columbia,Women,Sometimes feels lonely,Number,997.0
1074,2021-10,British Columbia,Women,Rarely or never feels lonely,Percent,43.1
1075,2021-10,British Columbia,Women,Rarely or never feels lonely,Percent,38.5
1076,2021-10,British Columbia,Women,Rarely or never feels lonely,Percent,47.9
1077,2021-10,British Columbia,Women,Rarely or never feels lonely,Number,950.0
1078,2021-10,British Columbia,Women,Rarely or never feels lonely,Number,845.0
1079,2021-10,British Columbia,Women,Rarely or never feels lonely,Number,1055.0
1080,2022-01,Newfoundland and Labrador,"Total, all persons",Always or often feels lonely,Percent,13.8
1081,2022-01,Newfoundland and Labrador,"Total, all persons",Always or often feels lonely,Percent,10.4
1082,2022-01,Newfoundland and Labrador,"Total, all persons",Always or often feels lonely,Percent,18.0
1083,2022-01,Newfoundland and Labrador,"Total, all persons",Always or often feels lonely,Number,61.0
1084,2022-01,Newfoundland and Labrador,"Total, all persons",Always or often feels lonely,Number,44.0
1085,2022-01,Newfoundland and Labrador,"Total, all persons",Always or often feels lonely,Number,78.0
1086,2022-01,Newfoundland and Labrador,"Total, all persons",Sometimes feels lonely,Percent,27.1
1087,2022-01,Newfoundland and Labrador,"Total, all persons",Sometimes feels lonely,Percent,22.6
1088,2022-01,Newfoundland and Labrador,"Total, all persons",Sometimes feels lonely,Percent,32.2
1089,2022-01,Newfoundland and Labrador,"Total, all persons",Sometimes feels lonely,Number,121.0
1090,2022-01,Newfoundland and Labrador,"Total, all persons",Sometimes feels lonely,Number,100.0
1091,2022-01,Newfoundland and Labrador,"Total, all persons",Sometimes feels lonely,Number,143.0
1092,2022-01,Newfoundland and Labrador,"Total, all persons",Rarely or never feels lonely,Percent,59.1
1093,2022-01,Newfoundland and Labrador,"Total, all persons",Rarely or never feels lonely,Percent,53.9
1094,2022-01,Newfoundland and Labrador,"Total, all persons",Rarely or never feels lonely,Percent,64.1
1095,2022-01,Newfoundland and Labrador,"Total, all persons",Rarely or never feels lonely,Number,264.0
1096,2022-01,Newfoundland and Labrador,"Total, all persons",Rarely or never feels lonely,Number,241.0
1097,2022-01,Newfoundland and Labrador,"Total, all persons",Rarely or never feels lonely,Number,287.0
1098,2022-01,Newfoundland and Labrador,Men,Always or often feels lonely,Percent,9.5
1099,2022-01,Newfoundland and Labrador,Men,Always or often feels lonely,Percent,5.8
1100,2022-01,Newfoundland and Labrador,Men,Always or often feels lonely,Percent,15.3
1101,2022-01,Newfoundland and Labrador,Men,Always or often feels lonely,Number,
1102,2022-01,Newfoundland and Labrador,Men,Always or often feels lonely,Number,
1103,2022-01,Newfoundland and Labrador,Men,Always or often feels lonely,Number,
1104,2022-01,Newfoundland and Labrador,Men,Sometimes feels lonely,Percent,18.2
1105,2022-01,Newfoundland and Labrador,Men,Sometimes feels lonely,Percent,12.3
1106,2022-01,Newfoundland and Labrador,Men,Sometimes feels lonely,Percent,26.0
1107,2022-01,Newfoundland and Labrador,Men,Sometimes feels lonely,Number,
1108,2022-01,Newfoundland and Labrador,Men,Sometimes feels lonely,Number,
1109,2022-01,Newfoundland and Labrador,Men,Sometimes feels lonely,Number,
1110,2022-01,Newfoundland and Labrador,Men,Rarely or never feels lonely,Percent,72.3
1111,2022-01,Newfoundland and Labrador,Men,Rarely or never feels lonely,Percent,63.5
1112,2022-01,Newfoundland and Labrador,Men,Rarely or never feels lonely,Percent,79.6
1113,2022-01,Newfoundland and Labrador,Men,Rarely or never feels lonely,Number,159.0
1114,2022-01,Newfoundland and Labrador,Men,Rarely or never feels lonely,Number,141.0
1115,2022-01,Newfoundland and Labrador,Men,Rarely or never feels lonely,Number,176.0
1116,2022-01,Newfoundland and Labrador,Women,Always or often feels lonely,Percent,17.9
1117,2022-01,Newfoundland and Labrador,Women,Always or often feels lonely,Percent,12.8
1118,2022-01,Newfoundland and Labrador,Women,Always or often feels lonely,Percent,24.4
1119,2022-01,Newfoundland and Labrador,Women,Always or often feels lonely,Number,
1120,2022-01,Newfoundland and Labrador,Women,Always or often feels lonely,Number,
1121,2022-01,Newfoundland and Labrador,Women,Always or often feels lonely,Number,
1122,2022-01,Newfoundland and Labrador,Women,Sometimes feels lonely,Percent,35.8
1123,2022-01,Newfoundland and Labrador,Women,Sometimes feels lonely,Percent,29.3
1124,2022-01,Newfoundland and Labrador,Women,Sometimes feels lonely,Percent,42.8
1125,2022-01,Newfoundland and Labrador,Women,Sometimes feels lonely,Number,81.0
1126,2022-01,Newfoundland and Labrador,Women,Sometimes feels lonely,Number,66.0
1127,2022-01,Newfoundland and Labrador,Women,Sometimes feels lonely,Number,97.0
1128,2022-01,Newfoundland and Labrador,Women,Rarely or never feels lonely,Percent,46.4
1129,2022-01,Newfoundland and Labrador,Women,Rarely or never feels lonely,Percent,40.1
1130,2022-01,Newfoundland and Labrador,Women,Rarely or never feels lonely,Percent,52.7
1131,2022-01,Newfoundland and Labrador,Women,Rarely or never feels lonely,Number,105.0
1132,2022-01,Newfoundland and Labrador,Women,Rarely or never feels lonely,Number,91.0
1133,2022-01,Newfoundland and Labrador,Women,Rarely or never feels lonely,Number,120.0
1134,2022-01,Prince Edward Island,"Total, all persons",Always or often feels lonely,Percent,11.5
1135,2022-01,Prince Edward Island,"Total, all persons",Always or often feels lonely,Percent,8.7
1136,2022-01,Prince Edward Island,"Total, all persons",Always or often feels lonely,Percent,15.1
1137,2022-01,Prince Edward Island,"Total, all persons",Always or often feels lonely,Number,16.0
1138,2022-01,Prince Edward Island,"Total, all persons",Always or often feels lonely,Number,11.0
1139,2022-01,Prince Edward Island,"Total, all persons",Always or often feels lonely,Number,20.0
1140,2022-01,Prince Edward Island,"Total, all persons",Sometimes feels lonely,Percent,31.9
1141,2022-01,Prince Edward Island,"Total, all persons",Sometimes feels lonely,Percent,27.3
1142,2022-01,Prince Edward Island,"Total, all persons",Sometimes feels lonely,Percent,37.0
1143,2022-01,Prince Edward Island,"Total, all persons",Sometimes feels lonely,Number,44.0
1144,2022-01,Prince Edward Island,"Total, all persons",Sometimes feels lonely,Number,37.0
1145,2022-01,Prince Edward Island,"Total, all persons",Sometimes feels lonely,Number,50.0
1146,2022-01,Prince Edward Island,"Total, all persons",Rarely or never feels lonely,Percent,56.6
1147,2022-01,Prince Edward Island,"Total, all persons",Rarely or never feels lonely,Percent,51.7
1148,2022-01,Prince Edward Island,"Total, all persons",Rarely or never feels lonely,Percent,61.4
1149,2022-01,Prince Edward Island,"Total, all persons",Rarely or never feels lonely,Number,77.0
1150,2022-01,Prince Edward Island,"Total, all persons",Rarely or never feels lonely,Number,71.0
1151,2022-01,Prince Edward Island,"Total, all persons",Rarely or never feels lonely,Number,84.0
1152,2022-01,Prince Edward Island,Men,Always or often feels lonely,Percent,10.4
1153,2022-01,Prince Edward Island,Men,Always or often feels lonely,Percent,6.7
1154,2022-01,Prince Edward Island,Men,Always or often feels lonely,Percent,15.9
1155,2022-01,Prince Edward Island,Men,Always or often feels lonely,Number,
1156,2022-01,Prince Edward Island,Men,Always or often feels lonely,Number,
1157,2022-01,Prince Edward Island,Men,Always or often feels lonely,Number,
1158,2022-01,Prince Edward Island,Men,Sometimes feels lonely,Percent,25.9
1159,2022-01,Prince Edward Island,Men,Sometimes feels lonely,Percent,19.4
1160,2022-01,Prince Edward Island,Men,Sometimes feels lonely,Percent,33.7
1161,2022-01,Prince Edward Island,Men,Sometimes feels lonely,Number,17.0
1162,2022-01,Prince Edward Island,Men,Sometimes feels lonely,Number,13.0
1163,2022-01,Prince Edward Island,Men,Sometimes feels lonely,Number,22.0
1164,2022-01,Prince Edward Island,Men,Rarely or never feels lonely,Percent,63.6
1165,2022-01,Prince Edward Island,Men,Rarely or never feels lonely,Percent,55.8
1166,2022-01,Prince Edward Island,Men,Rarely or never feels lonely,Percent,70.8
1167,2022-01,Prince Edward Island,Men,Rarely or never feels lonely,Number,43.0
1168,2022-01,Prince Edward Island,Men,Rarely or never feels lonely,Number,38.0
1169,2022-01,Prince Edward Island,Men,Rarely or never feels lonely,Number,48.0
1170,2022-01,Prince Edward Island,Women,Always or often feels lonely,Percent,12.5
1171,2022-01,Prince Edward Island,Women,Always or often feels lonely,Percent,8.7
1172,2022-01,Prince Edward Island,Women,Always or often feels lonely,Percent,17.7
1173,2022-01,Prince Edward Island,Women,Always or often feels lonely,Number,
1174,2022-01,Prince Edward Island,Women,Always or often feels lonely,Number,
1175,2022-01,Prince Edward Island,Women,Always or often feels lonely,Number,
1176,2022-01,Prince Edward Island,Women,Sometimes feels lonely,Percent,37.7
1177,2022-01,Prince Edward Island,Women,Sometimes feels lonely,Percent,31.3
1178,2022-01,Prince Edward Island,Women,Sometimes feels lonely,Percent,44.5
1179,2022-01,Prince Edward Island,Women,Sometimes feels lonely,Number,26.0
1180,2022-01,Prince Edward Island,Women,Sometimes feels lonely,Number,22.0
1181,2022-01,Prince Edward Island,Women,Sometimes feels lonely,Number,31.0
1182,2022-01,Prince Edward Island,Women,Rarely or never feels lonely,Percent,49.8
1183,2022-01,Prince Edward Island,Women,Rarely or never feels lonely,Percent,43.4
1184,2022-01,Prince Edward Island,Women,Rarely or never feels lonely,Percent,56.2
1185,2022-01,Prince Edward Island,Women,Rarely or never feels lonely,Number,35.0
1186,2022-01,Prince Edward Island,Women,Rarely or never feels lonely,Number,30.0
1187,2022-01,Prince Edward Island,Women,Rarely or never feels lonely,Number,39.0
1188,2022-01,Nova Scotia,"Total, all persons",Always or often feels lonely,Percent,9.7
1189,2022-01,Nova Scotia,"Total, all persons",Always or often feels lonely,Percent,7.2
1190,2022-01,Nova Scotia,"Total, all persons",Always or often feels lonely,Percent,13.0
1191,2022-01,Nova Scotia,"Total, all persons",Always or often feels lonely,Number,81.0
1192,2022-01,Nova Scotia,"Total, all persons",Always or often feels lonely,Number,57.0
1193,2022-01,Nova Scotia,"Total, all persons",Always or often feels lonely,Number,105.0
1194,2022-01,Nova Scotia,"Total, all persons",Sometimes feels lonely,Percent,36.7
1195,2022-01,Nova Scotia,"Total, all persons",Sometimes feels lonely,Percent,31.3
1196,2022-01,Nova Scotia,"Total, all persons",Sometimes feels lonely,Percent,42.4
1197,2022-01,Nova Scotia,"Total, all persons",Sometimes feels lonely,Number,306.0
1198,2022-01,Nova Scotia,"Total, all persons",Sometimes feels lonely,Number,259.0
1199,2022-01,Nova Scotia,"Total, all persons",Sometimes feels lonely,Number,352.0
1200,2022-01,Nova Scotia,"Total, all persons",Rarely or never feels lonely,Percent,53.6
1201,2022-01,Nova Scotia,"Total, all persons",Rarely or never feels lonely,Percent,48.2
1202,2022-01,Nova Scotia,"Total, all persons",Rarely or never feels lonely,Percent,58.9
1203,2022-01,Nova Scotia,"Total, all persons",Rarely or never feels lonely,Number,447.0
1204,2022-01,Nova Scotia,"Total, all persons",Rarely or never feels lonely,Number,402.0
1205,2022-01,Nova Scotia,"Total, all persons",Rarely or never feels lonely,Number,491.0
1206,2022-01,Nova Scotia,Men,Always or often feels lonely,Percent,6.2
1207,2022-01,Nova Scotia,Men,Always or often feels lonely,Percent,3.7
1208,2022-01,Nova Scotia,Men,Always or often feels lonely,Percent,10.3
1209,2022-01,Nova Scotia,Men,Always or often feels lonely,Number,
1210,2022-01,Nova Scotia,Men,Always or often feels lonely,Number,
1211,2022-01,Nova Scotia,Men,Always or often feels lonely,Number,
1212,2022-01,Nova Scotia,Men,Sometimes feels lonely,Percent,35.0
1213,2022-01,Nova Scotia,Men,Sometimes feels lonely,Percent,26.6
1214,2022-01,Nova Scotia,Men,Sometimes feels lonely,Percent,44.3
1215,2022-01,Nova Scotia,Men,Sometimes feels lonely,Number,140.0
1216,2022-01,Nova Scotia,Men,Sometimes feels lonely,Number,103.0
1217,2022-01,Nova Scotia,Men,Sometimes feels lonely,Number,177.0
1218,2022-01,Nova Scotia,Men,Rarely or never feels lonely,Percent,58.8
1219,2022-01,Nova Scotia,Men,Rarely or never feels lonely,Percent,49.6
1220,2022-01,Nova Scotia,Men,Rarely or never feels lonely,Percent,67.5
1221,2022-01,Nova Scotia,Men,Rarely or never feels lonely,Number,235.0
1222,2022-01,Nova Scotia,Men,Rarely or never feels lonely,Number,199.0
1223,2022-01,Nova Scotia,Men,Rarely or never feels lonely,Number,271.0
1224,2022-01,Nova Scotia,Women,Always or often feels lonely,Percent,13.0
1225,2022-01,Nova Scotia,Women,Always or often feels lonely,Percent,8.9
1226,2022-01,Nova Scotia,Women,Always or often feels lonely,Percent,18.6
1227,2022-01,Nova Scotia,Women,Always or often feels lonely,Number,
1228,2022-01,Nova Scotia,Women,Always or often feels lonely,Number,
1229,2022-01,Nova Scotia,Women,Always or often feels lonely,Number,
1230,2022-01,Nova Scotia,Women,Sometimes feels lonely,Percent,38.2
1231,2022-01,Nova Scotia,Women,Sometimes feels lonely,Percent,31.7
1232,2022-01,Nova Scotia,Women,Sometimes feels lonely,Percent,45.2
1233,2022-01,Nova Scotia,Women,Sometimes feels lonely,Number,166.0
1234,2022-01,Nova Scotia,Women,Sometimes feels lonely,Number,136.0
1235,2022-01,Nova Scotia,Women,Sometimes feels lonely,Number,195.0
1236,2022-01,Nova Scotia,Women,Rarely or never feels lonely,Percent,48.8
1237,2022-01,Nova Scotia,Women,Rarely or never feels lonely,Percent,42.8
1238,2022-01,Nova Scotia,Women,Rarely or never feels lonely,Percent,54.8
1239,2022-01,Nova Scotia,Women,Rarely or never feels lonely,Number,211.0
1240,2022-01,Nova Scotia,Women,Rarely or never feels lonely,Number,184.0
1241,2022-01,Nova Scotia,Women,Rarely or never feels lonely,Number,239.0
1242,2022-01,New Brunswick,"Total, all persons",Always or often feels lonely,Percent,11.5
1243,2022-01,New Brunswick,"Total, all persons",Always or often feels lonely,Percent,8.8
1244,2022-01,New Brunswick,"Total, all persons",Always or often feels lonely,Percent,14.9
1245,2022-01,New Brunswick,"Total, all persons",Always or often feels lonely,Number,76.0
1246,2022-01,New Brunswick,"Total, all persons",Always or often feels lonely,Number,56.0
1247,2022-01,New Brunswick,"Total, all persons",Always or often feels lonely,Number,96.0
1248,2022-01,New Brunswick,"Total, all persons",Sometimes feels lonely,Percent,33.4
1249,2022-01,New Brunswick,"Total, all persons",Sometimes feels lonely,Percent,28.6
1250,2022-01,New Brunswick,"Total, all persons",Sometimes feels lonely,Percent,38.6
1251,2022-01,New Brunswick,"Total, all persons",Sometimes feels lonely,Number,221.0
1252,2022-01,New Brunswick,"Total, all persons",Sometimes feels lonely,Number,188.0
1253,2022-01,New Brunswick,"Total, all persons",Sometimes feels lonely,Number,254.0
1254,2022-01,New Brunswick,"Total, all persons",Rarely or never feels lonely,Percent,55.1
1255,2022-01,New Brunswick,"Total, all persons",Rarely or never feels lonely,Percent,50.1
1256,2022-01,New Brunswick,"Total, all persons",Rarely or never feels lonely,Percent,59.9
1257,2022-01,New Brunswick,"Total, all persons",Rarely or never feels lonely,Number,364.0
1258,2022-01,New Brunswick,"Total, all persons",Rarely or never feels lonely,Number,332.0
1259,2022-01,New Brunswick,"Total, all persons",Rarely or never feels lonely,Number,397.0
1260,2022-01,New Brunswick,Men,Always or often feels lonely,Percent,6.3
1261,2022-01,New Brunswick,Men,Always or often feels lonely,Percent,3.6
1262,2022-01,New Brunswick,Men,Always or often feels lonely,Percent,10.6
1263,2022-01,New Brunswick,Men,Always or often feels lonely,Number,
1264,2022-01,New Brunswick,Men,Always or often feels lonely,Number,
1265,2022-01,New Brunswick,Men,Always or often feels lonely,Number,
1266,2022-01,New Brunswick,Men,Sometimes feels lonely,Percent,27.9
1267,2022-01,New Brunswick,Men,Sometimes feels lonely,Percent,21.2
1268,2022-01,New Brunswick,Men,Sometimes feels lonely,Percent,35.7
1269,2022-01,New Brunswick,Men,Sometimes feels lonely,Number,
1270,2022-01,New Brunswick,Men,Sometimes feels lonely,Number,
1271,2022-01,New Brunswick,Men,Sometimes feels lonely,Number,
1272,2022-01,New Brunswick,Men,Rarely or never feels lonely,Percent,65.9
1273,2022-01,New Brunswick,Men,Rarely or never feels lonely,Percent,58.0
1274,2022-01,New Brunswick,Men,Rarely or never feels lonely,Percent,72.9
1275,2022-01,New Brunswick,Men,Rarely or never feels lonely,Number,215.0
1276,2022-01,New Brunswick,Men,Rarely or never feels lonely,Number,191.0
1277,2022-01,New Brunswick,Men,Rarely or never feels lonely,Number,240.0
1278,2022-01,New Brunswick,Women,Always or often feels lonely,Percent,16.7
1279,2022-01,New Brunswick,Women,Always or often feels lonely,Percent,12.2
1280,2022-01,New Brunswick,Women,Always or often feels lonely,Percent,22.4
1281,2022-01,New Brunswick,Women,Always or often feels lonely,Number,
1282,2022-01,New Brunswick,Women,Always or often feels lonely,Number,
1283,2022-01,New Brunswick,Women,Always or often feels lonely,Number,
1284,2022-01,New Brunswick,Women,Sometimes feels lonely,Percent,38.8
1285,2022-01,New Brunswick,Women,Sometimes feels lonely,Percent,32.4
1286,2022-01,New Brunswick,Women,Sometimes feels lonely,Percent,45.5
1287,2022-01,New Brunswick,Women,Sometimes feels lonely,Number,130.0
1288,2022-01,New Brunswick,Women,Sometimes feels lonely,Number,108.0
1289,2022-01,New Brunswick,Women,Sometimes feels lonely,Number,152.0
1290,2022-01,New Brunswick,Women,Rarely or never feels lonely,Percent,44.5
1291,2022-01,New Brunswick,Women,Rarely or never feels lonely,Percent,38.3
1292,2022-01,New Brunswick,Women,Rarely or never feels lonely,Percent,51.0
1293,2022-01,New Brunswick,Women,Rarely or never feels lonely,Number,149.0
1294,2022-01,New Brunswick,Women,Rarely or never feels lonely,Number,128.0
1295,2022-01,New Brunswick,Women,Rarely or never feels lonely,Number,170.0
1296,2022-01,Quebec,"Total, all persons",Always or often feels lonely,Percent,14.8
1297,2022-01,Quebec,"Total, all persons",Always or often feels lonely,Percent,12.9
1298,2022-01,Quebec,"Total, all persons",Always or often feels lonely,Percent,16.9
1299,2022-01,Quebec,"Total, all persons",Always or often feels lonely,Number,1052.0
1300,2022-01,Quebec,"Total, all persons",Always or often feels lonely,Number,910.0
1301,2022-01,Quebec,"Total, all persons",Always or often feels lonely,Number,1195.0
1302,2022-01,Quebec,"Total, all persons",Sometimes feels lonely,Percent,29.4
1303,2022-01,Quebec,"Total, all persons",Sometimes feels lonely,Percent,27.0
1304,2022-01,Quebec,"Total, all persons",Sometimes feels lonely,Percent,31.8
1305,2022-01,Quebec,"Total, all persons",Sometimes feels lonely,Number,2091.0
1306,2022-01,Quebec,"Total, all persons",Sometimes feels lonely,Number,1919.0
1307,2022-01,Quebec,"Total, all persons",Sometimes feels lonely,Number,2263.0
1308,2022-01,Quebec,"Total, all persons",Rarely or never feels lonely,Percent,55.8
1309,2022-01,Quebec,"Total, all persons",Rarely or never feels lonely,Percent,53.1
1310,2022-01,Quebec,"Total, all persons",Rarely or never feels lonely,Percent,58.5
1311,2022-01,Quebec,"Total, all persons",Rarely or never feels lonely,Number,3975.0
1312,2022-01,Quebec,"Total, all persons",Rarely or never feels lonely,Number,3783.0
1313,2022-01,Quebec,"Total, all persons",Rarely or never feels lonely,Number,4168.0
1314,2022-01,Quebec,Men,Always or often feels lonely,Percent,14.6
1315,2022-01,Quebec,Men,Always or often feels lonely,Percent,11.9
1316,2022-01,Quebec,Men,Always or often feels lonely,Percent,17.8
1317,2022-01,Quebec,Men,Always or often feels lonely,Number,516.0
1318,2022-01,Quebec,Men,Always or often feels lonely,Number,412.0
1319,2022-01,Quebec,Men,Always or often feels lonely,Number,620.0
1320,2022-01,Quebec,Men,Sometimes feels lonely,Percent,27.0
1321,2022-01,Quebec,Men,Sometimes feels lonely,Percent,23.7
1322,2022-01,Quebec,Men,Sometimes feels lonely,Percent,30.6
1323,2022-01,Quebec,Men,Sometimes feels lonely,Number,956.0
1324,2022-01,Quebec,Men,Sometimes feels lonely,Number,833.0
1325,2022-01,Quebec,Men,Sometimes feels lonely,Number,1079.0
1326,2022-01,Quebec,Men,Rarely or never feels lonely,Percent,58.5
1327,2022-01,Quebec,Men,Rarely or never feels lonely,Percent,54.4
1328,2022-01,Quebec,Men,Rarely or never feels lonely,Percent,62.4
1329,2022-01,Quebec,Men,Rarely or never feels lonely,Number,2071.0
1330,2022-01,Quebec,Men,Rarely or never feels lonely,Number,1927.0
1331,2022-01,Quebec,Men,Rarely or never feels lonely,Number,2215.0
1332,2022-01,Quebec,Women,Always or often feels lonely,Percent,15.0
1333,2022-01,Quebec,Women,Always or often feels lonely,Percent,12.6
1334,2022-01,Quebec,Women,Always or often feels lonely,Percent,17.8
1335,2022-01,Quebec,Women,Always or often feels lonely,Number,537.0
1336,2022-01,Quebec,Women,Always or often feels lonely,Number,442.0
1337,2022-01,Quebec,Women,Always or often feels lonely,Number,631.0
1338,2022-01,Quebec,Women,Sometimes feels lonely,Percent,31.7
1339,2022-01,Quebec,Women,Sometimes feels lonely,Percent,28.4
1340,2022-01,Quebec,Women,Sometimes feels lonely,Percent,35.3
1341,2022-01,Quebec,Women,Sometimes feels lonely,Number,1135.0
1342,2022-01,Quebec,Women,Sometimes feels lonely,Number,1011.0
1343,2022-01,Quebec,Women,Sometimes feels lonely,Number,1259.0
1344,2022-01,Quebec,Women,Rarely or never feels lonely,Percent,53.3
1345,2022-01,Quebec,Women,Rarely or never feels lonely,Percent,49.5
1346,2022-01,Quebec,Women,Rarely or never feels lonely,Percent,56.9
1347,2022-01,Quebec,Women,Rarely or never feels lonely,Number,1905.0
1348,2022-01,Quebec,Women,Rarely or never feels lonely,Number,1773.0
1349,2022-01,Quebec,Women,Rarely or never feels lonely,Number,2037.0
1350,2022-01,Ontario,"Total, all persons",Always or often feels lonely,Percent,15.0
1351,2022-01,Ontario,"Total, all persons",Always or often feels lonely,Percent,13.2
1352,2022-01,Ontario,"Total, all persons",Always or often feels lonely,Percent,16.9
1353,2022-01,Ontario,"Total, all persons",Always or often feels lonely,Number,1858.0
1354,2022-01,Ontario,"Total, all persons",Always or often feels lonely,Number,1633.0
1355,2022-01,Ontario,"Total, all persons",Always or often feels lonely,Number,2083.0
1356,2022-01,Ontario,"Total, all persons",Sometimes feels lonely,Percent,33.8
1357,2022-01,Ontario,"Total, all persons",Sometimes feels lonely,Percent,31.6
1358,2022-01,Ontario,"Total, all persons",Sometimes feels lonely,Percent,36.1
1359,2022-01,Ontario,"Total, all persons",Sometimes feels lonely,Number,4205.0
1360,2022-01,Ontario,"Total, all persons",Sometimes feels lonely,Number,3925.0
1361,2022-01,Ontario,"Total, all persons",Sometimes feels lonely,Number,4486.0
1362,2022-01,Ontario,"Total, all persons",Rarely or never feels lonely,Percent,51.2
1363,2022-01,Ontario,"Total, all persons",Rarely or never feels lonely,Percent,48.9
1364,2022-01,Ontario,"Total, all persons",Rarely or never feels lonely,Percent,53.5
1365,2022-01,Ontario,"Total, all persons",Rarely or never feels lonely,Number,6365.0
1366,2022-01,Ontario,"Total, all persons",Rarely or never feels lonely,Number,6080.0
1367,2022-01,Ontario,"Total, all persons",Rarely or never feels lonely,Number,6650.0
1368,2022-01,Ontario,Men,Always or often feels lonely,Percent,12.6
1369,2022-01,Ontario,Men,Always or often feels lonely,Percent,10.3
1370,2022-01,Ontario,Men,Always or often feels lonely,Percent,15.4
1371,2022-01,Ontario,Men,Always or often feels lonely,Number,776.0
1372,2022-01,Ontario,Men,Always or often feels lonely,Number,618.0
1373,2022-01,Ontario,Men,Always or often feels lonely,Number,933.0
1374,2022-01,Ontario,Men,Sometimes feels lonely,Percent,30.6
1375,2022-01,Ontario,Men,Sometimes feels lonely,Percent,27.5
1376,2022-01,Ontario,Men,Sometimes feels lonely,Percent,33.9
1377,2022-01,Ontario,Men,Sometimes feels lonely,Number,1876.0
1378,2022-01,Ontario,Men,Sometimes feels lonely,Number,1679.0
1379,2022-01,Ontario,Men,Sometimes feels lonely,Number,2073.0
1380,2022-01,Ontario,Men,Rarely or never feels lonely,Percent,56.8
1381,2022-01,Ontario,Men,Rarely or never feels lonely,Percent,53.3
1382,2022-01,Ontario,Men,Rarely or never feels lonely,Percent,60.3
1383,2022-01,Ontario,Men,Rarely or never feels lonely,Number,3484.0
1384,2022-01,Ontario,Men,Rarely or never feels lonely,Number,3271.0
1385,2022-01,Ontario,Men,Rarely or never feels lonely,Number,3697.0
1386,2022-01,Ontario,Women,Always or often feels lonely,Percent,17.2
1387,2022-01,Ontario,Women,Always or often feels lonely,Percent,14.8
1388,2022-01,Ontario,Women,Always or often feels lonely,Percent,20.0
1389,2022-01,Ontario,Women,Always or often feels lonely,Number,1083.0
1390,2022-01,Ontario,Women,Always or often feels lonely,Number,919.0
1391,2022-01,Ontario,Women,Always or often feels lonely,Number,1246.0
1392,2022-01,Ontario,Women,Sometimes feels lonely,Percent,37.0
1393,2022-01,Ontario,Women,Sometimes feels lonely,Percent,33.9
1394,2022-01,Ontario,Women,Sometimes feels lonely,Percent,40.2
1395,2022-01,Ontario,Women,Sometimes feels lonely,Number,2329.0
1396,2022-01,Ontario,Women,Sometimes feels lonely,Number,2129.0
1397,2022-01,Ontario,Women,Sometimes feels lonely,Number,2530.0
1398,2022-01,Ontario,Women,Rarely or never feels lonely,Percent,45.8
1399,2022-01,Ontario,Women,Rarely or never feels lonely,Percent,42.7
1400,2022-01,Ontario,Women,Rarely or never feels lonely,Percent,48.9
1401,2022-01,Ontario,Women,Rarely or never feels lonely,Number,2881.0
1402,2022-01,Ontario,Women,Rarely or never feels lonely,Number,2685.0
1403,2022-01,Ontario,Women,Rarely or never feels lonely,Number,3077.0
1404,2022-01,Manitoba,"Total, all persons",Always or often feels lonely,Percent,14.9
1405,2022-01,Manitoba,"Total, all persons",Always or often feels lonely,Percent,11.4
1406,2022-01,Manitoba,"Total, all persons",Always or often feels lonely,Percent,19.3
1407,2022-01,Manitoba,"Total, all persons",Always or often feels lonely,Number,158.0
1408,2022-01,Manitoba,"Total, all persons",Always or often feels lonely,Number,116.0
1409,2022-01,Manitoba,"Total, all persons",Always or often feels lonely,Number,200.0
1410,2022-01,Manitoba,"Total, all persons",Sometimes feels lonely,Percent,32.9
1411,2022-01,Manitoba,"Total, all persons",Sometimes feels lonely,Percent,28.0
1412,2022-01,Manitoba,"Total, all persons",Sometimes feels lonely,Percent,38.1
1413,2022-01,Manitoba,"Total, all persons",Sometimes feels lonely,Number,348.0
1414,2022-01,Manitoba,"Total, all persons",Sometimes feels lonely,Number,294.0
1415,2022-01,Manitoba,"Total, all persons",Sometimes feels lonely,Number,401.0
1416,2022-01,Manitoba,"Total, all persons",Rarely or never feels lonely,Percent,52.2
1417,2022-01,Manitoba,"Total, all persons",Rarely or never feels lonely,Percent,46.9
1418,2022-01,Manitoba,"Total, all persons",Rarely or never feels lonely,Percent,57.5
1419,2022-01,Manitoba,"Total, all persons",Rarely or never feels lonely,Number,553.0
1420,2022-01,Manitoba,"Total, all persons",Rarely or never feels lonely,Number,496.0
1421,2022-01,Manitoba,"Total, all persons",Rarely or never feels lonely,Number,609.0
1422,2022-01,Manitoba,Men,Always or often feels lonely,Percent,14.3
1423,2022-01,Manitoba,Men,Always or often feels lonely,Percent,9.2
1424,2022-01,Manitoba,Men,Always or often feels lonely,Percent,21.5
1425,2022-01,Manitoba,Men,Always or often feels lonely,Number,
1426,2022-01,Manitoba,Men,Always or often feels lonely,Number,
1427,2022-01,Manitoba,Men,Always or often feels lonely,Number,
1428,2022-01,Manitoba,Men,Sometimes feels lonely,Percent,29.4
1429,2022-01,Manitoba,Men,Sometimes feels lonely,Percent,22.2
1430,2022-01,Manitoba,Men,Sometimes feels lonely,Percent,37.8
1431,2022-01,Manitoba,Men,Sometimes feels lonely,Number,155.0
1432,2022-01,Manitoba,Men,Sometimes feels lonely,Number,114.0
1433,2022-01,Manitoba,Men,Sometimes feels lonely,Number,196.0
1434,2022-01,Manitoba,Men,Rarely or never feels lonely,Percent,56.3
1435,2022-01,Manitoba,Men,Rarely or never feels lonely,Percent,48.0
1436,2022-01,Manitoba,Men,Rarely or never feels lonely,Percent,64.4
1437,2022-01,Manitoba,Men,Rarely or never feels lonely,Number,297.0
1438,2022-01,Manitoba,Men,Rarely or never feels lonely,Number,253.0
1439,2022-01,Manitoba,Men,Rarely or never feels lonely,Number,341.0
1440,2022-01,Manitoba,Women,Always or often feels lonely,Percent,15.5
1441,2022-01,Manitoba,Women,Always or often feels lonely,Percent,11.1
1442,2022-01,Manitoba,Women,Always or often feels lonely,Percent,21.2
1443,2022-01,Manitoba,Women,Always or often feels lonely,Number,
1444,2022-01,Manitoba,Women,Always or often feels lonely,Number,
1445,2022-01,Manitoba,Women,Always or often feels lonely,Number,
1446,2022-01,Manitoba,Women,Sometimes feels lonely,Percent,36.3
1447,2022-01,Manitoba,Women,Sometimes feels lonely,Percent,30.1
1448,2022-01,Manitoba,Women,Sometimes feels lonely,Percent,43.0
1449,2022-01,Manitoba,Women,Sometimes feels lonely,Number,193.0
1450,2022-01,Manitoba,Women,Sometimes feels lonely,Number,158.0
1451,2022-01,Manitoba,Women,Sometimes feels lonely,Number,228.0
1452,2022-01,Manitoba,Women,Rarely or never feels lonely,Percent,48.1
1453,2022-01,Manitoba,Women,Rarely or never feels lonely,Percent,41.4
1454,2022-01,Manitoba,Women,Rarely or never feels lonely,Percent,54.9
1455,2022-01,Manitoba,Women,Rarely or never feels lonely,Number,256.0
1456,2022-01,Manitoba,Women,Rarely or never feels lonely,Number,219.0
1457,2022-01,Manitoba,Women,Rarely or never feels lonely,Number,292.0
1458,2022-01,Saskatchewan,"Total, all persons",Always or often feels lonely,Percent,12.0
1459,2022-01,Saskatchewan,"Total, all persons",Always or often feels lonely,Percent,8.7
1460,2022-01,Saskatchewan,"Total, all persons",Always or often feels lonely,Percent,16.3
1461,2022-01,Saskatchewan,"Total, all persons",Always or often feels lonely,Number,106.0
1462,2022-01,Saskatchewan,"Total, all persons",Always or often feels lonely,Number,73.0
1463,2022-01,Saskatchewan,"Total, all persons",Always or often feels lonely,Number,140.0
1464,2022-01,Saskatchewan,"Total, all persons",Sometimes feels lonely,Percent,32.2
1465,2022-01,Saskatchewan,"Total, all persons",Sometimes feels lonely,Percent,27.6
1466,2022-01,Saskatchewan,"Total, all persons",Sometimes feels lonely,Percent,37.1
1467,2022-01,Saskatchewan,"Total, all persons",Sometimes feels lonely,Number,286.0
1468,2022-01,Saskatchewan,"Total, all persons",Sometimes feels lonely,Number,243.0
1469,2022-01,Saskatchewan,"Total, all persons",Sometimes feels lonely,Number,328.0
1470,2022-01,Saskatchewan,"Total, all persons",Rarely or never feels lonely,Percent,55.8
1471,2022-01,Saskatchewan,"Total, all persons",Rarely or never feels lonely,Percent,50.8
1472,2022-01,Saskatchewan,"Total, all persons",Rarely or never feels lonely,Percent,60.8
1473,2022-01,Saskatchewan,"Total, all persons",Rarely or never feels lonely,Number,496.0
1474,2022-01,Saskatchewan,"Total, all persons",Rarely or never feels lonely,Number,451.0
1475,2022-01,Saskatchewan,"Total, all persons",Rarely or never feels lonely,Number,541.0
1476,2022-01,Saskatchewan,Men,Always or often feels lonely,Percent,10.7
1477,2022-01,Saskatchewan,Men,Always or often feels lonely,Percent,6.7
1478,2022-01,Saskatchewan,Men,Always or often feels lonely,Percent,16.5
1479,2022-01,Saskatchewan,Men,Always or often feels lonely,Number,
1480,2022-01,Saskatchewan,Men,Always or often feels lonely,Number,
1481,2022-01,Saskatchewan,Men,Always or often feels lonely,Number,
1482,2022-01,Saskatchewan,Men,Sometimes feels lonely,Percent,28.2
1483,2022-01,Saskatchewan,Men,Sometimes feels lonely,Percent,22.2
1484,2022-01,Saskatchewan,Men,Sometimes feels lonely,Percent,35.0
1485,2022-01,Saskatchewan,Men,Sometimes feels lonely,Number,121.0
1486,2022-01,Saskatchewan,Men,Sometimes feels lonely,Number,92.0
1487,2022-01,Saskatchewan,Men,Sometimes feels lonely,Number,150.0
1488,2022-01,Saskatchewan,Men,Rarely or never feels lonely,Percent,61.2
1489,2022-01,Saskatchewan,Men,Rarely or never feels lonely,Percent,53.8
1490,2022-01,Saskatchewan,Men,Rarely or never feels lonely,Percent,68.0
1491,2022-01,Saskatchewan,Men,Rarely or never feels lonely,Number,263.0
1492,2022-01,Saskatchewan,Men,Rarely or never feels lonely,Number,231.0
1493,2022-01,Saskatchewan,Men,Rarely or never feels lonely,Number,296.0
1494,2022-01,Saskatchewan,Women,Always or often feels lonely,Percent,13.2
1495,2022-01,Saskatchewan,Women,Always or often feels lonely,Percent,8.6
1496,2022-01,Saskatchewan,Women,Always or often feels lonely,Percent,19.8
1497,2022-01,Saskatchewan,Women,Always or often feels lonely,Number,
1498,2022-01,Saskatchewan,Women,Always or often feels lonely,Number,
1499,2022-01,Saskatchewan,Women,Always or often feels lonely,Number,
1500,2022-01,Saskatchewan,Women,Sometimes feels lonely,Percent,35.9
1501,2022-01,Saskatchewan,Women,Sometimes feels lonely,Percent,29.4
1502,2022-01,Saskatchewan,Women,Sometimes feels lonely,Percent,43.0
1503,2022-01,Saskatchewan,Women,Sometimes feels lonely,Number,164.0
1504,2022-01,Saskatchewan,Women,Sometimes feels lonely,Number,134.0
1505,2022-01,Saskatchewan,Women,Sometimes feels lonely,Number,195.0
1506,2022-01,Saskatchewan,Women,Rarely or never feels lonely,Percent,50.8
1507,2022-01,Saskatchewan,Women,Rarely or never feels lonely,Percent,43.9
1508,2022-01,Saskatchewan,Women,Rarely or never feels lonely,Percent,57.8
1509,2022-01,Saskatchewan,Women,Rarely or never feels lonely,Number,233.0
1510,2022-01,Saskatchewan,Women,Rarely or never feels lonely,Number,203.0
1511,2022-01,Saskatchewan,Women,Rarely or never feels lonely,Number,263.0
1512,2022-01,Alberta,"Total, all persons",Always or often feels lonely,Percent,12.7
1513,2022-01,Alberta,"Total, all persons",Always or often feels lonely,Percent,10.2
1514,2022-01,Alberta,"Total, all persons",Always or often feels lonely,Percent,15.7
1515,2022-01,Alberta,"Total, all persons",Always or often feels lonely,Number,455.0
1516,2022-01,Alberta,"Total, all persons",Always or often feels lonely,Number,355.0
1517,2022-01,Alberta,"Total, all persons",Always or often feels lonely,Number,554.0
1518,2022-01,Alberta,"Total, all persons",Sometimes feels lonely,Percent,35.7
1519,2022-01,Alberta,"Total, all persons",Sometimes feels lonely,Percent,31.9
1520,2022-01,Alberta,"Total, all persons",Sometimes feels lonely,Percent,39.7
1521,2022-01,Alberta,"Total, all persons",Sometimes feels lonely,Number,1278.0
1522,2022-01,Alberta,"Total, all persons",Sometimes feels lonely,Number,1138.0
1523,2022-01,Alberta,"Total, all persons",Sometimes feels lonely,Number,1417.0
1524,2022-01,Alberta,"Total, all persons",Rarely or never feels lonely,Percent,51.6
1525,2022-01,Alberta,"Total, all persons",Rarely or never feels lonely,Percent,47.7
1526,2022-01,Alberta,"Total, all persons",Rarely or never feels lonely,Percent,55.5
1527,2022-01,Alberta,"Total, all persons",Rarely or never feels lonely,Number,1850.0
1528,2022-01,Alberta,"Total, all persons",Rarely or never feels lonely,Number,1709.0
1529,2022-01,Alberta,"Total, all persons",Rarely or never feels lonely,Number,1990.0
1530,2022-01,Alberta,Men,Always or often feels lonely,Percent,12.9
1531,2022-01,Alberta,Men,Always or often feels lonely,Percent,9.3
1532,2022-01,Alberta,Men,Always or often feels lonely,Percent,17.5
1533,2022-01,Alberta,Men,Always or often feels lonely,Number,
1534,2022-01,Alberta,Men,Always or often feels lonely,Number,
1535,2022-01,Alberta,Men,Always or often feels lonely,Number,
1536,2022-01,Alberta,Men,Sometimes feels lonely,Percent,31.6
1537,2022-01,Alberta,Men,Sometimes feels lonely,Percent,26.3
1538,2022-01,Alberta,Men,Sometimes feels lonely,Percent,37.4
1539,2022-01,Alberta,Men,Sometimes feels lonely,Number,565.0
1540,2022-01,Alberta,Men,Sometimes feels lonely,Number,466.0
1541,2022-01,Alberta,Men,Sometimes feels lonely,Number,665.0
1542,2022-01,Alberta,Men,Rarely or never feels lonely,Percent,55.5
1543,2022-01,Alberta,Men,Rarely or never feels lonely,Percent,49.7
1544,2022-01,Alberta,Men,Rarely or never feels lonely,Percent,61.2
1545,2022-01,Alberta,Men,Rarely or never feels lonely,Number,994.0
1546,2022-01,Alberta,Men,Rarely or never feels lonely,Number,890.0
1547,2022-01,Alberta,Men,Rarely or never feels lonely,Number,1098.0
1548,2022-01,Alberta,Women,Always or often feels lonely,Percent,12.5
1549,2022-01,Alberta,Women,Always or often feels lonely,Percent,9.1
1550,2022-01,Alberta,Women,Always or often feels lonely,Percent,16.9
1551,2022-01,Alberta,Women,Always or often feels lonely,Number,224.0
1552,2022-01,Alberta,Women,Always or often feels lonely,Number,155.0
1553,2022-01,Alberta,Women,Always or often feels lonely,Number,293.0
1554,2022-01,Alberta,Women,Sometimes feels lonely,Percent,39.7
1555,2022-01,Alberta,Women,Sometimes feels lonely,Percent,34.4
1556,2022-01,Alberta,Women,Sometimes feels lonely,Percent,45.3
1557,2022-01,Alberta,Women,Sometimes feels lonely,Number,712.0
1558,2022-01,Alberta,Women,Sometimes feels lonely,Number,614.0
1559,2022-01,Alberta,Women,Sometimes feels lonely,Number,810.0
1560,2022-01,Alberta,Women,Rarely or never feels lonely,Percent,47.8
1561,2022-01,Alberta,Women,Rarely or never feels lonely,Percent,42.3
1562,2022-01,Alberta,Women,Rarely or never feels lonely,Percent,53.3
1563,2022-01,Alberta,Women,Rarely or never feels lonely,Number,856.0
1564,2022-01,Alberta,Women,Rarely or never feels lonely,Number,757.0
1565,2022-01,Alberta,Women,Rarely or never feels lonely,Number,955.0
1566,2022-01,British Columbia,"Total, all persons",Always or often feels lonely,Percent,14.8
1567,2022-01,British Columbia,"Total, all persons",Always or often feels lonely,Percent,12.3
1568,2022-01,British Columbia,"Total, all persons",Always or often feels lonely,Percent,17.5
1569,2022-01,British Columbia,"Total, all persons",Always or often feels lonely,Number,649.0
1570,2022-01,British Columbia,"Total, all persons",Always or often feels lonely,Number,535.0
1571,2022-01,British Columbia,"Total, all persons",Always or often feels lonely,Number,763.0
1572,2022-01,British Columbia,"Total, all persons",Sometimes feels lonely,Percent,34.2
1573,2022-01,British Columbia,"Total, all persons",Sometimes feels lonely,Percent,30.7
1574,2022-01,British Columbia,"Total, all persons",Sometimes feels lonely,Percent,37.8
1575,2022-01,British Columbia,"Total, all persons",Sometimes feels lonely,Number,1503.0
1576,2022-01,British Columbia,"Total, all persons",Sometimes feels lonely,Number,1345.0
1577,2022-01,British Columbia,"Total, all persons",Sometimes feels lonely,Number,1661.0
1578,2022-01,British Columbia,"Total, all persons",Rarely or never feels lonely,Percent,51.1
1579,2022-01,British Columbia,"Total, all persons",Rarely or never feels lonely,Percent,47.6
1580,2022-01,British Columbia,"Total, all persons",Rarely or never feels lonely,Percent,54.6
1581,2022-01,British Columbia,"Total, all persons",Rarely or never feels lonely,Number,2248.0
1582,2022-01,British Columbia,"Total, all persons",Rarely or never feels lonely,Number,2094.0
1583,2022-01,British Columbia,"Total, all persons",Rarely or never feels lonely,Number,2401.0
1584,2022-01,British Columbia,Men,Always or often feels lonely,Percent,13.4
1585,2022-01,British Columbia,Men,Always or often feels lonely,Percent,9.7
1586,2022-01,British Columbia,Men,Always or often feels lonely,Percent,18.4
1587,2022-01,British Columbia,Men,Always or often feels lonely,Number,
1588,2022-01,British Columbia,Men,Always or often feels lonely,Number,
1589,2022-01,British Columbia,Men,Always or often feels lonely,Number,
1590,2022-01,British Columbia,Men,Sometimes feels lonely,Percent,28.7
1591,2022-01,British Columbia,Men,Sometimes feels lonely,Percent,23.8
1592,2022-01,British Columbia,Men,Sometimes feels lonely,Percent,34.1
1593,2022-01,British Columbia,Men,Sometimes feels lonely,Number,618.0
1594,2022-01,British Columbia,Men,Sometimes feels lonely,Number,505.0
1595,2022-01,British Columbia,Men,Sometimes feels lonely,Number,731.0
1596,2022-01,British Columbia,Men,Rarely or never feels lonely,Percent,57.9
1597,2022-01,British Columbia,Men,Rarely or never feels lonely,Percent,52.7
1598,2022-01,British Columbia,Men,Rarely or never feels lonely,Percent,62.9
1599,2022-01,British Columbia,Men,Rarely or never feels lonely,Number,1249.0
1600,2022-01,British Columbia,Men,Rarely or never feels lonely,Number,1138.0
1601,2022-01,British Columbia,Men,Rarely or never feels lonely,Number,1359.0
1602,2022-01,British Columbia,Women,Always or often feels lonely,Percent,16.0
1603,2022-01,British Columbia,Women,Always or often feels lonely,Percent,13.2
1604,2022-01,British Columbia,Women,Always or often feels lonely,Percent,19.4
1605,2022-01,British Columbia,Women,Always or often feels lonely,Number,360.0
1606,2022-01,British Columbia,Women,Always or often feels lonely,Number,290.0
1607,2022-01,British Columbia,Women,Always or often feels lonely,Number,429.0
1608,2022-01,British Columbia,Women,Sometimes feels lonely,Percent,39.4
1609,2022-01,British Columbia,Women,Sometimes feels lonely,Percent,34.9
1610,2022-01,British Columbia,Women,Sometimes feels lonely,Percent,44.2
1611,2022-01,British Columbia,Women,Sometimes feels lonely,Number,885.0
1612,2022-01,British Columbia,Women,Sometimes feels lonely,Number,778.0
1613,2022-01,British Columbia,Women,Sometimes feels lonely,Number,991.0
1614,2022-01,British Columbia,Women,Rarely or never feels lonely,Percent,44.5
1615,2022-01,British Columbia,Women,Rarely or never feels lonely,Percent,39.9
1616,2022-01,British Columbia,Women,Rarely or never feels lonely,Percent,49.2
1617,2022-01,British Columbia,Women,Rarely or never feels lonely,Number,999.0
1618,2022-01,British Columbia,Women,Rarely or never feels lonely,Number,894.0
1619,2022-01,British Columbia,Women,Rarely or never feels lonely,Number,1103.0
1620,2022-04,Newfoundland and Labrador,"Total, all persons",Always or often feels lonely,Percent,11.9
1621,2022-04,Newfoundland and Labrador,"Total, all persons",Always or often feels lonely,Percent,8.5
1622,2022-04,Newfoundland and Labrador,"Total, all persons",Always or often feels lonely,Percent,16.3
1623,2022-04,Newfoundland and Labrador,"Total, all persons",Always or often feels lonely,Number,53.0
1624,2022-04,Newfoundland and Labrador,"Total, all persons",Always or often feels lonely,Number,36.0
1625,2022-04,Newfoundland and Labrador,"Total, all persons",Always or often feels lonely,Number,70.0
1626,2022-04,Newfoundland and Labrador,"Total, all persons",Sometimes feels lonely,Percent,35.2
1627,2022-04,Newfoundland and Labrador,"Total, all persons",Sometimes feels lonely,Percent,30.3
1628,2022-04,Newfoundland and Labrador,"Total, all persons",Sometimes feels lonely,Percent,40.5
1629,2022-04,Newfoundland and Labrador,"Total, all persons",Sometimes feels lonely,Number,157.0
1630,2022-04,Newfoundland and Labrador,"Total, all persons",Sometimes feels lonely,Number,134.0
1631,2022-04,Newfoundland and Labrador,"Total, all persons",Sometimes feels lonely,Number,180.0
1632,2022-04,Newfoundland and Labrador,"Total, all persons",Rarely or never feels lonely,Percent,52.9
1633,2022-04,Newfoundland and Labrador,"Total, all persons",Rarely or never feels lonely,Percent,47.5
1634,2022-04,Newfoundland and Labrador,"Total, all persons",Rarely or never feels lonely,Percent,58.2
1635,2022-04,Newfoundland and Labrador,"Total, all persons",Rarely or never feels lonely,Number,236.0
1636,2022-04,Newfoundland and Labrador,"Total, all persons",Rarely or never feels lonely,Number,212.0
1637,2022-04,Newfoundland and Labrador,"Total, all persons",Rarely or never feels lonely,Number,260.0
1638,2022-04,Newfoundland and Labrador,Men,Always or often feels lonely,Percent,10.9
1639,2022-04,Newfoundland and Labrador,Men,Always or often feels lonely,Percent,6.2
1640,2022-04,Newfoundland and Labrador,Men,Always or often feels lonely,Percent,18.6
1641,2022-04,Newfoundland and Labrador,Men,Always or often feels lonely,Number,
1642,2022-04,Newfoundland and Labrador,Men,Always or often feels lonely,Number,
1643,2022-04,Newfoundland and Labrador,Men,Always or often feels lonely,Number,
1644,2022-04,Newfoundland and Labrador,Men,Sometimes feels lonely,Percent,29.9
1645,2022-04,Newfoundland and Labrador,Men,Sometimes feels lonely,Percent,23.3
1646,2022-04,Newfoundland and Labrador,Men,Sometimes feels lonely,Percent,37.5
1647,2022-04,Newfoundland and Labrador,Men,Sometimes feels lonely,Number,66.0
1648,2022-04,Newfoundland and Labrador,Men,Sometimes feels lonely,Number,50.0
1649,2022-04,Newfoundland and Labrador,Men,Sometimes feels lonely,Number,81.0
1650,2022-04,Newfoundland and Labrador,Men,Rarely or never feels lonely,Percent,59.2
1651,2022-04,Newfoundland and Labrador,Men,Rarely or never feels lonely,Percent,50.5
1652,2022-04,Newfoundland and Labrador,Men,Rarely or never feels lonely,Percent,67.3
1653,2022-04,Newfoundland and Labrador,Men,Rarely or never feels lonely,Number,130.0
1654,2022-04,Newfoundland and Labrador,Men,Rarely or never feels lonely,Number,111.0
1655,2022-04,Newfoundland and Labrador,Men,Rarely or never feels lonely,Number,148.0
1656,2022-04,Newfoundland and Labrador,Women,Always or often feels lonely,Percent,12.8
1657,2022-04,Newfoundland and Labrador,Women,Always or often feels lonely,Percent,8.8
1658,2022-04,Newfoundland and Labrador,Women,Always or often feels lonely,Percent,18.2
1659,2022-04,Newfoundland and Labrador,Women,Always or often feels lonely,Number,
1660,2022-04,Newfoundland and Labrador,Women,Always or often feels lonely,Number,
1661,2022-04,Newfoundland and Labrador,Women,Always or often feels lonely,Number,
1662,2022-04,Newfoundland and Labrador,Women,Sometimes feels lonely,Percent,40.4
1663,2022-04,Newfoundland and Labrador,Women,Sometimes feels lonely,Percent,33.6
1664,2022-04,Newfoundland and Labrador,Women,Sometimes feels lonely,Percent,47.6
1665,2022-04,Newfoundland and Labrador,Women,Sometimes feels lonely,Number,92.0
1666,2022-04,Newfoundland and Labrador,Women,Sometimes feels lonely,Number,76.0
1667,2022-04,Newfoundland and Labrador,Women,Sometimes feels lonely,Number,107.0
1668,2022-04,Newfoundland and Labrador,Women,Rarely or never feels lonely,Percent,46.8
1669,2022-04,Newfoundland and Labrador,Women,Rarely or never feels lonely,Percent,40.7
1670,2022-04,Newfoundland and Labrador,Women,Rarely or never feels lonely,Percent,53.1
1671,2022-04,Newfoundland and Labrador,Women,Rarely or never feels lonely,Number,106.0
1672,2022-04,Newfoundland and Labrador,Women,Rarely or never feels lonely,Number,92.0
1673,2022-04,Newfoundland and Labrador,Women,Rarely or never feels lonely,Number,120.0
1674,2022-04,Prince Edward Island,"Total, all persons",Always or often feels lonely,Percent,12.4
1675,2022-04,Prince Edward Island,"Total, all persons",Always or often feels lonely,Percent,9.1
1676,2022-04,Prince Edward Island,"Total, all persons",Always or often feels lonely,Percent,16.5
1677,2022-04,Prince Edward Island,"Total, all persons",Always or often feels lonely,Number,17.0
1678,2022-04,Prince Edward Island,"Total, all persons",Always or often feels lonely,Number,12.0
1679,2022-04,Prince Edward Island,"Total, all persons",Always or often feels lonely,Number,22.0
1680,2022-04,Prince Edward Island,"Total, all persons",Sometimes feels lonely,Percent,34.3
1681,2022-04,Prince Edward Island,"Total, all persons",Sometimes feels lonely,Percent,28.7
1682,2022-04,Prince Edward Island,"Total, all persons",Sometimes feels lonely,Percent,40.4
1683,2022-04,Prince Edward Island,"Total, all persons",Sometimes feels lonely,Number,47.0
1684,2022-04,Prince Edward Island,"Total, all persons",Sometimes feels lonely,Number,39.0
1685,2022-04,Prince Edward Island,"Total, all persons",Sometimes feels lonely,Number,55.0
1686,2022-04,Prince Edward Island,"Total, all persons",Rarely or never feels lonely,Percent,53.3
1687,2022-04,Prince Edward Island,"Total, all persons",Rarely or never feels lonely,Percent,47.3
1688,2022-04,Prince Edward Island,"Total, all persons",Rarely or never feels lonely,Percent,59.2
1689,2022-04,Prince Edward Island,"Total, all persons",Rarely or never feels lonely,Number,74.0
1690,2022-04,Prince Edward Island,"Total, all persons",Rarely or never feels lonely,Number,65.0
1691,2022-04,Prince Edward Island,"Total, all persons",Rarely or never feels lonely,Number,82.0
1692,2022-04,Prince Edward Island,Men,Always or often feels lonely,Percent,9.3
1693,2022-04,Prince Edward Island,Men,Always or often feels lonely,Percent,5.4
1694,2022-04,Prince Edward Island,Men,Always or often feels lonely,Percent,15.6
1695,2022-04,Prince Edward Island,Men,Always or often feels lonely,Number,
1696,2022-04,Prince Edward Island,Men,Always or often feels lonely,Number,
1697,2022-04,Prince Edward Island,Men,Always or often feels lonely,Number,
1698,2022-04,Prince Edward Island,Men,Sometimes feels lonely,Percent,30.9
1699,2022-04,Prince Edward Island,Men,Sometimes feels lonely,Percent,22.8
1700,2022-04,Prince Edward Island,Men,Sometimes feels lonely,Percent,40.4
1701,2022-04,Prince Edward Island,Men,Sometimes feels lonely,Number,21.0
1702,2022-04,Prince Edward Island,Men,Sometimes feels lonely,Number,15.0
1703,2022-04,Prince Edward Island,Men,Sometimes feels lonely,Number,27.0
1704,2022-04,Prince Edward Island,Men,Rarely or never feels lonely,Percent,59.8
1705,2022-04,Prince Edward Island,Men,Rarely or never feels lonely,Percent,50.2
1706,2022-04,Prince Edward Island,Men,Rarely or never feels lonely,Percent,68.7
1707,2022-04,Prince Edward Island,Men,Rarely or never feels lonely,Number,40.0
1708,2022-04,Prince Edward Island,Men,Rarely or never feels lonely,Number,34.0
1709,2022-04,Prince Edward Island,Men,Rarely or never feels lonely,Number,47.0
1710,2022-04,Prince Edward Island,Women,Always or often feels lonely,Percent,15.2
1711,2022-04,Prince Edward Island,Women,Always or often feels lonely,Percent,10.8
1712,2022-04,Prince Edward Island,Women,Always or often feels lonely,Percent,21.0
1713,2022-04,Prince Edward Island,Women,Always or often feels lonely,Number,
1714,2022-04,Prince Edward Island,Women,Always or often feels lonely,Number,
1715,2022-04,Prince Edward Island,Women,Always or often feels lonely,Number,
1716,2022-04,Prince Edward Island,Women,Sometimes feels lonely,Percent,37.6
1717,2022-04,Prince Edward Island,Women,Sometimes feels lonely,Percent,30.5
1718,2022-04,Prince Edward Island,Women,Sometimes feels lonely,Percent,45.3
1719,2022-04,Prince Edward Island,Women,Sometimes feels lonely,Number,27.0
1720,2022-04,Prince Edward Island,Women,Sometimes feels lonely,Number,21.0
1721,2022-04,Prince Edward Island,Women,Sometimes feels lonely,Number,32.0
1722,2022-04,Prince Edward Island,Women,Rarely or never feels lonely,Percent,47.1
1723,2022-04,Prince Edward Island,Women,Rarely or never feels lonely,Percent,40.0
1724,2022-04,Prince Edward Island,Women,Rarely or never feels lonely,Percent,54.4
1725,2022-04,Prince Edward Island,Women,Rarely or never feels lonely,Number,33.0
1726,2022-04,Prince Edward Island,Women,Rarely or never feels lonely,Number,28.0
1727,2022-04,Prince Edward Island,Women,Rarely or never feels lonely,Number,38.0
1728,2022-04,Nova Scotia,"Total, all persons",Always or often feels lonely,Percent,10.1
1729,2022-04,Nova Scotia,"Total, all persons",Always or often feels lonely,Percent,7.6
1730,2022-04,Nova Scotia,"Total, all persons",Always or often feels lonely,Percent,13.5
1731,2022-04,Nova Scotia,"Total, all persons",Always or often feels lonely,Number,86.0
1732,2022-04,Nova Scotia,"Total, all persons",Always or often feels lonely,Number,61.0
1733,2022-04,Nova Scotia,"Total, all persons",Always or often feels lonely,Number,110.0
1734,2022-04,Nova Scotia,"Total, all persons",Sometimes feels lonely,Percent,39.1
1735,2022-04,Nova Scotia,"Total, all persons",Sometimes feels lonely,Percent,33.9
1736,2022-04,Nova Scotia,"Total, all persons",Sometimes feels lonely,Percent,44.5
1737,2022-04,Nova Scotia,"Total, all persons",Sometimes feels lonely,Number,329.0
1738,2022-04,Nova Scotia,"Total, all persons",Sometimes feels lonely,Number,284.0
1739,2022-04,Nova Scotia,"Total, all persons",Sometimes feels lonely,Number,374.0
1740,2022-04,Nova Scotia,"Total, all persons",Rarely or never feels lonely,Percent,50.8
1741,2022-04,Nova Scotia,"Total, all persons",Rarely or never feels lonely,Percent,45.6
1742,2022-04,Nova Scotia,"Total, all persons",Rarely or never feels lonely,Percent,56.0
1743,2022-04,Nova Scotia,"Total, all persons",Rarely or never feels lonely,Number,428.0
1744,2022-04,Nova Scotia,"Total, all persons",Rarely or never feels lonely,Number,384.0
1745,2022-04,Nova Scotia,"Total, all persons",Rarely or never feels lonely,Number,472.0
1746,2022-04,Nova Scotia,Men,Always or often feels lonely,Percent,8.9
1747,2022-04,Nova Scotia,Men,Always or often feels lonely,Percent,5.8
1748,2022-04,Nova Scotia,Men,Always or often feels lonely,Percent,13.5
1749,2022-04,Nova Scotia,Men,Always or often feels lonely,Number,
1750,2022-04,Nova Scotia,Men,Always or often feels lonely,Number,
1751,2022-04,Nova Scotia,Men,Always or often feels lonely,Number,
1752,2022-04,Nova Scotia,Men,Sometimes feels lonely,Percent,35.3
1753,2022-04,Nova Scotia,Men,Sometimes feels lonely,Percent,28.0
1754,2022-04,Nova Scotia,Men,Sometimes feels lonely,Percent,43.3
1755,2022-04,Nova Scotia,Men,Sometimes feels lonely,Number,145.0
1756,2022-04,Nova Scotia,Men,Sometimes feels lonely,Number,113.0
1757,2022-04,Nova Scotia,Men,Sometimes feels lonely,Number,176.0
1758,2022-04,Nova Scotia,Men,Rarely or never feels lonely,Percent,55.8
1759,2022-04,Nova Scotia,Men,Rarely or never feels lonely,Percent,47.9
1760,2022-04,Nova Scotia,Men,Rarely or never feels lonely,Percent,63.5
1761,2022-04,Nova Scotia,Men,Rarely or never feels lonely,Number,229.0
1762,2022-04,Nova Scotia,Men,Rarely or never feels lonely,Number,197.0
1763,2022-04,Nova Scotia,Men,Rarely or never feels lonely,Number,261.0
1764,2022-04,Nova Scotia,Women,Always or often feels lonely,Percent,11.3
1765,2022-04,Nova Scotia,Women,Always or often feels lonely,Percent,7.6
1766,2022-04,Nova Scotia,Women,Always or often feels lonely,Percent,16.6
1767,2022-04,Nova Scotia,Women,Always or often feels lonely,Number,
1768,2022-04,Nova Scotia,Women,Always or often feels lonely,Number,
1769,2022-04,Nova Scotia,Women,Always or often feels lonely,Number,
1770,2022-04,Nova Scotia,Women,Sometimes feels lonely,Percent,42.7
1771,2022-04,Nova Scotia,Women,Sometimes feels lonely,Percent,35.4
1772,2022-04,Nova Scotia,Women,Sometimes feels lonely,Percent,50.2
1773,2022-04,Nova Scotia,Women,Sometimes feels lonely,Number,185.0
1774,2022-04,Nova Scotia,Women,Sometimes feels lonely,Number,152.0
1775,2022-04,Nova Scotia,Women,Sometimes feels lonely,Number,217.0
1776,2022-04,Nova Scotia,Women,Rarely or never feels lonely,Percent,46.0
1777,2022-04,Nova Scotia,Women,Rarely or never feels lonely,Percent,38.9
1778,2022-04,Nova Scotia,Women,Rarely or never feels lonely,Percent,53.3
1779,2022-04,Nova Scotia,Women,Rarely or never feels lonely,Number,199.0
1780,2022-04,Nova Scotia,Women,Rarely or never feels lonely,Number,168.0
1781,2022-04,Nova Scotia,Women,Rarely or never feels lonely,Number,230.0
1782,2022-04,New Brunswick,"Total, all persons",Always or often feels lonely,Percent,14.0
1783,2022-04,New Brunswick,"Total, all persons",Always or often feels lonely,Percent,10.4
1784,2022-04,New Brunswick,"Total, all persons",Always or often feels lonely,Percent,18.6
1785,2022-04,New Brunswick,"Total, all persons",Always or often feels lonely,Number,93.0
1786,2022-04,New Brunswick,"Total, all persons",Always or often feels lonely,Number,66.0
1787,2022-04,New Brunswick,"Total, all persons",Always or often feels lonely,Number,120.0
1788,2022-04,New Brunswick,"Total, all persons",Sometimes feels lonely,Percent,31.1
1789,2022-04,New Brunswick,"Total, all persons",Sometimes feels lonely,Percent,26.5
1790,2022-04,New Brunswick,"Total, all persons",Sometimes feels lonely,Percent,36.2
1791,2022-04,New Brunswick,"Total, all persons",Sometimes feels lonely,Number,207.0
1792,2022-04,New Brunswick,"Total, all persons",Sometimes feels lonely,Number,175.0
1793,2022-04,New Brunswick,"Total, all persons",Sometimes feels lonely,Number,240.0
1794,2022-04,New Brunswick,"Total, all persons",Rarely or never feels lonely,Percent,54.8
1795,2022-04,New Brunswick,"Total, all persons",Rarely or never feels lonely,Percent,49.5
1796,2022-04,New Brunswick,"Total, all persons",Rarely or never feels lonely,Percent,60.0
1797,2022-04,New Brunswick,"Total, all persons",Rarely or never feels lonely,Number,365.0
1798,2022-04,New Brunswick,"Total, all persons",Rarely or never feels lonely,Number,330.0
1799,2022-04,New Brunswick,"Total, all persons",Rarely or never feels lonely,Number,400.0
1800,2022-04,New Brunswick,Men,Always or often feels lonely,Percent,10.4
1801,2022-04,New Brunswick,Men,Always or often feels lonely,Percent,5.8
1802,2022-04,New Brunswick,Men,Always or often feels lonely,Percent,18.1
1803,2022-04,New Brunswick,Men,Always or often feels lonely,Number,
1804,2022-04,New Brunswick,Men,Always or often feels lonely,Number,
1805,2022-04,New Brunswick,Men,Always or often feels lonely,Number,
1806,2022-04,New Brunswick,Men,Sometimes feels lonely,Percent,29.2
1807,2022-04,New Brunswick,Men,Sometimes feels lonely,Percent,22.3
1808,2022-04,New Brunswick,Men,Sometimes feels lonely,Percent,37.2
1809,2022-04,New Brunswick,Men,Sometimes feels lonely,Number,97.0
1810,2022-04,New Brunswick,Men,Sometimes feels lonely,Number,72.0
1811,2022-04,New Brunswick,Men,Sometimes feels lonely,Number,121.0
1812,2022-04,New Brunswick,Men,Rarely or never feels lonely,Percent,60.3
1813,2022-04,New Brunswick,Men,Rarely or never feels lonely,Percent,52.0
1814,2022-04,New Brunswick,Men,Rarely or never feels lonely,Percent,68.1
1815,2022-04,New Brunswick,Men,Rarely or never feels lonely,Number,200.0
1816,2022-04,New Brunswick,Men,Rarely or never feels lonely,Number,172.0
1817,2022-04,New Brunswick,Men,Rarely or never feels lonely,Number,227.0
1818,2022-04,New Brunswick,Women,Always or often feels lonely,Percent,17.6
1819,2022-04,New Brunswick,Women,Always or often feels lonely,Percent,12.9
1820,2022-04,New Brunswick,Women,Always or often feels lonely,Percent,23.4
1821,2022-04,New Brunswick,Women,Always or often feels lonely,Number,
1822,2022-04,New Brunswick,Women,Always or often feels lonely,Number,
1823,2022-04,New Brunswick,Women,Always or often feels lonely,Number,
1824,2022-04,New Brunswick,Women,Sometimes feels lonely,Percent,33.1
1825,2022-04,New Brunswick,Women,Sometimes feels lonely,Percent,27.2
1826,2022-04,New Brunswick,Women,Sometimes feels lonely,Percent,39.5
1827,2022-04,New Brunswick,Women,Sometimes feels lonely,Number,111.0
1828,2022-04,New Brunswick,Women,Sometimes feels lonely,Number,90.0
1829,2022-04,New Brunswick,Women,Sometimes feels lonely,Number,131.0
1830,2022-04,New Brunswick,Women,Rarely or never feels lonely,Percent,49.4
1831,2022-04,New Brunswick,Women,Rarely or never feels lonely,Percent,42.9
1832,2022-04,New Brunswick,Women,Rarely or never feels lonely,Percent,55.8
1833,2022-04,New Brunswick,Women,Rarely or never feels lonely,Number,165.0
1834,2022-04,New Brunswick,Women,Rarely or never feels lonely,Number,143.0
1835,2022-04,New Brunswick,Women,Rarely or never feels lonely,Number,187.0
1836,2022-04,Quebec,"Total, all persons",Always or often feels lonely,Percent,13.5
1837,2022-04,Quebec,"Total, all persons",Always or often feels lonely,Percent,11.8
1838,2022-04,Quebec,"Total, all persons",Always or often feels lonely,Percent,15.4
1839,2022-04,Quebec,"Total, all persons",Always or often feels lonely,Number,962.0
1840,2022-04,Quebec,"Total, all persons",Always or often feels lonely,Number,836.0
1841,2022-04,Quebec,"Total, all persons",Always or often feels lonely,Number,1088.0
1842,2022-04,Quebec,"Total, all persons",Sometimes feels lonely,Percent,29.9
1843,2022-04,Quebec,"Total, all persons",Sometimes feels lonely,Percent,27.6
1844,2022-04,Quebec,"Total, all persons",Sometimes feels lonely,Percent,32.4
1845,2022-04,Quebec,"Total, all persons",Sometimes feels lonely,Number,2135.0
1846,2022-04,Quebec,"Total, all persons",Sometimes feels lonely,Number,1966.0
1847,2022-04,Quebec,"Total, all persons",Sometimes feels lonely,Number,2304.0
1848,2022-04,Quebec,"Total, all persons",Rarely or never feels lonely,Percent,56.6
1849,2022-04,Quebec,"Total, all persons",Rarely or never feels lonely,Percent,54.0
1850,2022-04,Quebec,"Total, all persons",Rarely or never feels lonely,Percent,59.1
1851,2022-04,Quebec,"Total, all persons",Rarely or never feels lonely,Number,4035.0
1852,2022-04,Quebec,"Total, all persons",Rarely or never feels lonely,Number,3851.0
1853,2022-04,Quebec,"Total, all persons",Rarely or never feels lonely,Number,4219.0
1854,2022-04,Quebec,Men,Always or often feels lonely,Percent,13.7
1855,2022-04,Quebec,Men,Always or often feels lonely,Percent,11.3
1856,2022-04,Quebec,Men,Always or often feels lonely,Percent,16.5
1857,2022-04,Quebec,Men,Always or often feels lonely,Number,487.0
1858,2022-04,Quebec,Men,Always or often feels lonely,Number,394.0
1859,2022-04,Quebec,Men,Always or often feels lonely,Number,580.0
1860,2022-04,Quebec,Men,Sometimes feels lonely,Percent,27.7
1861,2022-04,Quebec,Men,Sometimes feels lonely,Percent,24.2
1862,2022-04,Quebec,Men,Sometimes feels lonely,Percent,31.5
1863,2022-04,Quebec,Men,Sometimes feels lonely,Number,981.0
1864,2022-04,Quebec,Men,Sometimes feels lonely,Number,851.0
1865,2022-04,Quebec,Men,Sometimes feels lonely,Number,1111.0
1866,2022-04,Quebec,Men,Rarely or never feels lonely,Percent,58.6
1867,2022-04,Quebec,Men,Rarely or never feels lonely,Percent,54.7
1868,2022-04,Quebec,Men,Rarely or never feels lonely,Percent,62.4
1869,2022-04,Quebec,Men,Rarely or never feels lonely,Number,2080.0
1870,2022-04,Quebec,Men,Rarely or never feels lonely,Number,1943.0
1871,2022-04,Quebec,Men,Rarely or never feels lonely,Number,2217.0
1872,2022-04,Quebec,Women,Always or often feels lonely,Percent,13.3
1873,2022-04,Quebec,Women,Always or often feels lonely,Percent,11.0
1874,2022-04,Quebec,Women,Always or often feels lonely,Percent,15.9
1875,2022-04,Quebec,Women,Always or often feels lonely,Number,475.0
1876,2022-04,Quebec,Women,Always or often feels lonely,Number,387.0
1877,2022-04,Quebec,Women,Always or often feels lonely,Number,563.0
1878,2022-04,Quebec,Women,Sometimes feels lonely,Percent,32.2
1879,2022-04,Quebec,Women,Sometimes feels lonely,Percent,29.1
1880,2022-04,Quebec,Women,Sometimes feels lonely,Percent,35.5
1881,2022-04,Quebec,Women,Sometimes feels lonely,Number,1154.0
1882,2022-04,Quebec,Women,Sometimes feels lonely,Number,1039.0
1883,2022-04,Quebec,Women,Sometimes feels lonely,Number,1269.0
1884,2022-04,Quebec,Women,Rarely or never feels lonely,Percent,54.6
1885,2022-04,Quebec,Women,Rarely or never feels lonely,Percent,51.1
1886,2022-04,Quebec,Women,Rarely or never feels lonely,Percent,58.0
1887,2022-04,Quebec,Women,Rarely or never feels lonely,Number,1956.0
1888,2022-04,Quebec,Women,Rarely or never feels lonely,Number,1831.0
1889,2022-04,Quebec,Women,Rarely or never feels lonely,Number,2080.0
1890,2022-04,Ontario,"Total, all persons",Always or often feels lonely,Percent,15.4
1891,2022-04,Ontario,"Total, all persons",Always or often feels lonely,Percent,13.8
1892,2022-04,Ontario,"Total, all persons",Always or often feels lonely,Percent,17.1
1893,2022-04,Ontario,"Total, all persons",Always or often feels lonely,Number,1923.0
1894,2022-04,Ontario,"Total, all persons",Always or often feels lonely,Number,1719.0
1895,2022-04,Ontario,"Total, all persons",Always or often feels lonely,Number,2128.0
1896,2022-04,Ontario,"Total, all persons",Sometimes feels lonely,Percent,33.6
1897,2022-04,Ontario,"Total, all persons",Sometimes feels lonely,Percent,31.5
1898,2022-04,Ontario,"Total, all persons",Sometimes feels lonely,Percent,35.7
1899,2022-04,Ontario,"Total, all persons",Sometimes feels lonely,Number,4190.0
1900,2022-04,Ontario,"Total, all persons",Sometimes feels lonely,Number,3932.0
1901,2022-04,Ontario,"Total, all persons",Sometimes feels lonely,Number,4447.0
1902,2022-04,Ontario,"Total, all persons",Rarely or never feels lonely,Percent,51.0
1903,2022-04,Ontario,"Total, all persons",Rarely or never feels lonely,Percent,48.9
1904,2022-04,Ontario,"Total, all persons",Rarely or never feels lonely,Percent,53.1
1905,2022-04,Ontario,"Total, all persons",Rarely or never feels lonely,Number,6368.0
1906,2022-04,Ontario,"Total, all persons",Rarely or never feels lonely,Number,6106.0
1907,2022-04,Ontario,"Total, all persons",Rarely or never feels lonely,Number,6630.0
1908,2022-04,Ontario,Men,Always or often feels lonely,Percent,14.3
1909,2022-04,Ontario,Men,Always or often feels lonely,Percent,12.0
1910,2022-04,Ontario,Men,Always or often feels lonely,Percent,16.9
1911,2022-04,Ontario,Men,Always or often feels lonely,Number,874.0
1912,2022-04,Ontario,Men,Always or often feels lonely,Number,723.0
1913,2022-04,Ontario,Men,Always or often feels lonely,Number,1025.0
1914,2022-04,Ontario,Men,Sometimes feels lonely,Percent,30.0
1915,2022-04,Ontario,Men,Sometimes feels lonely,Percent,27.1
1916,2022-04,Ontario,Men,Sometimes feels lonely,Percent,33.1
1917,2022-04,Ontario,Men,Sometimes feels lonely,Number,1840.0
1918,2022-04,Ontario,Men,Sometimes feels lonely,Number,1658.0
1919,2022-04,Ontario,Men,Sometimes feels lonely,Number,2022.0
1920,2022-04,Ontario,Men,Rarely or never feels lonely,Percent,55.7
1921,2022-04,Ontario,Men,Rarely or never feels lonely,Percent,52.5
1922,2022-04,Ontario,Men,Rarely or never feels lonely,Percent,58.9
1923,2022-04,Ontario,Men,Rarely or never feels lonely,Number,3419.0
1924,2022-04,Ontario,Men,Rarely or never feels lonely,Number,3220.0
1925,2022-04,Ontario,Men,Rarely or never feels lonely,Number,3617.0
1926,2022-04,Ontario,Women,Always or often feels lonely,Percent,16.5
1927,2022-04,Ontario,Women,Always or often feels lonely,Percent,14.4
1928,2022-04,Ontario,Women,Always or often feels lonely,Percent,18.9
1929,2022-04,Ontario,Women,Always or often feels lonely,Number,1049.0
1930,2022-04,Ontario,Women,Always or often feels lonely,Number,903.0
1931,2022-04,Ontario,Women,Always or often feels lonely,Number,1195.0
1932,2022-04,Ontario,Women,Sometimes feels lonely,Percent,37.0
1933,2022-04,Ontario,Women,Sometimes feels lonely,Percent,34.1
1934,2022-04,Ontario,Women,Sometimes feels lonely,Percent,40.1
1935,2022-04,Ontario,Women,Sometimes feels lonely,Number,2350.0
1936,2022-04,Ontario,Women,Sometimes feels lonely,Number,2159.0
1937,2022-04,Ontario,Women,Sometimes feels lonely,Number,2540.0
1938,2022-04,Ontario,Women,Rarely or never feels lonely,Percent,46.5
1939,2022-04,Ontario,Women,Rarely or never feels lonely,Percent,43.5
1940,2022-04,Ontario,Women,Rarely or never feels lonely,Percent,49.4
1941,2022-04,Ontario,Women,Rarely or never feels lonely,Number,2949.0
1942,2022-04,Ontario,Women,Rarely or never feels lonely,Number,2763.0
1943,2022-04,Ontario,Women,Rarely or never feels lonely,Number,3136.0
1944,2022-04,Manitoba,"Total, all persons",Always or often feels lonely,Percent,12.9
1945,2022-04,Manitoba,"Total, all persons",Always or often feels lonely,Percent,9.6
1946,2022-04,Manitoba,"Total, all persons",Always or often feels lonely,Percent,17.1
1947,2022-04,Manitoba,"Total, all persons",Always or often feels lonely,Number,137.0
1948,2022-04,Manitoba,"Total, all persons",Always or often feels lonely,Number,98.0
1949,2022-04,Manitoba,"Total, all persons",Always or often feels lonely,Number,177.0
1950,2022-04,Manitoba,"Total, all persons",Sometimes feels lonely,Percent,39.4
1951,2022-04,Manitoba,"Total, all persons",Sometimes feels lonely,Percent,34.1
1952,2022-04,Manitoba,"Total, all persons",Sometimes feels lonely,Percent,44.9
1953,2022-04,Manitoba,"Total, all persons",Sometimes feels lonely,Number,419.0
1954,2022-04,Manitoba,"Total, all persons",Sometimes feels lonely,Number,361.0
1955,2022-04,Manitoba,"Total, all persons",Sometimes feels lonely,Number,476.0
1956,2022-04,Manitoba,"Total, all persons",Rarely or never feels lonely,Percent,47.7
1957,2022-04,Manitoba,"Total, all persons",Rarely or never feels lonely,Percent,42.4
1958,2022-04,Manitoba,"Total, all persons",Rarely or never feels lonely,Percent,53.1
1959,2022-04,Manitoba,"Total, all persons",Rarely or never feels lonely,Number,507.0
1960,2022-04,Manitoba,"Total, all persons",Rarely or never feels lonely,Number,450.0
1961,2022-04,Manitoba,"Total, all persons",Rarely or never feels lonely,Number,564.0
1962,2022-04,Manitoba,Men,Always or often feels lonely,Percent,15.0
1963,2022-04,Manitoba,Men,Always or often feels lonely,Percent,9.7
1964,2022-04,Manitoba,Men,Always or often feels lonely,Percent,22.6
1965,2022-04,Manitoba,Men,Always or often feels lonely,Number,
1966,2022-04,Manitoba,Men,Always or often feels lonely,Number,
1967,2022-04,Manitoba,Men,Always or often feels lonely,Number,
1968,2022-04,Manitoba,Men,Sometimes feels lonely,Percent,37.5
1969,2022-04,Manitoba,Men,Sometimes feels lonely,Percent,29.6
1970,2022-04,Manitoba,Men,Sometimes feels lonely,Percent,46.1
1971,2022-04,Manitoba,Men,Sometimes feels lonely,Number,198.0
1972,2022-04,Manitoba,Men,Sometimes feels lonely,Number,154.0
1973,2022-04,Manitoba,Men,Sometimes feels lonely,Number,241.0
1974,2022-04,Manitoba,Men,Rarely or never feels lonely,Percent,47.5
1975,2022-04,Manitoba,Men,Rarely or never feels lonely,Percent,39.4
1976,2022-04,Manitoba,Men,Rarely or never feels lonely,Percent,55.7
1977,2022-04,Manitoba,Men,Rarely or never feels lonely,Number,251.0
1978,2022-04,Manitoba,Men,Rarely or never feels lonely,Number,207.0
1979,2022-04,Manitoba,Men,Rarely or never feels lonely,Number,294.0
1980,2022-04,Manitoba,Women,Always or often feels lonely,Percent,10.8
1981,2022-04,Manitoba,Women,Always or often feels lonely,Percent,7.5
1982,2022-04,Manitoba,Women,Always or often feels lonely,Percent,15.5
1983,2022-04,Manitoba,Women,Always or often feels lonely,Number,
1984,2022-04,Manitoba,Women,Always or often feels lonely,Number,
1985,2022-04,Manitoba,Women,Always or often feels lonely,Number,
1986,2022-04,Manitoba,Women,Sometimes feels lonely,Percent,41.3
1987,2022-04,Manitoba,Women,Sometimes feels lonely,Percent,34.2
1988,2022-04,Manitoba,Women,Sometimes feels lonely,Percent,48.7
1989,2022-04,Manitoba,Women,Sometimes feels lonely,Number,221.0
1990,2022-04,Manitoba,Women,Sometimes feels lonely,Number,182.0
1991,2022-04,Manitoba,Women,Sometimes feels lonely,Number,260.0
1992,2022-04,Manitoba,Women,Rarely or never feels lonely,Percent,47.9
1993,2022-04,Manitoba,Women,Rarely or never feels lonely,Percent,40.7
1994,2022-04,Manitoba,Women,Rarely or never feels lonely,Percent,55.2
1995,2022-04,Manitoba,Women,Rarely or never feels lonely,Number,257.0
1996,2022-04,Manitoba,Women,Rarely or never feels lonely,Number,218.0
1997,2022-04,Manitoba,Women,Rarely or never feels lonely,Number,296.0
1998,2022-04,Saskatchewan,"Total, all persons",Always or often feels lonely,Percent,11.9
1999,2022-04,Saskatchewan,"Total, all persons",Always or often feels lonely,Percent,9.2
2000,2022-04,Saskatchewan,"Total, all persons",Always or often feels lonely,Percent,15.3
2001,2022-04,Saskatchewan,"Total, all persons",Always or often feels lonely,Number,106.0
2002,2022-04,Saskatchewan,"Total, all persons",Always or often feels lonely,Number,79.0
2003,2022-04,Saskatchewan,"Total, all persons",Always or often feels lonely,Number,133.0
2004,2022-04,Saskatchewan,"Total, all persons",Sometimes feels lonely,Percent,37.9
2005,2022-04,Saskatchewan,"Total, all persons",Sometimes feels lonely,Percent,33.3
2006,2022-04,Saskatchewan,"Total, all persons",Sometimes feels lonely,Percent,42.8
2007,2022-04,Saskatchewan,"Total, all persons",Sometimes feels lonely,Number,338.0
2008,2022-04,Saskatchewan,"Total, all persons",Sometimes feels lonely,Number,296.0
2009,2022-04,Saskatchewan,"Total, all persons",Sometimes feels lonely,Number,380.0
2010,2022-04,Saskatchewan,"Total, all persons",Rarely or never feels lonely,Percent,50.2
2011,2022-04,Saskatchewan,"Total, all persons",Rarely or never feels lonely,Percent,45.6
2012,2022-04,Saskatchewan,"Total, all persons",Rarely or never feels lonely,Percent,54.8
2013,2022-04,Saskatchewan,"Total, all persons",Rarely or never feels lonely,Number,447.0
2014,2022-04,Saskatchewan,"Total, all persons",Rarely or never feels lonely,Number,406.0
2015,2022-04,Saskatchewan,"Total, all persons",Rarely or never feels lonely,Number,489.0
2016,2022-04,Saskatchewan,Men,Always or often feels lonely,Percent,8.7
2017,2022-04,Saskatchewan,Men,Always or often feels lonely,Percent,5.7
2018,2022-04,Saskatchewan,Men,Always or often feels lonely,Percent,13.1
2019,2022-04,Saskatchewan,Men,Always or often feels lonely,Number,
2020,2022-04,Saskatchewan,Men,Always or often feels lonely,Number,
2021,2022-04,Saskatchewan,Men,Always or often feels lonely,Number,
2022,2022-04,Saskatchewan,Men,Sometimes feels lonely,Percent,33.9
2023,2022-04,Saskatchewan,Men,Sometimes feels lonely,Percent,27.4
2024,2022-04,Saskatchewan,Men,Sometimes feels lonely,Percent,41.2
2025,2022-04,Saskatchewan,Men,Sometimes feels lonely,Number,153.0
2026,2022-04,Saskatchewan,Men,Sometimes feels lonely,Number,122.0
2027,2022-04,Saskatchewan,Men,Sometimes feels lonely,Number,184.0
2028,2022-04,Saskatchewan,Men,Rarely or never feels lonely,Percent,57.4
2029,2022-04,Saskatchewan,Men,Rarely or never feels lonely,Percent,50.0
2030,2022-04,Saskatchewan,Men,Rarely or never feels lonely,Percent,64.4
2031,2022-04,Saskatchewan,Men,Rarely or never feels lonely,Number,259.0
2032,2022-04,Saskatchewan,Men,Rarely or never feels lonely,Number,226.0
2033,2022-04,Saskatchewan,Men,Rarely or never feels lonely,Number,291.0
2034,2022-04,Saskatchewan,Women,Always or often feels lonely,Percent,15.1
2035,2022-04,Saskatchewan,Women,Always or often feels lonely,Percent,10.9
2036,2022-04,Saskatchewan,Women,Always or often feels lonely,Percent,20.6
2037,2022-04,Saskatchewan,Women,Always or often feels lonely,Number,
2038,2022-04,Saskatchewan,Women,Always or often feels lonely,Number,
2039,2022-04,Saskatchewan,Women,Always or often feels lonely,Number,
2040,2022-04,Saskatchewan,Women,Sometimes feels lonely,Percent,42.0
2041,2022-04,Saskatchewan,Women,Sometimes feels lonely,Percent,36.0
2042,2022-04,Saskatchewan,Women,Sometimes feels lonely,Percent,48.2
2043,2022-04,Saskatchewan,Women,Sometimes feels lonely,Number,185.0
2044,2022-04,Saskatchewan,Women,Sometimes feels lonely,Number,157.0
2045,2022-04,Saskatchewan,Women,Sometimes feels lonely,Number,213.0
2046,2022-04,Saskatchewan,Women,Rarely or never feels lonely,Percent,42.9
2047,2022-04,Saskatchewan,Women,Rarely or never feels lonely,Percent,36.9
2048,2022-04,Saskatchewan,Women,Rarely or never feels lonely,Percent,49.0
2049,2022-04,Saskatchewan,Women,Rarely or never feels lonely,Number,188.0
2050,2022-04,Saskatchewan,Women,Rarely or never feels lonely,Number,162.0
2051,2022-04,Saskatchewan,Women,Rarely or never feels lonely,Number,215.0
2052,2022-04,Alberta,"Total, all persons",Always or often feels lonely,Percent,14.4
2053,2022-04,Alberta,"Total, all persons",Always or often feels lonely,Percent,11.5
2054,2022-04,Alberta,"Total, all persons",Always or often feels lonely,Percent,17.7
2055,2022-04,Alberta,"Total, all persons",Always or often feels lonely,Number,517.0
2056,2022-04,Alberta,"Total, all persons",Always or often feels lonely,Number,406.0
2057,2022-04,Alberta,"Total, all persons",Always or often feels lonely,Number,628.0
2058,2022-04,Alberta,"Total, all persons",Sometimes feels lonely,Percent,35.0
2059,2022-04,Alberta,"Total, all persons",Sometimes feels lonely,Percent,31.5
2060,2022-04,Alberta,"Total, all persons",Sometimes feels lonely,Percent,38.6
2061,2022-04,Alberta,"Total, all persons",Sometimes feels lonely,Number,1259.0
2062,2022-04,Alberta,"Total, all persons",Sometimes feels lonely,Number,1130.0
2063,2022-04,Alberta,"Total, all persons",Sometimes feels lonely,Number,1388.0
2064,2022-04,Alberta,"Total, all persons",Rarely or never feels lonely,Percent,50.7
2065,2022-04,Alberta,"Total, all persons",Rarely or never feels lonely,Percent,47.0
2066,2022-04,Alberta,"Total, all persons",Rarely or never feels lonely,Percent,54.4
2067,2022-04,Alberta,"Total, all persons",Rarely or never feels lonely,Number,1826.0
2068,2022-04,Alberta,"Total, all persons",Rarely or never feels lonely,Number,1692.0
2069,2022-04,Alberta,"Total, all persons",Rarely or never feels lonely,Number,1960.0
2070,2022-04,Alberta,Men,Always or often feels lonely,Percent,15.7
2071,2022-04,Alberta,Men,Always or often feels lonely,Percent,11.1
2072,2022-04,Alberta,Men,Always or often feels lonely,Percent,21.7
2073,2022-04,Alberta,Men,Always or often feels lonely,Number,
2074,2022-04,Alberta,Men,Always or often feels lonely,Number,
2075,2022-04,Alberta,Men,Always or often feels lonely,Number,
2076,2022-04,Alberta,Men,Sometimes feels lonely,Percent,28.3
2077,2022-04,Alberta,Men,Sometimes feels lonely,Percent,23.3
2078,2022-04,Alberta,Men,Sometimes feels lonely,Percent,34.0
2079,2022-04,Alberta,Men,Sometimes feels lonely,Number,510.0
2080,2022-04,Alberta,Men,Sometimes feels lonely,Number,413.0
2081,2022-04,Alberta,Men,Sometimes feels lonely,Number,607.0
2082,2022-04,Alberta,Men,Rarely or never feels lonely,Percent,56.0
2083,2022-04,Alberta,Men,Rarely or never feels lonely,Percent,50.1
2084,2022-04,Alberta,Men,Rarely or never feels lonely,Percent,61.7
2085,2022-04,Alberta,Men,Rarely or never feels lonely,Number,1008.0
2086,2022-04,Alberta,Men,Rarely or never feels lonely,Number,902.0
2087,2022-04,Alberta,Men,Rarely or never feels lonely,Number,1114.0
2088,2022-04,Alberta,Women,Always or often feels lonely,Percent,13.0
2089,2022-04,Alberta,Women,Always or often feels lonely,Percent,9.9
2090,2022-04,Alberta,Women,Always or often feels lonely,Percent,16.9
2091,2022-04,Alberta,Women,Always or often feels lonely,Number,235.0
2092,2022-04,Alberta,Women,Always or often feels lonely,Number,172.0
2093,2022-04,Alberta,Women,Always or often feels lonely,Number,297.0
2094,2022-04,Alberta,Women,Sometimes feels lonely,Percent,41.6
2095,2022-04,Alberta,Women,Sometimes feels lonely,Percent,36.4
2096,2022-04,Alberta,Women,Sometimes feels lonely,Percent,46.9
2097,2022-04,Alberta,Women,Sometimes feels lonely,Number,749.0
2098,2022-04,Alberta,Women,Sometimes feels lonely,Number,653.0
2099,2022-04,Alberta,Women,Sometimes feels lonely,Number,845.0
2100,2022-04,Alberta,Women,Rarely or never feels lonely,Percent,45.4
2101,2022-04,Alberta,Women,Rarely or never feels lonely,Percent,40.6
2102,2022-04,Alberta,Women,Rarely or never feels lonely,Percent,50.3
2103,2022-04,Alberta,Women,Rarely or never feels lonely,Number,817.0
2104,2022-04,Alberta,Women,Rarely or never feels lonely,Number,730.0
2105,2022-04,Alberta,Women,Rarely or never feels lonely,Number,905.0
2106,2022-04,British Columbia,"Total, all persons",Always or often feels lonely,Percent,12.0
2107,2022-04,British Columbia,"Total, all persons",Always or often feels lonely,Percent,9.8
2108,2022-04,British Columbia,"Total, all persons",Always or often feels lonely,Percent,14.6
2109,2022-04,British Columbia,"Total, all persons",Always or often feels lonely,Number,528.0
2110,2022-04,British Columbia,"Total, all persons",Always or often feels lonely,Number,422.0
2111,2022-04,British Columbia,"Total, all persons",Always or often feels lonely,Number,634.0
2112,2022-04,British Columbia,"Total, all persons",Sometimes feels lonely,Percent,34.9
2113,2022-04,British Columbia,"Total, all persons",Sometimes feels lonely,Percent,31.6
2114,2022-04,British Columbia,"Total, all persons",Sometimes feels lonely,Percent,38.4
2115,2022-04,British Columbia,"Total, all persons",Sometimes feels lonely,Number,1534.0
2116,2022-04,British Columbia,"Total, all persons",Sometimes feels lonely,Number,1386.0
2117,2022-04,British Columbia,"Total, all persons",Sometimes feels lonely,Number,1682.0
2118,2022-04,British Columbia,"Total, all persons",Rarely or never feels lonely,Percent,53.1
2119,2022-04,British Columbia,"Total, all persons",Rarely or never feels lonely,Percent,49.4
2120,2022-04,British Columbia,"Total, all persons",Rarely or never feels lonely,Percent,56.7
2121,2022-04,British Columbia,"Total, all persons",Rarely or never feels lonely,Number,2331.0
2122,2022-04,British Columbia,"Total, all persons",Rarely or never feels lonely,Number,2169.0
2123,2022-04,British Columbia,"Total, all persons",Rarely or never feels lonely,Number,2493.0
2124,2022-04,British Columbia,Men,Always or often feels lonely,Percent,10.7
2125,2022-04,British Columbia,Men,Always or often feels lonely,Percent,7.6
2126,2022-04,British Columbia,Men,Always or often feels lonely,Percent,14.8
2127,2022-04,British Columbia,Men,Always or often feels lonely,Number,
2128,2022-04,British Columbia,Men,Always or often feels lonely,Number,
2129,2022-04,British Columbia,Men,Always or often feels lonely,Number,
2130,2022-04,British Columbia,Men,Sometimes feels lonely,Percent,30.8
2131,2022-04,British Columbia,Men,Sometimes feels lonely,Percent,26.0
2132,2022-04,British Columbia,Men,Sometimes feels lonely,Percent,36.1
2133,2022-04,British Columbia,Men,Sometimes feels lonely,Number,663.0
2134,2022-04,British Columbia,Men,Sometimes feels lonely,Number,554.0
2135,2022-04,British Columbia,Men,Sometimes feels lonely,Number,773.0
2136,2022-04,British Columbia,Men,Rarely or never feels lonely,Percent,58.5
2137,2022-04,British Columbia,Men,Rarely or never feels lonely,Percent,53.0
2138,2022-04,British Columbia,Men,Rarely or never feels lonely,Percent,63.7
2139,2022-04,British Columbia,Men,Rarely or never feels lonely,Number,1257.0
2140,2022-04,British Columbia,Men,Rarely or never feels lonely,Number,1140.0
2141,2022-04,British Columbia,Men,Rarely or never feels lonely,Number,1375.0
2142,2022-04,British Columbia,Women,Always or often feels lonely,Percent,13.3
2143,2022-04,British Columbia,Women,Always or often feels lonely,Percent,10.4
2144,2022-04,British Columbia,Women,Always or often feels lonely,Percent,16.8
2145,2022-04,British Columbia,Women,Always or often feels lonely,Number,298.0
2146,2022-04,British Columbia,Women,Always or often feels lonely,Number,226.0
2147,2022-04,British Columbia,Women,Always or often feels lonely,Number,370.0
2148,2022-04,British Columbia,Women,Sometimes feels lonely,Percent,38.8
2149,2022-04,British Columbia,Women,Sometimes feels lonely,Percent,34.6
2150,2022-04,British Columbia,Women,Sometimes feels lonely,Percent,43.2
2151,2022-04,British Columbia,Women,Sometimes feels lonely,Number,871.0
2152,2022-04,British Columbia,Women,Sometimes feels lonely,Number,773.0
2153,2022-04,British Columbia,Women,Sometimes feels lonely,Number,968.0
2154,2022-04,British Columbia,Women,Rarely or never feels lonely,Percent,47.9
2155,2022-04,British Columbia,Women,Rarely or never feels lonely,Percent,43.3
2156,2022-04,British Columbia,Women,Rarely or never feels lonely,Percent,52.5
2157,2022-04,British Columbia,Women,Rarely or never feels lonely,Number,1074.0
2158,2022-04,British Columbia,Women,Rarely or never feels lonely,Number,969.0
2159,2022-04,British Columbia,Women,Rarely or never feels lonely,Number,1179.0
2160,2022-07,Newfoundland and Labrador,"Total, all persons",Always or often feels lonely,Percent,12.3
2161,2022-07,Newfoundland and Labrador,"Total, all persons",Always or often feels lonely,Percent,9.2
2162,2022-07,Newfoundland and Labrador,"Total, all persons",Always or often feels lonely,Percent,16.1
2163,2022-07,Newfoundland and Labrador,"Total, all persons",Always or often feels lonely,Number,55.0
2164,2022-07,Newfoundland and Labrador,"Total, all persons",Always or often feels lonely,Number,40.0
2165,2022-07,Newfoundland and Labrador,"Total, all persons",Always or often feels lonely,Number,70.0
2166,2022-07,Newfoundland and Labrador,"Total, all persons",Sometimes feels lonely,Percent,38.8
2167,2022-07,Newfoundland and Labrador,"Total, all persons",Sometimes feels lonely,Percent,33.8
2168,2022-07,Newfoundland and Labrador,"Total, all persons",Sometimes feels lonely,Percent,44.0
2169,2022-07,Newfoundland and Labrador,"Total, all persons",Sometimes feels lonely,Number,173.0
2170,2022-07,Newfoundland and Labrador,"Total, all persons",Sometimes feels lonely,Number,150.0
2171,2022-07,Newfoundland and Labrador,"Total, all persons",Sometimes feels lonely,Number,196.0
2172,2022-07,Newfoundland and Labrador,"Total, all persons",Rarely or never feels lonely,Percent,49.0
2173,2022-07,Newfoundland and Labrador,"Total, all persons",Rarely or never feels lonely,Percent,43.9
2174,2022-07,Newfoundland and Labrador,"Total, all persons",Rarely or never feels lonely,Percent,54.0
2175,2022-07,Newfoundland and Labrador,"Total, all persons",Rarely or never feels lonely,Number,219.0
2176,2022-07,Newfoundland and Labrador,"Total, all persons",Rarely or never feels lonely,Number,196.0
2177,2022-07,Newfoundland and Labrador,"Total, all persons",Rarely or never feels lonely,Number,242.0
2178,2022-07,Newfoundland and Labrador,Men,Always or often feels lonely,Percent,10.8
2179,2022-07,Newfoundland and Labrador,Men,Always or often feels lonely,Percent,6.7
2180,2022-07,Newfoundland and Labrador,Men,Always or often feels lonely,Percent,17.0
2181,2022-07,Newfoundland and Labrador,Men,Always or often feels lonely,Number,
2182,2022-07,Newfoundland and Labrador,Men,Always or often feels lonely,Number,
2183,2022-07,Newfoundland and Labrador,Men,Always or often feels lonely,Number,
2184,2022-07,Newfoundland and Labrador,Men,Sometimes feels lonely,Percent,36.7
2185,2022-07,Newfoundland and Labrador,Men,Sometimes feels lonely,Percent,28.8
2186,2022-07,Newfoundland and Labrador,Men,Sometimes feels lonely,Percent,45.4
2187,2022-07,Newfoundland and Labrador,Men,Sometimes feels lonely,Number,80.0
2188,2022-07,Newfoundland and Labrador,Men,Sometimes feels lonely,Number,62.0
2189,2022-07,Newfoundland and Labrador,Men,Sometimes feels lonely,Number,99.0
2190,2022-07,Newfoundland and Labrador,Men,Rarely or never feels lonely,Percent,52.5
2191,2022-07,Newfoundland and Labrador,Men,Rarely or never feels lonely,Percent,44.6
2192,2022-07,Newfoundland and Labrador,Men,Rarely or never feels lonely,Percent,60.2
2193,2022-07,Newfoundland and Labrador,Men,Rarely or never feels lonely,Number,115.0
2194,2022-07,Newfoundland and Labrador,Men,Rarely or never feels lonely,Number,97.0
2195,2022-07,Newfoundland and Labrador,Men,Rarely or never feels lonely,Number,132.0
2196,2022-07,Newfoundland and Labrador,Women,Always or often feels lonely,Percent,13.7
2197,2022-07,Newfoundland and Labrador,Women,Always or often feels lonely,Percent,9.6
2198,2022-07,Newfoundland and Labrador,Women,Always or often feels lonely,Percent,19.2
2199,2022-07,Newfoundland and Labrador,Women,Always or often feels lonely,Number,
2200,2022-07,Newfoundland and Labrador,Women,Always or often feels lonely,Number,
2201,2022-07,Newfoundland and Labrador,Women,Always or often feels lonely,Number,
2202,2022-07,Newfoundland and Labrador,Women,Sometimes feels lonely,Percent,40.7
2203,2022-07,Newfoundland and Labrador,Women,Sometimes feels lonely,Percent,34.3
2204,2022-07,Newfoundland and Labrador,Women,Sometimes feels lonely,Percent,47.5
2205,2022-07,Newfoundland and Labrador,Women,Sometimes feels lonely,Number,93.0
2206,2022-07,Newfoundland and Labrador,Women,Sometimes feels lonely,Number,78.0
2207,2022-07,Newfoundland and Labrador,Women,Sometimes feels lonely,Number,108.0
2208,2022-07,Newfoundland and Labrador,Women,Rarely or never feels lonely,Percent,45.6
2209,2022-07,Newfoundland and Labrador,Women,Rarely or never feels lonely,Percent,38.9
2210,2022-07,Newfoundland and Labrador,Women,Rarely or never feels lonely,Percent,52.4
2211,2022-07,Newfoundland and Labrador,Women,Rarely or never feels lonely,Number,104.0
2212,2022-07,Newfoundland and Labrador,Women,Rarely or never feels lonely,Number,88.0
2213,2022-07,Newfoundland and Labrador,Women,Rarely or never feels lonely,Number,119.0
2214,2022-07,Prince Edward Island,"Total, all persons",Always or often feels lonely,Percent,9.0
2215,2022-07,Prince Edward Island,"Total, all persons",Always or often feels lonely,Percent,5.9
2216,2022-07,Prince Edward Island,"Total, all persons",Always or often feels lonely,Percent,13.4
2217,2022-07,Prince Edward Island,"Total, all persons",Always or often feels lonely,Number,
2218,2022-07,Prince Edward Island,"Total, all persons",Always or often feels lonely,Number,
2219,2022-07,Prince Edward Island,"Total, all persons",Always or often feels lonely,Number,
2220,2022-07,Prince Edward Island,"Total, all persons",Sometimes feels lonely,Percent,35.1
2221,2022-07,Prince Edward Island,"Total, all persons",Sometimes feels lonely,Percent,29.4
2222,2022-07,Prince Edward Island,"Total, all persons",Sometimes feels lonely,Percent,41.3
2223,2022-07,Prince Edward Island,"Total, all persons",Sometimes feels lonely,Number,49.0
2224,2022-07,Prince Edward Island,"Total, all persons",Sometimes feels lonely,Number,41.0
2225,2022-07,Prince Edward Island,"Total, all persons",Sometimes feels lonely,Number,57.0
2226,2022-07,Prince Edward Island,"Total, all persons",Rarely or never feels lonely,Percent,55.9
2227,2022-07,Prince Edward Island,"Total, all persons",Rarely or never feels lonely,Percent,50.1
2228,2022-07,Prince Edward Island,"Total, all persons",Rarely or never feels lonely,Percent,61.5
2229,2022-07,Prince Edward Island,"Total, all persons",Rarely or never feels lonely,Number,78.0
2230,2022-07,Prince Edward Island,"Total, all persons",Rarely or never feels lonely,Number,70.0
2231,2022-07,Prince Edward Island,"Total, all persons",Rarely or never feels lonely,Number,86.0
2232,2022-07,Prince Edward Island,Men,Always or often feels lonely,Percent,7.1
2233,2022-07,Prince Edward Island,Men,Always or often feels lonely,Percent,4.2
2234,2022-07,Prince Edward Island,Men,Always or often feels lonely,Percent,11.9
2235,2022-07,Prince Edward Island,Men,Always or often feels lonely,Number,
2236,2022-07,Prince Edward Island,Men,Always or often feels lonely,Number,
2237,2022-07,Prince Edward Island,Men,Always or often feels lonely,Number,
2238,2022-07,Prince Edward Island,Men,Sometimes feels lonely,Percent,26.8
2239,2022-07,Prince Edward Island,Men,Sometimes feels lonely,Percent,18.9
2240,2022-07,Prince Edward Island,Men,Sometimes feels lonely,Percent,36.6
2241,2022-07,Prince Edward Island,Men,Sometimes feels lonely,Number,
2242,2022-07,Prince Edward Island,Men,Sometimes feels lonely,Number,
2243,2022-07,Prince Edward Island,Men,Sometimes feels lonely,Number,
2244,2022-07,Prince Edward Island,Men,Rarely or never feels lonely,Percent,66.1
2245,2022-07,Prince Edward Island,Men,Rarely or never feels lonely,Percent,56.4
2246,2022-07,Prince Edward Island,Men,Rarely or never feels lonely,Percent,74.5
2247,2022-07,Prince Edward Island,Men,Rarely or never feels lonely,Number,45.0
2248,2022-07,Prince Edward Island,Men,Rarely or never feels lonely,Number,38.0
2249,2022-07,Prince Edward Island,Men,Rarely or never feels lonely,Number,51.0
2250,2022-07,Prince Edward Island,Women,Always or often feels lonely,Percent,10.8
2251,2022-07,Prince Edward Island,Women,Always or often feels lonely,Percent,6.0
2252,2022-07,Prince Edward Island,Women,Always or often feels lonely,Percent,18.7
2253,2022-07,Prince Edward Island,Women,Always or often feels lonely,Number,
2254,2022-07,Prince Edward Island,Women,Always or often feels lonely,Number,
2255,2022-07,Prince Edward Island,Women,Always or often feels lonely,Number,
2256,2022-07,Prince Edward Island,Women,Sometimes feels lonely,Percent,43.0
2257,2022-07,Prince Edward Island,Women,Sometimes feels lonely,Percent,35.2
2258,2022-07,Prince Edward Island,Women,Sometimes feels lonely,Percent,51.1
2259,2022-07,Prince Edward Island,Women,Sometimes feels lonely,Number,31.0
2260,2022-07,Prince Edward Island,Women,Sometimes feels lonely,Number,25.0
2261,2022-07,Prince Edward Island,Women,Sometimes feels lonely,Number,37.0
2262,2022-07,Prince Edward Island,Women,Rarely or never feels lonely,Percent,46.3
2263,2022-07,Prince Edward Island,Women,Rarely or never feels lonely,Percent,39.2
2264,2022-07,Prince Edward Island,Women,Rarely or never feels lonely,Percent,53.5
2265,2022-07,Prince Edward Island,Women,Rarely or never feels lonely,Number,33.0
2266,2022-07,Prince Edward Island,Women,Rarely or never feels lonely,Number,28.0
2267,2022-07,Prince Edward Island,Women,Rarely or never feels lonely,Number,38.0
2268,2022-07,Nova Scotia,"Total, all persons",Always or often feels lonely,Percent,14.4
2269,2022-07,Nova Scotia,"Total, all persons",Always or often feels lonely,Percent,10.7
2270,2022-07,Nova Scotia,"Total, all persons",Always or often feels lonely,Percent,19.0
2271,2022-07,Nova Scotia,"Total, all persons",Always or often feels lonely,Number,122.0
2272,2022-07,Nova Scotia,"Total, all persons",Always or often feels lonely,Number,87.0
2273,2022-07,Nova Scotia,"Total, all persons",Always or often feels lonely,Number,157.0
2274,2022-07,Nova Scotia,"Total, all persons",Sometimes feels lonely,Percent,29.3
2275,2022-07,Nova Scotia,"Total, all persons",Sometimes feels lonely,Percent,24.7
2276,2022-07,Nova Scotia,"Total, all persons",Sometimes feels lonely,Percent,34.4
2277,2022-07,Nova Scotia,"Total, all persons",Sometimes feels lonely,Number,249.0
2278,2022-07,Nova Scotia,"Total, all persons",Sometimes feels lonely,Number,208.0
2279,2022-07,Nova Scotia,"Total, all persons",Sometimes feels lonely,Number,290.0
2280,2022-07,Nova Scotia,"Total, all persons",Rarely or never feels lonely,Percent,56.3
2281,2022-07,Nova Scotia,"Total, all persons",Rarely or never feels lonely,Percent,50.7
2282,2022-07,Nova Scotia,"Total, all persons",Rarely or never feels lonely,Percent,61.7
2283,2022-07,Nova Scotia,"Total, all persons",Rarely or never feels lonely,Number,478.0
2284,2022-07,Nova Scotia,"Total, all persons",Rarely or never feels lonely,Number,430.0
2285,2022-07,Nova Scotia,"Total, all persons",Rarely or never feels lonely,Number,525.0
2286,2022-07,Nova Scotia,Men,Always or often feels lonely,Percent,15.6
2287,2022-07,Nova Scotia,Men,Always or often feels lonely,Percent,10.3
2288,2022-07,Nova Scotia,Men,Always or often feels lonely,Percent,23.0
2289,2022-07,Nova Scotia,Men,Always or often feels lonely,Number,
2290,2022-07,Nova Scotia,Men,Always or often feels lonely,Number,
2291,2022-07,Nova Scotia,Men,Always or often feels lonely,Number,
2292,2022-07,Nova Scotia,Men,Sometimes feels lonely,Percent,27.4
2293,2022-07,Nova Scotia,Men,Sometimes feels lonely,Percent,21.0
2294,2022-07,Nova Scotia,Men,Sometimes feels lonely,Percent,35.0
2295,2022-07,Nova Scotia,Men,Sometimes feels lonely,Number,114.0
2296,2022-07,Nova Scotia,Men,Sometimes feels lonely,Number,85.0
2297,2022-07,Nova Scotia,Men,Sometimes feels lonely,Number,143.0
2298,2022-07,Nova Scotia,Men,Rarely or never feels lonely,Percent,56.9
2299,2022-07,Nova Scotia,Men,Rarely or never feels lonely,Percent,48.9
2300,2022-07,Nova Scotia,Men,Rarely or never feels lonely,Percent,64.6
2301,2022-07,Nova Scotia,Men,Rarely or never feels lonely,Number,236.0
2302,2022-07,Nova Scotia,Men,Rarely or never feels lonely,Number,203.0
2303,2022-07,Nova Scotia,Men,Rarely or never feels lonely,Number,269.0
2304,2022-07,Nova Scotia,Women,Always or often feels lonely,Percent,13.2
2305,2022-07,Nova Scotia,Women,Always or often feels lonely,Percent,8.9
2306,2022-07,Nova Scotia,Women,Always or often feels lonely,Percent,19.2
2307,2022-07,Nova Scotia,Women,Always or often feels lonely,Number,
2308,2022-07,Nova Scotia,Women,Always or often feels lonely,Number,
2309,2022-07,Nova Scotia,Women,Always or often feels lonely,Number,
2310,2022-07,Nova Scotia,Women,Sometimes feels lonely,Percent,31.1
2311,2022-07,Nova Scotia,Women,Sometimes feels lonely,Percent,25.2
2312,2022-07,Nova Scotia,Women,Sometimes feels lonely,Percent,37.8
2313,2022-07,Nova Scotia,Women,Sometimes feels lonely,Number,135.0
2314,2022-07,Nova Scotia,Women,Sometimes feels lonely,Number,108.0
2315,2022-07,Nova Scotia,Women,Sometimes feels lonely,Number,163.0
2316,2022-07,Nova Scotia,Women,Rarely or never feels lonely,Percent,55.7
2317,2022-07,Nova Scotia,Women,Rarely or never feels lonely,Percent,48.2
2318,2022-07,Nova Scotia,Women,Rarely or never feels lonely,Percent,62.9
2319,2022-07,Nova Scotia,Women,Rarely or never feels lonely,Number,242.0
2320,2022-07,Nova Scotia,Women,Rarely or never feels lonely,Number,209.0
2321,2022-07,Nova Scotia,Women,Rarely or never feels lonely,Number,274.0
2322,2022-07,New Brunswick,"Total, all persons",Always or often feels lonely,Percent,10.1
2323,2022-07,New Brunswick,"Total, all persons",Always or often feels lonely,Percent,7.1
2324,2022-07,New Brunswick,"Total, all persons",Always or often feels lonely,Percent,14.3
2325,2022-07,New Brunswick,"Total, all persons",Always or often feels lonely,Number,
2326,2022-07,New Brunswick,"Total, all persons",Always or often feels lonely,Number,
2327,2022-07,New Brunswick,"Total, all persons",Always or often feels lonely,Number,
2328,2022-07,New Brunswick,"Total, all persons",Sometimes feels lonely,Percent,31.7
2329,2022-07,New Brunswick,"Total, all persons",Sometimes feels lonely,Percent,27.1
2330,2022-07,New Brunswick,"Total, all persons",Sometimes feels lonely,Percent,36.8
2331,2022-07,New Brunswick,"Total, all persons",Sometimes feels lonely,Number,212.0
2332,2022-07,New Brunswick,"Total, all persons",Sometimes feels lonely,Number,180.0
2333,2022-07,New Brunswick,"Total, all persons",Sometimes feels lonely,Number,245.0
2334,2022-07,New Brunswick,"Total, all persons",Rarely or never feels lonely,Percent,58.1
2335,2022-07,New Brunswick,"Total, all persons",Rarely or never feels lonely,Percent,53.1
2336,2022-07,New Brunswick,"Total, all persons",Rarely or never feels lonely,Percent,63.1
2337,2022-07,New Brunswick,"Total, all persons",Rarely or never feels lonely,Number,389.0
2338,2022-07,New Brunswick,"Total, all persons",Rarely or never feels lonely,Number,356.0
2339,2022-07,New Brunswick,"Total, all persons",Rarely or never feels lonely,Number,423.0
2340,2022-07,New Brunswick,Men,Always or often feels lonely,Percent,12.2
2341,2022-07,New Brunswick,Men,Always or often feels lonely,Percent,7.3
2342,2022-07,New Brunswick,Men,Always or often feels lonely,Percent,19.6
2343,2022-07,New Brunswick,Men,Always or often feels lonely,Number,
2344,2022-07,New Brunswick,Men,Always or often feels lonely,Number,
2345,2022-07,New Brunswick,Men,Always or often feels lonely,Number,
2346,2022-07,New Brunswick,Men,Sometimes feels lonely,Percent,24.6
2347,2022-07,New Brunswick,Men,Sometimes feels lonely,Percent,17.9
2348,2022-07,New Brunswick,Men,Sometimes feels lonely,Percent,32.7
2349,2022-07,New Brunswick,Men,Sometimes feels lonely,Number,
2350,2022-07,New Brunswick,Men,Sometimes feels lonely,Number,
2351,2022-07,New Brunswick,Men,Sometimes feels lonely,Number,
2352,2022-07,New Brunswick,Men,Rarely or never feels lonely,Percent,63.3
2353,2022-07,New Brunswick,Men,Rarely or never feels lonely,Percent,54.8
2354,2022-07,New Brunswick,Men,Rarely or never feels lonely,Percent,71.0
2355,2022-07,New Brunswick,Men,Rarely or never feels lonely,Number,210.0
2356,2022-07,New Brunswick,Men,Rarely or never feels lonely,Number,183.0
2357,2022-07,New Brunswick,Men,Rarely or never feels lonely,Number,237.0
2358,2022-07,New Brunswick,Women,Always or often feels lonely,Percent,8.1
2359,2022-07,New Brunswick,Women,Always or often feels lonely,Percent,5.1
2360,2022-07,New Brunswick,Women,Always or often feels lonely,Percent,12.7
2361,2022-07,New Brunswick,Women,Always or often feels lonely,Number,
2362,2022-07,New Brunswick,Women,Always or often feels lonely,Number,
2363,2022-07,New Brunswick,Women,Always or often feels lonely,Number,
2364,2022-07,New Brunswick,Women,Sometimes feels lonely,Percent,38.8
2365,2022-07,New Brunswick,Women,Sometimes feels lonely,Percent,32.8
2366,2022-07,New Brunswick,Women,Sometimes feels lonely,Percent,45.2
2367,2022-07,New Brunswick,Women,Sometimes feels lonely,Number,131.0
2368,2022-07,New Brunswick,Women,Sometimes feels lonely,Number,110.0
2369,2022-07,New Brunswick,Women,Sometimes feels lonely,Number,152.0
2370,2022-07,New Brunswick,Women,Rarely or never feels lonely,Percent,53.1
2371,2022-07,New Brunswick,Women,Rarely or never feels lonely,Percent,47.0
2372,2022-07,New Brunswick,Women,Rarely or never feels lonely,Percent,59.1
2373,2022-07,New Brunswick,Women,Rarely or never feels lonely,Number,179.0
2374,2022-07,New Brunswick,Women,Rarely or never feels lonely,Number,159.0
2375,2022-07,New Brunswick,Women,Rarely or never feels lonely,Number,200.0
2376,2022-07,Quebec,"Total, all persons",Always or often feels lonely,Percent,11.5
2377,2022-07,Quebec,"Total, all persons",Always or often feels lonely,Percent,9.8
2378,2022-07,Quebec,"Total, all persons",Always or often feels lonely,Percent,13.5
2379,2022-07,Quebec,"Total, all persons",Always or often feels lonely,Number,824.0
2380,2022-07,Quebec,"Total, all persons",Always or often feels lonely,Number,690.0
2381,2022-07,Quebec,"Total, all persons",Always or often feels lonely,Number,959.0
2382,2022-07,Quebec,"Total, all persons",Sometimes feels lonely,Percent,31.5
2383,2022-07,Quebec,"Total, all persons",Sometimes feels lonely,Percent,28.8
2384,2022-07,Quebec,"Total, all persons",Sometimes feels lonely,Percent,34.3
2385,2022-07,Quebec,"Total, all persons",Sometimes feels lonely,Number,2258.0
2386,2022-07,Quebec,"Total, all persons",Sometimes feels lonely,Number,2064.0
2387,2022-07,Quebec,"Total, all persons",Sometimes feels lonely,Number,2452.0
2388,2022-07,Quebec,"Total, all persons",Rarely or never feels lonely,Percent,57.0
2389,2022-07,Quebec,"Total, all persons",Rarely or never feels lonely,Percent,54.2
2390,2022-07,Quebec,"Total, all persons",Rarely or never feels lonely,Percent,59.8
2391,2022-07,Quebec,"Total, all persons",Rarely or never feels lonely,Number,4087.0
2392,2022-07,Quebec,"Total, all persons",Rarely or never feels lonely,Number,3887.0
2393,2022-07,Quebec,"Total, all persons",Rarely or never feels lonely,Number,4288.0
2394,2022-07,Quebec,Men,Always or often feels lonely,Percent,10.3
2395,2022-07,Quebec,Men,Always or often feels lonely,Percent,7.9
2396,2022-07,Quebec,Men,Always or often feels lonely,Percent,13.4
2397,2022-07,Quebec,Men,Always or often feels lonely,Number,372.0
2398,2022-07,Quebec,Men,Always or often feels lonely,Number,271.0
2399,2022-07,Quebec,Men,Always or often feels lonely,Number,473.0
2400,2022-07,Quebec,Men,Sometimes feels lonely,Percent,31.1
2401,2022-07,Quebec,Men,Sometimes feels lonely,Percent,27.2
2402,2022-07,Quebec,Men,Sometimes feels lonely,Percent,35.2
2403,2022-07,Quebec,Men,Sometimes feels lonely,Number,1119.0
2404,2022-07,Quebec,Men,Sometimes feels lonely,Number,976.0
2405,2022-07,Quebec,Men,Sometimes feels lonely,Number,1263.0
2406,2022-07,Quebec,Men,Rarely or never feels lonely,Percent,58.6
2407,2022-07,Quebec,Men,Rarely or never feels lonely,Percent,54.4
2408,2022-07,Quebec,Men,Rarely or never feels lonely,Percent,62.7
2409,2022-07,Quebec,Men,Rarely or never feels lonely,Number,2112.0
2410,2022-07,Quebec,Men,Rarely or never feels lonely,Number,1965.0
2411,2022-07,Quebec,Men,Rarely or never feels lonely,Number,2259.0
2412,2022-07,Quebec,Women,Always or often feels lonely,Percent,12.7
2413,2022-07,Quebec,Women,Always or often feels lonely,Percent,10.5
2414,2022-07,Quebec,Women,Always or often feels lonely,Percent,15.3
2415,2022-07,Quebec,Women,Always or often feels lonely,Number,452.0
2416,2022-07,Quebec,Women,Always or often feels lonely,Number,367.0
2417,2022-07,Quebec,Women,Always or often feels lonely,Number,538.0
2418,2022-07,Quebec,Women,Sometimes feels lonely,Percent,31.9
2419,2022-07,Quebec,Women,Sometimes feels lonely,Percent,28.3
2420,2022-07,Quebec,Women,Sometimes feels lonely,Percent,35.8
2421,2022-07,Quebec,Women,Sometimes feels lonely,Number,1138.0
2422,2022-07,Quebec,Women,Sometimes feels lonely,Number,1002.0
2423,2022-07,Quebec,Women,Sometimes feels lonely,Number,1275.0
2424,2022-07,Quebec,Women,Rarely or never feels lonely,Percent,55.4
2425,2022-07,Quebec,Women,Rarely or never feels lonely,Percent,51.5
2426,2022-07,Quebec,Women,Rarely or never feels lonely,Percent,59.2
2427,2022-07,Quebec,Women,Rarely or never feels lonely,Number,1975.0
2428,2022-07,Quebec,Women,Rarely or never feels lonely,Number,1837.0
2429,2022-07,Quebec,Women,Rarely or never feels lonely,Number,2113.0
2430,2022-07,Ontario,"Total, all persons",Always or often feels lonely,Percent,12.7
2431,2022-07,Ontario,"Total, all persons",Always or often feels lonely,Percent,11.2
2432,2022-07,Ontario,"Total, all persons",Always or often feels lonely,Percent,14.3
2433,2022-07,Ontario,"Total, all persons",Always or often feels lonely,Number,1586.0
2434,2022-07,Ontario,"Total, all persons",Always or often feels lonely,Number,1392.0
2435,2022-07,Ontario,"Total, all persons",Always or often feels lonely,Number,1779.0
2436,2022-07,Ontario,"Total, all persons",Sometimes feels lonely,Percent,36.6
2437,2022-07,Ontario,"Total, all persons",Sometimes feels lonely,Percent,34.4
2438,2022-07,Ontario,"Total, all persons",Sometimes feels lonely,Percent,38.9
2439,2022-07,Ontario,"Total, all persons",Sometimes feels lonely,Number,4573.0
2440,2022-07,Ontario,"Total, all persons",Sometimes feels lonely,Number,4295.0
2441,2022-07,Ontario,"Total, all persons",Sometimes feels lonely,Number,4851.0
2442,2022-07,Ontario,"Total, all persons",Rarely or never feels lonely,Percent,50.7
2443,2022-07,Ontario,"Total, all persons",Rarely or never feels lonely,Percent,48.4
2444,2022-07,Ontario,"Total, all persons",Rarely or never feels lonely,Percent,53.0
2445,2022-07,Ontario,"Total, all persons",Rarely or never feels lonely,Number,6338.0
2446,2022-07,Ontario,"Total, all persons",Rarely or never feels lonely,Number,6049.0
2447,2022-07,Ontario,"Total, all persons",Rarely or never feels lonely,Number,6627.0
2448,2022-07,Ontario,Men,Always or often feels lonely,Percent,10.7
2449,2022-07,Ontario,Men,Always or often feels lonely,Percent,8.8
2450,2022-07,Ontario,Men,Always or often feels lonely,Percent,13.1
2451,2022-07,Ontario,Men,Always or often feels lonely,Number,661.0
2452,2022-07,Ontario,Men,Always or often feels lonely,Number,528.0
2453,2022-07,Ontario,Men,Always or often feels lonely,Number,795.0
2454,2022-07,Ontario,Men,Sometimes feels lonely,Percent,34.4
2455,2022-07,Ontario,Men,Sometimes feels lonely,Percent,31.1
2456,2022-07,Ontario,Men,Sometimes feels lonely,Percent,37.9
2457,2022-07,Ontario,Men,Sometimes feels lonely,Number,2120.0
2458,2022-07,Ontario,Men,Sometimes feels lonely,Number,1911.0
2459,2022-07,Ontario,Men,Sometimes feels lonely,Number,2330.0
2460,2022-07,Ontario,Men,Rarely or never feels lonely,Percent,54.8
2461,2022-07,Ontario,Men,Rarely or never feels lonely,Percent,51.2
2462,2022-07,Ontario,Men,Rarely or never feels lonely,Percent,58.4
2463,2022-07,Ontario,Men,Rarely or never feels lonely,Number,3376.0
2464,2022-07,Ontario,Men,Rarely or never feels lonely,Number,3155.0
2465,2022-07,Ontario,Men,Rarely or never feels lonely,Number,3597.0
2466,2022-07,Ontario,Women,Always or often feels lonely,Percent,14.6
2467,2022-07,Ontario,Women,Always or often feels lonely,Percent,12.4
2468,2022-07,Ontario,Women,Always or often feels lonely,Percent,17.0
2469,2022-07,Ontario,Women,Always or often feels lonely,Number,924.0
2470,2022-07,Ontario,Women,Always or often feels lonely,Number,777.0
2471,2022-07,Ontario,Women,Always or often feels lonely,Number,1072.0
2472,2022-07,Ontario,Women,Sometimes feels lonely,Percent,38.7
2473,2022-07,Ontario,Women,Sometimes feels lonely,Percent,35.7
2474,2022-07,Ontario,Women,Sometimes feels lonely,Percent,41.7
2475,2022-07,Ontario,Women,Sometimes feels lonely,Number,2453.0
2476,2022-07,Ontario,Women,Sometimes feels lonely,Number,2262.0
2477,2022-07,Ontario,Women,Sometimes feels lonely,Number,2643.0
2478,2022-07,Ontario,Women,Rarely or never feels lonely,Percent,46.7
2479,2022-07,Ontario,Women,Rarely or never feels lonely,Percent,43.6
2480,2022-07,Ontario,Women,Rarely or never feels lonely,Percent,49.9
2481,2022-07,Ontario,Women,Rarely or never feels lonely,Number,2962.0
2482,2022-07,Ontario,Women,Rarely or never feels lonely,Number,2762.0
2483,2022-07,Ontario,Women,Rarely or never feels lonely,Number,3161.0
2484,2022-07,Manitoba,"Total, all persons",Always or often feels lonely,Percent,16.1
2485,2022-07,Manitoba,"Total, all persons",Always or often feels lonely,Percent,12.3
2486,2022-07,Manitoba,"Total, all persons",Always or often feels lonely,Percent,20.6
2487,2022-07,Manitoba,"Total, all persons",Always or often feels lonely,Number,171.0
2488,2022-07,Manitoba,"Total, all persons",Always or often feels lonely,Number,127.0
2489,2022-07,Manitoba,"Total, all persons",Always or often feels lonely,Number,215.0
2490,2022-07,Manitoba,"Total, all persons",Sometimes feels lonely,Percent,30.2
2491,2022-07,Manitoba,"Total, all persons",Sometimes feels lonely,Percent,25.3
2492,2022-07,Manitoba,"Total, all persons",Sometimes feels lonely,Percent,35.6
2493,2022-07,Manitoba,"Total, all persons",Sometimes feels lonely,Number,321.0
2494,2022-07,Manitoba,"Total, all persons",Sometimes feels lonely,Number,267.0
2495,2022-07,Manitoba,"Total, all persons",Sometimes feels lonely,Number,376.0
2496,2022-07,Manitoba,"Total, all persons",Rarely or never feels lonely,Percent,53.7
2497,2022-07,Manitoba,"Total, all persons",Rarely or never feels lonely,Percent,48.4
2498,2022-07,Manitoba,"Total, all persons",Rarely or never feels lonely,Percent,59.0
2499,2022-07,Manitoba,"Total, all persons",Rarely or never feels lonely,Number,572.0
2500,2022-07,Manitoba,"Total, all persons",Rarely or never feels lonely,Number,516.0
2501,2022-07,Manitoba,"Total, all persons",Rarely or never feels lonely,Number,628.0
2502,2022-07,Manitoba,Men,Always or often feels lonely,Percent,11.2
2503,2022-07,Manitoba,Men,Always or often feels lonely,Percent,7.1
2504,2022-07,Manitoba,Men,Always or often feels lonely,Percent,17.2
2505,2022-07,Manitoba,Men,Always or often feels lonely,Number,
2506,2022-07,Manitoba,Men,Always or often feels lonely,Number,
2507,2022-07,Manitoba,Men,Always or often feels lonely,Number,
2508,2022-07,Manitoba,Men,Sometimes feels lonely,Percent,24.1
2509,2022-07,Manitoba,Men,Sometimes feels lonely,Percent,17.8
2510,2022-07,Manitoba,Men,Sometimes feels lonely,Percent,31.7
2511,2022-07,Manitoba,Men,Sometimes feels lonely,Number,
2512,2022-07,Manitoba,Men,Sometimes feels lonely,Number,
2513,2022-07,Manitoba,Men,Sometimes feels lonely,Number,
2514,2022-07,Manitoba,Men,Rarely or never feels lonely,Percent,64.7
2515,2022-07,Manitoba,Men,Rarely or never feels lonely,Percent,56.9
2516,2022-07,Manitoba,Men,Rarely or never feels lonely,Percent,71.9
2517,2022-07,Manitoba,Men,Rarely or never feels lonely,Number,343.0
2518,2022-07,Manitoba,Men,Rarely or never feels lonely,Number,303.0
2519,2022-07,Manitoba,Men,Rarely or never feels lonely,Number,383.0
2520,2022-07,Manitoba,Women,Always or often feels lonely,Percent,20.9
2521,2022-07,Manitoba,Women,Always or often feels lonely,Percent,15.0
2522,2022-07,Manitoba,Women,Always or often feels lonely,Percent,28.4
2523,2022-07,Manitoba,Women,Always or often feels lonely,Number,
2524,2022-07,Manitoba,Women,Always or often feels lonely,Number,
2525,2022-07,Manitoba,Women,Always or often feels lonely,Number,
2526,2022-07,Manitoba,Women,Sometimes feels lonely,Percent,36.3
2527,2022-07,Manitoba,Women,Sometimes feels lonely,Percent,29.2
2528,2022-07,Manitoba,Women,Sometimes feels lonely,Percent,43.9
2529,2022-07,Manitoba,Women,Sometimes feels lonely,Number,194.0
2530,2022-07,Manitoba,Women,Sometimes feels lonely,Number,154.0
2531,2022-07,Manitoba,Women,Sometimes feels lonely,Number,234.0
2532,2022-07,Manitoba,Women,Rarely or never feels lonely,Percent,42.8
2533,2022-07,Manitoba,Women,Rarely or never feels lonely,Percent,35.6
2534,2022-07,Manitoba,Women,Rarely or never feels lonely,Percent,50.4
2535,2022-07,Manitoba,Women,Rarely or never feels lonely,Number,229.0
2536,2022-07,Manitoba,Women,Rarely or never feels lonely,Number,189.0
2537,2022-07,Manitoba,Women,Rarely or never feels lonely,Number,269.0
2538,2022-07,Saskatchewan,"Total, all persons",Always or often feels lonely,Percent,13.0
2539,2022-07,Saskatchewan,"Total, all persons",Always or often feels lonely,Percent,9.1
2540,2022-07,Saskatchewan,"Total, all persons",Always or often feels lonely,Percent,18.3
2541,2022-07,Saskatchewan,"Total, all persons",Always or often feels lonely,Number,117.0
2542,2022-07,Saskatchewan,"Total, all persons",Always or often feels lonely,Number,76.0
2543,2022-07,Saskatchewan,"Total, all persons",Always or often feels lonely,Number,158.0
2544,2022-07,Saskatchewan,"Total, all persons",Sometimes feels lonely,Percent,31.9
2545,2022-07,Saskatchewan,"Total, all persons",Sometimes feels lonely,Percent,26.6
2546,2022-07,Saskatchewan,"Total, all persons",Sometimes feels lonely,Percent,37.7
2547,2022-07,Saskatchewan,"Total, all persons",Sometimes feels lonely,Number,287.0
2548,2022-07,Saskatchewan,"Total, all persons",Sometimes feels lonely,Number,237.0
2549,2022-07,Saskatchewan,"Total, all persons",Sometimes feels lonely,Number,337.0
2550,2022-07,Saskatchewan,"Total, all persons",Rarely or never feels lonely,Percent,55.1
2551,2022-07,Saskatchewan,"Total, all persons",Rarely or never feels lonely,Percent,50.1
2552,2022-07,Saskatchewan,"Total, all persons",Rarely or never feels lonely,Percent,60.1
2553,2022-07,Saskatchewan,"Total, all persons",Rarely or never feels lonely,Number,496.0
2554,2022-07,Saskatchewan,"Total, all persons",Rarely or never feels lonely,Number,451.0
2555,2022-07,Saskatchewan,"Total, all persons",Rarely or never feels lonely,Number,541.0
2556,2022-07,Saskatchewan,Men,Always or often feels lonely,Percent,11.3
2557,2022-07,Saskatchewan,Men,Always or often feels lonely,Percent,5.9
2558,2022-07,Saskatchewan,Men,Always or often feels lonely,Percent,20.6
2559,2022-07,Saskatchewan,Men,Always or often feels lonely,Number,
2560,2022-07,Saskatchewan,Men,Always or often feels lonely,Number,
2561,2022-07,Saskatchewan,Men,Always or often feels lonely,Number,
2562,2022-07,Saskatchewan,Men,Sometimes feels lonely,Percent,27.6
2563,2022-07,Saskatchewan,Men,Sometimes feels lonely,Percent,20.3
2564,2022-07,Saskatchewan,Men,Sometimes feels lonely,Percent,36.4
2565,2022-07,Saskatchewan,Men,Sometimes feels lonely,Number,121.0
2566,2022-07,Saskatchewan,Men,Sometimes feels lonely,Number,82.0
2567,2022-07,Saskatchewan,Men,Sometimes feels lonely,Number,160.0
2568,2022-07,Saskatchewan,Men,Rarely or never feels lonely,Percent,61.1
2569,2022-07,Saskatchewan,Men,Rarely or never feels lonely,Percent,53.0
2570,2022-07,Saskatchewan,Men,Rarely or never feels lonely,Percent,68.6
2571,2022-07,Saskatchewan,Men,Rarely or never feels lonely,Number,267.0
2572,2022-07,Saskatchewan,Men,Rarely or never feels lonely,Number,236.0
2573,2022-07,Saskatchewan,Men,Rarely or never feels lonely,Number,298.0
2574,2022-07,Saskatchewan,Women,Always or often feels lonely,Percent,14.7
2575,2022-07,Saskatchewan,Women,Always or often feels lonely,Percent,9.9
2576,2022-07,Saskatchewan,Women,Always or often feels lonely,Percent,21.1
2577,2022-07,Saskatchewan,Women,Always or often feels lonely,Number,
2578,2022-07,Saskatchewan,Women,Always or often feels lonely,Number,
2579,2022-07,Saskatchewan,Women,Always or often feels lonely,Number,
2580,2022-07,Saskatchewan,Women,Sometimes feels lonely,Percent,35.9
2581,2022-07,Saskatchewan,Women,Sometimes feels lonely,Percent,28.3
2582,2022-07,Saskatchewan,Women,Sometimes feels lonely,Percent,44.3
2583,2022-07,Saskatchewan,Women,Sometimes feels lonely,Number,166.0
2584,2022-07,Saskatchewan,Women,Sometimes feels lonely,Number,120.0
2585,2022-07,Saskatchewan,Women,Sometimes feels lonely,Number,211.0
2586,2022-07,Saskatchewan,Women,Rarely or never feels lonely,Percent,49.5
2587,2022-07,Saskatchewan,Women,Rarely or never feels lonely,Percent,41.4
2588,2022-07,Saskatchewan,Women,Rarely or never feels lonely,Percent,57.5
2589,2022-07,Saskatchewan,Women,Rarely or never feels lonely,Number,229.0
2590,2022-07,Saskatchewan,Women,Rarely or never feels lonely,Number,195.0
2591,2022-07,Saskatchewan,Women,Rarely or never feels lonely,Number,262.0
2592,2022-07,Alberta,"Total, all persons",Always or often feels lonely,Percent,15.3
2593,2022-07,Alberta,"Total, all persons",Always or often feels lonely,Percent,12.8
2594,2022-07,Alberta,"Total, all persons",Always or often feels lonely,Percent,18.1
2595,2022-07,Alberta,"Total, all persons",Always or often feels lonely,Number,554.0
2596,2022-07,Alberta,"Total, all persons",Always or often feels lonely,Number,456.0
2597,2022-07,Alberta,"Total, all persons",Always or often feels lonely,Number,651.0
2598,2022-07,Alberta,"Total, all persons",Sometimes feels lonely,Percent,33.5
2599,2022-07,Alberta,"Total, all persons",Sometimes feels lonely,Percent,30.0
2600,2022-07,Alberta,"Total, all persons",Sometimes feels lonely,Percent,37.2
2601,2022-07,Alberta,"Total, all persons",Sometimes feels lonely,Number,1217.0
2602,2022-07,Alberta,"Total, all persons",Sometimes feels lonely,Number,1087.0
2603,2022-07,Alberta,"Total, all persons",Sometimes feels lonely,Number,1348.0
2604,2022-07,Alberta,"Total, all persons",Rarely or never feels lonely,Percent,51.2
2605,2022-07,Alberta,"Total, all persons",Rarely or never feels lonely,Percent,47.4
2606,2022-07,Alberta,"Total, all persons",Rarely or never feels lonely,Percent,55.0
2607,2022-07,Alberta,"Total, all persons",Rarely or never feels lonely,Number,1858.0
2608,2022-07,Alberta,"Total, all persons",Rarely or never feels lonely,Number,1720.0
2609,2022-07,Alberta,"Total, all persons",Rarely or never feels lonely,Number,1997.0
2610,2022-07,Alberta,Men,Always or often feels lonely,Percent,12.1
2611,2022-07,Alberta,Men,Always or often feels lonely,Percent,8.8
2612,2022-07,Alberta,Men,Always or often feels lonely,Percent,16.4
2613,2022-07,Alberta,Men,Always or often feels lonely,Number,
2614,2022-07,Alberta,Men,Always or often feels lonely,Number,
2615,2022-07,Alberta,Men,Always or often feels lonely,Number,
2616,2022-07,Alberta,Men,Sometimes feels lonely,Percent,27.2
2617,2022-07,Alberta,Men,Sometimes feels lonely,Percent,22.5
2618,2022-07,Alberta,Men,Sometimes feels lonely,Percent,32.6
2619,2022-07,Alberta,Men,Sometimes feels lonely,Number,494.0
2620,2022-07,Alberta,Men,Sometimes feels lonely,Number,402.0
2621,2022-07,Alberta,Men,Sometimes feels lonely,Number,586.0
2622,2022-07,Alberta,Men,Rarely or never feels lonely,Percent,60.7
2623,2022-07,Alberta,Men,Rarely or never feels lonely,Percent,54.9
2624,2022-07,Alberta,Men,Rarely or never feels lonely,Percent,66.1
2625,2022-07,Alberta,Men,Rarely or never feels lonely,Number,1100.0
2626,2022-07,Alberta,Men,Rarely or never feels lonely,Number,998.0
2627,2022-07,Alberta,Men,Rarely or never feels lonely,Number,1201.0
2628,2022-07,Alberta,Women,Always or often feels lonely,Percent,18.4
2629,2022-07,Alberta,Women,Always or often feels lonely,Percent,14.6
2630,2022-07,Alberta,Women,Always or often feels lonely,Percent,22.9
2631,2022-07,Alberta,Women,Always or often feels lonely,Number,334.0
2632,2022-07,Alberta,Women,Always or often feels lonely,Number,259.0
2633,2022-07,Alberta,Women,Always or often feels lonely,Number,410.0
2634,2022-07,Alberta,Women,Sometimes feels lonely,Percent,39.8
2635,2022-07,Alberta,Women,Sometimes feels lonely,Percent,34.8
2636,2022-07,Alberta,Women,Sometimes feels lonely,Percent,45.1
2637,2022-07,Alberta,Women,Sometimes feels lonely,Number,723.0
2638,2022-07,Alberta,Women,Sometimes feels lonely,Number,630.0
2639,2022-07,Alberta,Women,Sometimes feels lonely,Number,817.0
2640,2022-07,Alberta,Women,Rarely or never feels lonely,Percent,41.8
2641,2022-07,Alberta,Women,Rarely or never feels lonely,Percent,36.6
2642,2022-07,Alberta,Women,Rarely or never feels lonely,Percent,47.1
2643,2022-07,Alberta,Women,Rarely or never feels lonely,Number,759.0
2644,2022-07,Alberta,Women,Rarely or never feels lonely,Number,664.0
2645,2022-07,Alberta,Women,Rarely or never feels lonely,Number,854.0
2646,2022-07,British Columbia,"Total, all persons",Always or often feels lonely,Percent,12.0
2647,2022-07,British Columbia,"Total, all persons",Always or often feels lonely,Percent,9.6
2648,2022-07,British Columbia,"Total, all persons",Always or often feels lonely,Percent,14.8
2649,2022-07,British Columbia,"Total, all persons",Always or often feels lonely,Number,530.0
2650,2022-07,British Columbia,"Total, all persons",Always or often feels lonely,Number,415.0
2651,2022-07,British Columbia,"Total, all persons",Always or often feels lonely,Number,644.0
2652,2022-07,British Columbia,"Total, all persons",Sometimes feels lonely,Percent,35.0
2653,2022-07,British Columbia,"Total, all persons",Sometimes feels lonely,Percent,31.6
2654,2022-07,British Columbia,"Total, all persons",Sometimes feels lonely,Percent,38.6
2655,2022-07,British Columbia,"Total, all persons",Sometimes feels lonely,Number,1549.0
2656,2022-07,British Columbia,"Total, all persons",Sometimes feels lonely,Number,1394.0
2657,2022-07,British Columbia,"Total, all persons",Sometimes feels lonely,Number,1705.0
2658,2022-07,British Columbia,"Total, all persons",Rarely or never feels lonely,Percent,53.0
2659,2022-07,British Columbia,"Total, all persons",Rarely or never feels lonely,Percent,49.4
2660,2022-07,British Columbia,"Total, all persons",Rarely or never feels lonely,Percent,56.7
2661,2022-07,British Columbia,"Total, all persons",Rarely or never feels lonely,Number,2349.0
2662,2022-07,British Columbia,"Total, all persons",Rarely or never feels lonely,Number,2186.0
2663,2022-07,British Columbia,"Total, all persons",Rarely or never feels lonely,Number,2512.0
2664,2022-07,British Columbia,Men,Always or often feels lonely,Percent,12.6
2665,2022-07,British Columbia,Men,Always or often feels lonely,Percent,9.0
2666,2022-07,British Columbia,Men,Always or often feels lonely,Percent,17.5
2667,2022-07,British Columbia,Men,Always or often feels lonely,Number,
2668,2022-07,British Columbia,Men,Always or often feels lonely,Number,
2669,2022-07,British Columbia,Men,Always or often feels lonely,Number,
2670,2022-07,British Columbia,Men,Sometimes feels lonely,Percent,30.6
2671,2022-07,British Columbia,Men,Sometimes feels lonely,Percent,25.9
2672,2022-07,British Columbia,Men,Sometimes feels lonely,Percent,35.7
2673,2022-07,British Columbia,Men,Sometimes feels lonely,Number,676.0
2674,2022-07,British Columbia,Men,Sometimes feels lonely,Number,561.0
2675,2022-07,British Columbia,Men,Sometimes feels lonely,Number,790.0
2676,2022-07,British Columbia,Men,Rarely or never feels lonely,Percent,56.8
2677,2022-07,British Columbia,Men,Rarely or never feels lonely,Percent,51.3
2678,2022-07,British Columbia,Men,Rarely or never feels lonely,Percent,62.2
2679,2022-07,British Columbia,Men,Rarely or never feels lonely,Number,1255.0
2680,2022-07,British Columbia,Men,Rarely or never feels lonely,Number,1136.0
2681,2022-07,British Columbia,Men,Rarely or never feels lonely,Number,1375.0
2682,2022-07,British Columbia,Women,Always or often feels lonely,Percent,11.3
2683,2022-07,British Columbia,Women,Always or often feels lonely,Percent,8.4
2684,2022-07,British Columbia,Women,Always or often feels lonely,Percent,15.0
2685,2022-07,British Columbia,Women,Always or often feels lonely,Number,250.0
2686,2022-07,British Columbia,Women,Always or often feels lonely,Number,177.0
2687,2022-07,British Columbia,Women,Always or often feels lonely,Number,324.0
2688,2022-07,British Columbia,Women,Sometimes feels lonely,Percent,39.4
2689,2022-07,British Columbia,Women,Sometimes feels lonely,Percent,34.5
2690,2022-07,British Columbia,Women,Sometimes feels lonely,Percent,44.6
2691,2022-07,British Columbia,Women,Sometimes feels lonely,Number,874.0
2692,2022-07,British Columbia,Women,Sometimes feels lonely,Number,758.0
2693,2022-07,British Columbia,Women,Sometimes feels lonely,Number,989.0
2694,2022-07,British Columbia,Women,Rarely or never feels lonely,Percent,49.3
2695,2022-07,British Columbia,Women,Rarely or never feels lonely,Percent,44.2
2696,2022-07,British Columbia,Women,Rarely or never feels lonely,Percent,54.4
2697,2022-07,British Columbia,Women,Rarely or never feels lonely,Number,1094.0
2698,2022-07,British Columbia,Women,Rarely or never feels lonely,Number,977.0
2699,2022-07,British Columbia,Women,Rarely or never feels lonely,Number,1210.0
2700,2022-10,Newfoundland and Labrador,"Total, all persons",Always or often feels lonely,Percent,13.8
2701,2022-10,Newfoundland and Labrador,"Total, all persons",Always or often feels lonely,Percent,10.6
2702,2022-10,Newfoundland and Labrador,"Total, all persons",Always or often feels lonely,Percent,17.6
2703,2022-10,Newfoundland and Labrador,"Total, all persons",Always or often feels lonely,Number,
2704,2022-10,Newfoundland and Labrador,"Total, all persons",Always or often feels lonely,Number,
2705,2022-10,Newfoundland and Labrador,"Total, all persons",Always or often feels lonely,Number,
2706,2022-10,Newfoundland and Labrador,"Total, all persons",Sometimes feels lonely,Percent,33.8
2707,2022-10,Newfoundland and Labrador,"Total, all persons",Sometimes feels lonely,Percent,29.4
2708,2022-10,Newfoundland and Labrador,"Total, all persons",Sometimes feels lonely,Percent,38.6
2709,2022-10,Newfoundland and Labrador,"Total, all persons",Sometimes feels lonely,Number,152.0
2710,2022-10,Newfoundland and Labrador,"Total, all persons",Sometimes feels lonely,Number,131.0
2711,2022-10,Newfoundland and Labrador,"Total, all persons",Sometimes feels lonely,Number,173.0
2712,2022-10,Newfoundland and Labrador,"Total, all persons",Rarely or never feels lonely,Percent,52.4
2713,2022-10,Newfoundland and Labrador,"Total, all persons",Rarely or never feels lonely,Percent,47.3
2714,2022-10,Newfoundland and Labrador,"Total, all persons",Rarely or never feels lonely,Percent,57.5
2715,2022-10,Newfoundland and Labrador,"Total, all persons",Rarely or never feels lonely,Number,235.0
2716,2022-10,Newfoundland and Labrador,"Total, all persons",Rarely or never feels lonely,Number,212.0
2717,2022-10,Newfoundland and Labrador,"Total, all persons",Rarely or never feels lonely,Number,259.0
2718,2022-10,Newfoundland and Labrador,Men,Always or often feels lonely,Percent,18.0
2719,2022-10,Newfoundland and Labrador,Men,Always or often feels lonely,Percent,12.7
2720,2022-10,Newfoundland and Labrador,Men,Always or often feels lonely,Percent,24.8
2721,2022-10,Newfoundland and Labrador,Men,Always or often feels lonely,Number,
2722,2022-10,Newfoundland and Labrador,Men,Always or often feels lonely,Number,
2723,2022-10,Newfoundland and Labrador,Men,Always or often feels lonely,Number,
2724,2022-10,Newfoundland and Labrador,Men,Sometimes feels lonely,Percent,23.2
2725,2022-10,Newfoundland and Labrador,Men,Sometimes feels lonely,Percent,17.7
2726,2022-10,Newfoundland and Labrador,Men,Sometimes feels lonely,Percent,29.9
2727,2022-10,Newfoundland and Labrador,Men,Sometimes feels lonely,Number,51.0
2728,2022-10,Newfoundland and Labrador,Men,Sometimes feels lonely,Number,38.0
2729,2022-10,Newfoundland and Labrador,Men,Sometimes feels lonely,Number,65.0
2730,2022-10,Newfoundland and Labrador,Men,Rarely or never feels lonely,Percent,58.8
2731,2022-10,Newfoundland and Labrador,Men,Rarely or never feels lonely,Percent,51.0
2732,2022-10,Newfoundland and Labrador,Men,Rarely or never feels lonely,Percent,66.1
2733,2022-10,Newfoundland and Labrador,Men,Rarely or never feels lonely,Number,130.0
2734,2022-10,Newfoundland and Labrador,Men,Rarely or never feels lonely,Number,113.0
2735,2022-10,Newfoundland and Labrador,Men,Rarely or never feels lonely,Number,147.0
2736,2022-10,Newfoundland and Labrador,Women,Always or often feels lonely,Percent,9.6
2737,2022-10,Newfoundland and Labrador,Women,Always or often feels lonely,Percent,6.7
2738,2022-10,Newfoundland and Labrador,Women,Always or often feels lonely,Percent,13.7
2739,2022-10,Newfoundland and Labrador,Women,Always or often feels lonely,Number,
2740,2022-10,Newfoundland and Labrador,Women,Always or often feels lonely,Number,
2741,2022-10,Newfoundland and Labrador,Women,Always or often feels lonely,Number,
2742,2022-10,Newfoundland and Labrador,Women,Sometimes feels lonely,Percent,44.1
2743,2022-10,Newfoundland and Labrador,Women,Sometimes feels lonely,Percent,37.6
2744,2022-10,Newfoundland and Labrador,Women,Sometimes feels lonely,Percent,50.8
2745,2022-10,Newfoundland and Labrador,Women,Sometimes feels lonely,Number,101.0
2746,2022-10,Newfoundland and Labrador,Women,Sometimes feels lonely,Number,86.0
2747,2022-10,Newfoundland and Labrador,Women,Sometimes feels lonely,Number,116.0
2748,2022-10,Newfoundland and Labrador,Women,Rarely or never feels lonely,Percent,46.3
2749,2022-10,Newfoundland and Labrador,Women,Rarely or never feels lonely,Percent,39.7
2750,2022-10,Newfoundland and Labrador,Women,Rarely or never feels lonely,Percent,53.0
2751,2022-10,Newfoundland and Labrador,Women,Rarely or never feels lonely,Number,106.0
2752,2022-10,Newfoundland and Labrador,Women,Rarely or never feels lonely,Number,90.0
2753,2022-10,Newfoundland and Labrador,Women,Rarely or never feels lonely,Number,121.0
2754,2022-10,Prince Edward Island,"Total, all persons",Always or often feels lonely,Percent,12.3
2755,2022-10,Prince Edward Island,"Total, all persons",Always or often feels lonely,Percent,8.4
2756,2022-10,Prince Edward Island,"Total, all persons",Always or often feels lonely,Percent,17.5
2757,2022-10,Prince Edward Island,"Total, all persons",Always or often feels lonely,Number,
2758,2022-10,Prince Edward Island,"Total, all persons",Always or often feels lonely,Number,
2759,2022-10,Prince Edward Island,"Total, all persons",Always or often feels lonely,Number,
2760,2022-10,Prince Edward Island,"Total, all persons",Sometimes feels lonely,Percent,35.6
2761,2022-10,Prince Edward Island,"Total, all persons",Sometimes feels lonely,Percent,29.3
2762,2022-10,Prince Edward Island,"Total, all persons",Sometimes feels lonely,Percent,42.4
2763,2022-10,Prince Edward Island,"Total, all persons",Sometimes feels lonely,Number,50.0
2764,2022-10,Prince Edward Island,"Total, all persons",Sometimes feels lonely,Number,41.0
2765,2022-10,Prince Edward Island,"Total, all persons",Sometimes feels lonely,Number,59.0
2766,2022-10,Prince Edward Island,"Total, all persons",Rarely or never feels lonely,Percent,52.1
2767,2022-10,Prince Edward Island,"Total, all persons",Rarely or never feels lonely,Percent,45.2
2768,2022-10,Prince Edward Island,"Total, all persons",Rarely or never feels lonely,Percent,59.0
2769,2022-10,Prince Edward Island,"Total, all persons",Rarely or never feels lonely,Number,73.0
2770,2022-10,Prince Edward Island,"Total, all persons",Rarely or never feels lonely,Number,63.0
2771,2022-10,Prince Edward Island,"Total, all persons",Rarely or never feels lonely,Number,83.0
2772,2022-10,Prince Edward Island,Men,Always or often feels lonely,Percent,13.4
2773,2022-10,Prince Edward Island,Men,Always or often feels lonely,Percent,7.5
2774,2022-10,Prince Edward Island,Men,Always or often feels lonely,Percent,22.9
2775,2022-10,Prince Edward Island,Men,Always or often feels lonely,Number,
2776,2022-10,Prince Edward Island,Men,Always or often feels lonely,Number,
2777,2022-10,Prince Edward Island,Men,Always or often feels lonely,Number,
2778,2022-10,Prince Edward Island,Men,Sometimes feels lonely,Percent,29.5
2779,2022-10,Prince Edward Island,Men,Sometimes feels lonely,Percent,20.3
2780,2022-10,Prince Edward Island,Men,Sometimes feels lonely,Percent,40.7
2781,2022-10,Prince Edward Island,Men,Sometimes feels lonely,Number,
2782,2022-10,Prince Edward Island,Men,Sometimes feels lonely,Number,
2783,2022-10,Prince Edward Island,Men,Sometimes feels lonely,Number,
2784,2022-10,Prince Edward Island,Men,Rarely or never feels lonely,Percent,57.1
2785,2022-10,Prince Edward Island,Men,Rarely or never feels lonely,Percent,46.2
2786,2022-10,Prince Edward Island,Men,Rarely or never feels lonely,Percent,67.4
2787,2022-10,Prince Edward Island,Men,Rarely or never feels lonely,Number,40.0
2788,2022-10,Prince Edward Island,Men,Rarely or never feels lonely,Number,32.0
2789,2022-10,Prince Edward Island,Men,Rarely or never feels lonely,Number,48.0
2790,2022-10,Prince Edward Island,Women,Always or often feels lonely,Percent,11.1
2791,2022-10,Prince Edward Island,Women,Always or often feels lonely,Percent,7.2
2792,2022-10,Prince Edward Island,Women,Always or often feels lonely,Percent,16.8
2793,2022-10,Prince Edward Island,Women,Always or often feels lonely,Number,
2794,2022-10,Prince Edward Island,Women,Always or often feels lonely,Number,
2795,2022-10,Prince Edward Island,Women,Always or often feels lonely,Number,
2796,2022-10,Prince Edward Island,Women,Sometimes feels lonely,Percent,41.7
2797,2022-10,Prince Edward Island,Women,Sometimes feels lonely,Percent,33.6
2798,2022-10,Prince Edward Island,Women,Sometimes feels lonely,Percent,50.3
2799,2022-10,Prince Edward Island,Women,Sometimes feels lonely,Number,29.0
2800,2022-10,Prince Edward Island,Women,Sometimes feels lonely,Number,23.0
2801,2022-10,Prince Edward Island,Women,Sometimes feels lonely,Number,35.0
2802,2022-10,Prince Edward Island,Women,Rarely or never feels lonely,Percent,47.1
2803,2022-10,Prince Edward Island,Women,Rarely or never feels lonely,Percent,38.6
2804,2022-10,Prince Edward Island,Women,Rarely or never feels lonely,Percent,55.8
2805,2022-10,Prince Edward Island,Women,Rarely or never feels lonely,Number,33.0
2806,2022-10,Prince Edward Island,Women,Rarely or never feels lonely,Number,27.0
2807,2022-10,Prince Edward Island,Women,Rarely or never feels lonely,Number,39.0
2808,2022-10,Nova Scotia,"Total, all persons",Always or often feels lonely,Percent,14.7
2809,2022-10,Nova Scotia,"Total, all persons",Always or often feels lonely,Percent,11.2
2810,2022-10,Nova Scotia,"Total, all persons",Always or often feels lonely,Percent,19.1
2811,2022-10,Nova Scotia,"Total, all persons",Always or often feels lonely,Number,126.0
2812,2022-10,Nova Scotia,"Total, all persons",Always or often feels lonely,Number,92.0
2813,2022-10,Nova Scotia,"Total, all persons",Always or often feels lonely,Number,159.0
2814,2022-10,Nova Scotia,"Total, all persons",Sometimes feels lonely,Percent,32.2
2815,2022-10,Nova Scotia,"Total, all persons",Sometimes feels lonely,Percent,27.5
2816,2022-10,Nova Scotia,"Total, all persons",Sometimes feels lonely,Percent,37.3
2817,2022-10,Nova Scotia,"Total, all persons",Sometimes feels lonely,Number,275.0
2818,2022-10,Nova Scotia,"Total, all persons",Sometimes feels lonely,Number,233.0
2819,2022-10,Nova Scotia,"Total, all persons",Sometimes feels lonely,Number,317.0
2820,2022-10,Nova Scotia,"Total, all persons",Rarely or never feels lonely,Percent,53.1
2821,2022-10,Nova Scotia,"Total, all persons",Rarely or never feels lonely,Percent,47.7
2822,2022-10,Nova Scotia,"Total, all persons",Rarely or never feels lonely,Percent,58.4
2823,2022-10,Nova Scotia,"Total, all persons",Rarely or never feels lonely,Number,453.0
2824,2022-10,Nova Scotia,"Total, all persons",Rarely or never feels lonely,Number,408.0
2825,2022-10,Nova Scotia,"Total, all persons",Rarely or never feels lonely,Number,499.0
2826,2022-10,Nova Scotia,Men,Always or often feels lonely,Percent,14.3
2827,2022-10,Nova Scotia,Men,Always or often feels lonely,Percent,9.0
2828,2022-10,Nova Scotia,Men,Always or often feels lonely,Percent,22.1
2829,2022-10,Nova Scotia,Men,Always or often feels lonely,Number,
2830,2022-10,Nova Scotia,Men,Always or often feels lonely,Number,
2831,2022-10,Nova Scotia,Men,Always or often feels lonely,Number,
2832,2022-10,Nova Scotia,Men,Sometimes feels lonely,Percent,25.6
2833,2022-10,Nova Scotia,Men,Sometimes feels lonely,Percent,19.2
2834,2022-10,Nova Scotia,Men,Sometimes feels lonely,Percent,33.2
2835,2022-10,Nova Scotia,Men,Sometimes feels lonely,Number,108.0
2836,2022-10,Nova Scotia,Men,Sometimes feels lonely,Number,79.0
2837,2022-10,Nova Scotia,Men,Sometimes feels lonely,Number,137.0
2838,2022-10,Nova Scotia,Men,Rarely or never feels lonely,Percent,60.1
2839,2022-10,Nova Scotia,Men,Rarely or never feels lonely,Percent,51.8
2840,2022-10,Nova Scotia,Men,Rarely or never feels lonely,Percent,67.8
2841,2022-10,Nova Scotia,Men,Rarely or never feels lonely,Number,254.0
2842,2022-10,Nova Scotia,Men,Rarely or never feels lonely,Number,220.0
2843,2022-10,Nova Scotia,Men,Rarely or never feels lonely,Number,287.0
2844,2022-10,Nova Scotia,Women,Always or often feels lonely,Percent,15.1
2845,2022-10,Nova Scotia,Women,Always or often feels lonely,Percent,10.8
2846,2022-10,Nova Scotia,Women,Always or often feels lonely,Percent,20.7
2847,2022-10,Nova Scotia,Women,Always or often feels lonely,Number,
2848,2022-10,Nova Scotia,Women,Always or often feels lonely,Number,
2849,2022-10,Nova Scotia,Women,Always or often feels lonely,Number,
2850,2022-10,Nova Scotia,Women,Sometimes feels lonely,Percent,38.7
2851,2022-10,Nova Scotia,Women,Sometimes feels lonely,Percent,32.1
2852,2022-10,Nova Scotia,Women,Sometimes feels lonely,Percent,45.7
2853,2022-10,Nova Scotia,Women,Sometimes feels lonely,Number,167.0
2854,2022-10,Nova Scotia,Women,Sometimes feels lonely,Number,137.0
2855,2022-10,Nova Scotia,Women,Sometimes feels lonely,Number,197.0
2856,2022-10,Nova Scotia,Women,Rarely or never feels lonely,Percent,46.2
2857,2022-10,Nova Scotia,Women,Rarely or never feels lonely,Percent,39.3
2858,2022-10,Nova Scotia,Women,Rarely or never feels lonely,Percent,53.3
2859,2022-10,Nova Scotia,Women,Rarely or never feels lonely,Number,200.0
2860,2022-10,Nova Scotia,Women,Rarely or never feels lonely,Number,169.0
2861,2022-10,Nova Scotia,Women,Rarely or never feels lonely,Number,230.0
2862,2022-10,New Brunswick,"Total, all persons",Always or often feels lonely,Percent,18.7
2863,2022-10,New Brunswick,"Total, all persons",Always or often feels lonely,Percent,14.5
2864,2022-10,New Brunswick,"Total, all persons",Always or often feels lonely,Percent,23.7
2865,2022-10,New Brunswick,"Total, all persons",Always or often feels lonely,Number,126.0
2866,2022-10,New Brunswick,"Total, all persons",Always or often feels lonely,Number,95.0
2867,2022-10,New Brunswick,"Total, all persons",Always or often feels lonely,Number,157.0
2868,2022-10,New Brunswick,"Total, all persons",Sometimes feels lonely,Percent,31.6
2869,2022-10,New Brunswick,"Total, all persons",Sometimes feels lonely,Percent,26.7
2870,2022-10,New Brunswick,"Total, all persons",Sometimes feels lonely,Percent,37.0
2871,2022-10,New Brunswick,"Total, all persons",Sometimes feels lonely,Number,213.0
2872,2022-10,New Brunswick,"Total, all persons",Sometimes feels lonely,Number,178.0
2873,2022-10,New Brunswick,"Total, all persons",Sometimes feels lonely,Number,248.0
2874,2022-10,New Brunswick,"Total, all persons",Rarely or never feels lonely,Percent,49.7
2875,2022-10,New Brunswick,"Total, all persons",Rarely or never feels lonely,Percent,44.4
2876,2022-10,New Brunswick,"Total, all persons",Rarely or never feels lonely,Percent,55.0
2877,2022-10,New Brunswick,"Total, all persons",Rarely or never feels lonely,Number,334.0
2878,2022-10,New Brunswick,"Total, all persons",Rarely or never feels lonely,Number,299.0
2879,2022-10,New Brunswick,"Total, all persons",Rarely or never feels lonely,Number,370.0
2880,2022-10,New Brunswick,Men,Always or often feels lonely,Percent,21.2
2881,2022-10,New Brunswick,Men,Always or often feels lonely,Percent,15.0
2882,2022-10,New Brunswick,Men,Always or often feels lonely,Percent,29.1
2883,2022-10,New Brunswick,Men,Always or often feels lonely,Number,
2884,2022-10,New Brunswick,Men,Always or often feels lonely,Number,
2885,2022-10,New Brunswick,Men,Always or often feels lonely,Number,
2886,2022-10,New Brunswick,Men,Sometimes feels lonely,Percent,25.9
2887,2022-10,New Brunswick,Men,Sometimes feels lonely,Percent,19.1
2888,2022-10,New Brunswick,Men,Sometimes feels lonely,Percent,34.1
2889,2022-10,New Brunswick,Men,Sometimes feels lonely,Number,86.0
2890,2022-10,New Brunswick,Men,Sometimes feels lonely,Number,61.0
2891,2022-10,New Brunswick,Men,Sometimes feels lonely,Number,111.0
2892,2022-10,New Brunswick,Men,Rarely or never feels lonely,Percent,52.9
2893,2022-10,New Brunswick,Men,Rarely or never feels lonely,Percent,45.1
2894,2022-10,New Brunswick,Men,Rarely or never feels lonely,Percent,60.6
2895,2022-10,New Brunswick,Men,Rarely or never feels lonely,Number,175.0
2896,2022-10,New Brunswick,Men,Rarely or never feels lonely,Number,150.0
2897,2022-10,New Brunswick,Men,Rarely or never feels lonely,Number,201.0
2898,2022-10,New Brunswick,Women,Always or often feels lonely,Percent,16.2
2899,2022-10,New Brunswick,Women,Always or often feels lonely,Percent,11.1
2900,2022-10,New Brunswick,Women,Always or often feels lonely,Percent,23.2
2901,2022-10,New Brunswick,Women,Always or often feels lonely,Number,
2902,2022-10,New Brunswick,Women,Always or often feels lonely,Number,
2903,2022-10,New Brunswick,Women,Always or often feels lonely,Number,
2904,2022-10,New Brunswick,Women,Sometimes feels lonely,Percent,37.2
2905,2022-10,New Brunswick,Women,Sometimes feels lonely,Percent,30.2
2906,2022-10,New Brunswick,Women,Sometimes feels lonely,Percent,44.9
2907,2022-10,New Brunswick,Women,Sometimes feels lonely,Number,127.0
2908,2022-10,New Brunswick,Women,Sometimes feels lonely,Number,102.0
2909,2022-10,New Brunswick,Women,Sometimes feels lonely,Number,152.0
2910,2022-10,New Brunswick,Women,Rarely or never feels lonely,Percent,46.5
2911,2022-10,New Brunswick,Women,Rarely or never feels lonely,Percent,39.0
2912,2022-10,New Brunswick,Women,Rarely or never feels lonely,Percent,54.2
2913,2022-10,New Brunswick,Women,Rarely or never feels lonely,Number,159.0
2914,2022-10,New Brunswick,Women,Rarely or never feels lonely,Number,133.0
2915,2022-10,New Brunswick,Women,Rarely or never feels lonely,Number,185.0
2916,2022-10,Quebec,"Total, all persons",Always or often feels lonely,Percent,15.1
2917,2022-10,Quebec,"Total, all persons",Always or often feels lonely,Percent,13.0
2918,2022-10,Quebec,"Total, all persons",Always or often feels lonely,Percent,17.6
2919,2022-10,Quebec,"Total, all persons",Always or often feels lonely,Number,1089.0
2920,2022-10,Quebec,"Total, all persons",Always or often feels lonely,Number,922.0
2921,2022-10,Quebec,"Total, all persons",Always or often feels lonely,Number,1256.0
2922,2022-10,Quebec,"Total, all persons",Sometimes feels lonely,Percent,30.3
2923,2022-10,Quebec,"Total, all persons",Sometimes feels lonely,Percent,27.6
2924,2022-10,Quebec,"Total, all persons",Sometimes feels lonely,Percent,33.1
2925,2022-10,Quebec,"Total, all persons",Sometimes feels lonely,Number,2174.0
2926,2022-10,Quebec,"Total, all persons",Sometimes feels lonely,Number,1976.0
2927,2022-10,Quebec,"Total, all persons",Sometimes feels lonely,Number,2373.0
2928,2022-10,Quebec,"Total, all persons",Rarely or never feels lonely,Percent,54.6
2929,2022-10,Quebec,"Total, all persons",Rarely or never feels lonely,Percent,51.6
2930,2022-10,Quebec,"Total, all persons",Rarely or never feels lonely,Percent,57.5
2931,2022-10,Quebec,"Total, all persons",Rarely or never feels lonely,Number,3923.0
2932,2022-10,Quebec,"Total, all persons",Rarely or never feels lonely,Number,3709.0
2933,2022-10,Quebec,"Total, all persons",Rarely or never feels lonely,Number,4137.0
2934,2022-10,Quebec,Men,Always or often feels lonely,Percent,14.6
2935,2022-10,Quebec,Men,Always or often feels lonely,Percent,11.5
2936,2022-10,Quebec,Men,Always or often feels lonely,Percent,18.4
2937,2022-10,Quebec,Men,Always or often feels lonely,Number,519.0
2938,2022-10,Quebec,Men,Always or often feels lonely,Number,396.0
2939,2022-10,Quebec,Men,Always or often feels lonely,Number,641.0
2940,2022-10,Quebec,Men,Sometimes feels lonely,Percent,24.7
2941,2022-10,Quebec,Men,Sometimes feels lonely,Percent,20.9
2942,2022-10,Quebec,Men,Sometimes feels lonely,Percent,29.0
2943,2022-10,Quebec,Men,Sometimes feels lonely,Number,878.0
2944,2022-10,Quebec,Men,Sometimes feels lonely,Number,734.0
2945,2022-10,Quebec,Men,Sometimes feels lonely,Number,1023.0
2946,2022-10,Quebec,Men,Rarely or never feels lonely,Percent,60.7
2947,2022-10,Quebec,Men,Rarely or never feels lonely,Percent,56.0
2948,2022-10,Quebec,Men,Rarely or never feels lonely,Percent,65.3
2949,2022-10,Quebec,Men,Rarely or never feels lonely,Number,2158.0
2950,2022-10,Quebec,Men,Rarely or never feels lonely,Number,1990.0
2951,2022-10,Quebec,Men,Rarely or never feels lonely,Number,2326.0
2952,2022-10,Quebec,Women,Always or often feels lonely,Percent,15.7
2953,2022-10,Quebec,Women,Always or often feels lonely,Percent,12.9
2954,2022-10,Quebec,Women,Always or often feels lonely,Percent,19.0
2955,2022-10,Quebec,Women,Always or often feels lonely,Number,570.0
2956,2022-10,Quebec,Women,Always or often feels lonely,Number,458.0
2957,2022-10,Quebec,Women,Always or often feels lonely,Number,682.0
2958,2022-10,Quebec,Women,Sometimes feels lonely,Percent,35.7
2959,2022-10,Quebec,Women,Sometimes feels lonely,Percent,32.0
2960,2022-10,Quebec,Women,Sometimes feels lonely,Percent,39.6
2961,2022-10,Quebec,Women,Sometimes feels lonely,Number,1296.0
2962,2022-10,Quebec,Women,Sometimes feels lonely,Number,1153.0
2963,2022-10,Quebec,Women,Sometimes feels lonely,Number,1439.0
2964,2022-10,Quebec,Women,Rarely or never feels lonely,Percent,48.6
2965,2022-10,Quebec,Women,Rarely or never feels lonely,Percent,44.8
2966,2022-10,Quebec,Women,Rarely or never feels lonely,Percent,52.5
2967,2022-10,Quebec,Women,Rarely or never feels lonely,Number,1765.0
2968,2022-10,Quebec,Women,Rarely or never feels lonely,Number,1627.0
2969,2022-10,Quebec,Women,Rarely or never feels lonely,Number,1902.0
2970,2022-10,Ontario,"Total, all persons",Always or often feels lonely,Percent,13.2
2971,2022-10,Ontario,"Total, all persons",Always or often feels lonely,Percent,11.6
2972,2022-10,Ontario,"Total, all persons",Always or often feels lonely,Percent,15.0
2973,2022-10,Ontario,"Total, all persons",Always or often feels lonely,Number,1654.0
2974,2022-10,Ontario,"Total, all persons",Always or often feels lonely,Number,1439.0
2975,2022-10,Ontario,"Total, all persons",Always or often feels lonely,Number,1868.0
2976,2022-10,Ontario,"Total, all persons",Sometimes feels lonely,Percent,38.5
2977,2022-10,Ontario,"Total, all persons",Sometimes feels lonely,Percent,36.2
2978,2022-10,Ontario,"Total, all persons",Sometimes feels lonely,Percent,41.0
2979,2022-10,Ontario,"Total, all persons",Sometimes feels lonely,Number,4838.0
2980,2022-10,Ontario,"Total, all persons",Sometimes feels lonely,Number,4534.0
2981,2022-10,Ontario,"Total, all persons",Sometimes feels lonely,Number,5142.0
2982,2022-10,Ontario,"Total, all persons",Rarely or never feels lonely,Percent,48.3
2983,2022-10,Ontario,"Total, all persons",Rarely or never feels lonely,Percent,45.8
2984,2022-10,Ontario,"Total, all persons",Rarely or never feels lonely,Percent,50.7
2985,2022-10,Ontario,"Total, all persons",Rarely or never feels lonely,Number,6059.0
2986,2022-10,Ontario,"Total, all persons",Rarely or never feels lonely,Number,5753.0
2987,2022-10,Ontario,"Total, all persons",Rarely or never feels lonely,Number,6365.0
2988,2022-10,Ontario,Men,Always or often feels lonely,Percent,11.0
2989,2022-10,Ontario,Men,Always or often feels lonely,Percent,8.9
2990,2022-10,Ontario,Men,Always or often feels lonely,Percent,13.7
2991,2022-10,Ontario,Men,Always or often feels lonely,Number,687.0
2992,2022-10,Ontario,Men,Always or often feels lonely,Number,538.0
2993,2022-10,Ontario,Men,Always or often feels lonely,Number,835.0
2994,2022-10,Ontario,Men,Sometimes feels lonely,Percent,35.7
2995,2022-10,Ontario,Men,Sometimes feels lonely,Percent,32.1
2996,2022-10,Ontario,Men,Sometimes feels lonely,Percent,39.4
2997,2022-10,Ontario,Men,Sometimes feels lonely,Number,2219.0
2998,2022-10,Ontario,Men,Sometimes feels lonely,Number,1981.0
2999,2022-10,Ontario,Men,Sometimes feels lonely,Number,2457.0
3000,2022-10,Ontario,Men,Rarely or never feels lonely,Percent,53.3
3001,2022-10,Ontario,Men,Rarely or never feels lonely,Percent,49.4
3002,2022-10,Ontario,Men,Rarely or never feels lonely,Percent,57.2
3003,2022-10,Ontario,Men,Rarely or never feels lonely,Number,3315.0
3004,2022-10,Ontario,Men,Rarely or never feels lonely,Number,3075.0
3005,2022-10,Ontario,Men,Rarely or never feels lonely,Number,3554.0
3006,2022-10,Ontario,Women,Always or often feels lonely,Percent,15.3
3007,2022-10,Ontario,Women,Always or often feels lonely,Percent,13.0
3008,2022-10,Ontario,Women,Always or often feels lonely,Percent,17.9
3009,2022-10,Ontario,Women,Always or often feels lonely,Number,967.0
3010,2022-10,Ontario,Women,Always or often feels lonely,Number,810.0
3011,2022-10,Ontario,Women,Always or often feels lonely,Number,1124.0
3012,2022-10,Ontario,Women,Sometimes feels lonely,Percent,41.4
3013,2022-10,Ontario,Women,Sometimes feels lonely,Percent,38.0
3014,2022-10,Ontario,Women,Sometimes feels lonely,Percent,44.8
3015,2022-10,Ontario,Women,Sometimes feels lonely,Number,2619.0
3016,2022-10,Ontario,Women,Sometimes feels lonely,Number,2396.0
3017,2022-10,Ontario,Women,Sometimes feels lonely,Number,2841.0
3018,2022-10,Ontario,Women,Rarely or never feels lonely,Percent,43.4
3019,2022-10,Ontario,Women,Rarely or never feels lonely,Percent,40.1
3020,2022-10,Ontario,Women,Rarely or never feels lonely,Percent,46.6
3021,2022-10,Ontario,Women,Rarely or never feels lonely,Number,2744.0
3022,2022-10,Ontario,Women,Rarely or never feels lonely,Number,2535.0
3023,2022-10,Ontario,Women,Rarely or never feels lonely,Number,2953.0
3024,2022-10,Manitoba,"Total, all persons",Always or often feels lonely,Percent,11.5
3025,2022-10,Manitoba,"Total, all persons",Always or often feels lonely,Percent,8.3
3026,2022-10,Manitoba,"Total, all persons",Always or often feels lonely,Percent,15.7
3027,2022-10,Manitoba,"Total, all persons",Always or often feels lonely,Number,122.0
3028,2022-10,Manitoba,"Total, all persons",Always or often feels lonely,Number,83.0
3029,2022-10,Manitoba,"Total, all persons",Always or often feels lonely,Number,162.0
3030,2022-10,Manitoba,"Total, all persons",Sometimes feels lonely,Percent,42.8
3031,2022-10,Manitoba,"Total, all persons",Sometimes feels lonely,Percent,37.6
3032,2022-10,Manitoba,"Total, all persons",Sometimes feels lonely,Percent,48.3
3033,2022-10,Manitoba,"Total, all persons",Sometimes feels lonely,Number,456.0
3034,2022-10,Manitoba,"Total, all persons",Sometimes feels lonely,Number,399.0
3035,2022-10,Manitoba,"Total, all persons",Sometimes feels lonely,Number,513.0
3036,2022-10,Manitoba,"Total, all persons",Rarely or never feels lonely,Percent,45.7
3037,2022-10,Manitoba,"Total, all persons",Rarely or never feels lonely,Percent,40.7
3038,2022-10,Manitoba,"Total, all persons",Rarely or never feels lonely,Percent,50.8
3039,2022-10,Manitoba,"Total, all persons",Rarely or never feels lonely,Number,486.0
3040,2022-10,Manitoba,"Total, all persons",Rarely or never feels lonely,Number,432.0
3041,2022-10,Manitoba,"Total, all persons",Rarely or never feels lonely,Number,541.0
3042,2022-10,Manitoba,Men,Always or often feels lonely,Percent,12.6
3043,2022-10,Manitoba,Men,Always or often feels lonely,Percent,7.7
3044,2022-10,Manitoba,Men,Always or often feels lonely,Percent,20.1
3045,2022-10,Manitoba,Men,Always or often feels lonely,Number,
3046,2022-10,Manitoba,Men,Always or often feels lonely,Number,
3047,2022-10,Manitoba,Men,Always or often feels lonely,Number,
3048,2022-10,Manitoba,Men,Sometimes feels lonely,Percent,38.7
3049,2022-10,Manitoba,Men,Sometimes feels lonely,Percent,30.8
3050,2022-10,Manitoba,Men,Sometimes feels lonely,Percent,47.2
3051,2022-10,Manitoba,Men,Sometimes feels lonely,Number,206.0
3052,2022-10,Manitoba,Men,Sometimes feels lonely,Number,161.0
3053,2022-10,Manitoba,Men,Sometimes feels lonely,Number,251.0
3054,2022-10,Manitoba,Men,Rarely or never feels lonely,Percent,48.7
3055,2022-10,Manitoba,Men,Rarely or never feels lonely,Percent,41.0
3056,2022-10,Manitoba,Men,Rarely or never feels lonely,Percent,56.4
3057,2022-10,Manitoba,Men,Rarely or never feels lonely,Number,259.0
3058,2022-10,Manitoba,Men,Rarely or never feels lonely,Number,218.0
3059,2022-10,Manitoba,Men,Rarely or never feels lonely,Number,301.0
3060,2022-10,Manitoba,Women,Always or often feels lonely,Percent,10.3
3061,2022-10,Manitoba,Women,Always or often feels lonely,Percent,6.8
3062,2022-10,Manitoba,Women,Always or often feels lonely,Percent,15.3
3063,2022-10,Manitoba,Women,Always or often feels lonely,Number,
3064,2022-10,Manitoba,Women,Always or often feels lonely,Number,
3065,2022-10,Manitoba,Women,Always or often feels lonely,Number,
3066,2022-10,Manitoba,Women,Sometimes feels lonely,Percent,47.0
3067,2022-10,Manitoba,Women,Sometimes feels lonely,Percent,39.7
3068,2022-10,Manitoba,Women,Sometimes feels lonely,Percent,54.4
3069,2022-10,Manitoba,Women,Sometimes feels lonely,Number,250.0
3070,2022-10,Manitoba,Women,Sometimes feels lonely,Number,209.0
3071,2022-10,Manitoba,Women,Sometimes feels lonely,Number,290.0
3072,2022-10,Manitoba,Women,Rarely or never feels lonely,Percent,42.7
3073,2022-10,Manitoba,Women,Rarely or never feels lonely,Percent,35.6
3074,2022-10,Manitoba,Women,Rarely or never feels lonely,Percent,50.1
3075,2022-10,Manitoba,Women,Rarely or never feels lonely,Number,227.0
3076,2022-10,Manitoba,Women,Rarely or never feels lonely,Number,188.0
3077,2022-10,Manitoba,Women,Rarely or never feels lonely,Number,265.0
3078,2022-10,Saskatchewan,"Total, all persons",Always or often feels lonely,Percent,14.2
3079,2022-10,Saskatchewan,"Total, all persons",Always or often feels lonely,Percent,10.9
3080,2022-10,Saskatchewan,"Total, all persons",Always or often feels lonely,Percent,18.5
3081,2022-10,Saskatchewan,"Total, all persons",Always or often feels lonely,Number,128.0
3082,2022-10,Saskatchewan,"Total, all persons",Always or often feels lonely,Number,94.0
3083,2022-10,Saskatchewan,"Total, all persons",Always or often feels lonely,Number,162.0
3084,2022-10,Saskatchewan,"Total, all persons",Sometimes feels lonely,Percent,34.4
3085,2022-10,Saskatchewan,"Total, all persons",Sometimes feels lonely,Percent,29.6
3086,2022-10,Saskatchewan,"Total, all persons",Sometimes feels lonely,Percent,39.5
3087,2022-10,Saskatchewan,"Total, all persons",Sometimes feels lonely,Number,309.0
3088,2022-10,Saskatchewan,"Total, all persons",Sometimes feels lonely,Number,265.0
3089,2022-10,Saskatchewan,"Total, all persons",Sometimes feels lonely,Number,354.0
3090,2022-10,Saskatchewan,"Total, all persons",Rarely or never feels lonely,Percent,51.3
3091,2022-10,Saskatchewan,"Total, all persons",Rarely or never feels lonely,Percent,46.5
3092,2022-10,Saskatchewan,"Total, all persons",Rarely or never feels lonely,Percent,56.2
3093,2022-10,Saskatchewan,"Total, all persons",Rarely or never feels lonely,Number,462.0
3094,2022-10,Saskatchewan,"Total, all persons",Rarely or never feels lonely,Number,417.0
3095,2022-10,Saskatchewan,"Total, all persons",Rarely or never feels lonely,Number,506.0
3096,2022-10,Saskatchewan,Men,Always or often feels lonely,Percent,12.1
3097,2022-10,Saskatchewan,Men,Always or often feels lonely,Percent,7.8
3098,2022-10,Saskatchewan,Men,Always or often feels lonely,Percent,18.2
3099,2022-10,Saskatchewan,Men,Always or often feels lonely,Number,
3100,2022-10,Saskatchewan,Men,Always or often feels lonely,Number,
3101,2022-10,Saskatchewan,Men,Always or often feels lonely,Number,
3102,2022-10,Saskatchewan,Men,Sometimes feels lonely,Percent,29.4
3103,2022-10,Saskatchewan,Men,Sometimes feels lonely,Percent,23.3
3104,2022-10,Saskatchewan,Men,Sometimes feels lonely,Percent,36.4
3105,2022-10,Saskatchewan,Men,Sometimes feels lonely,Number,133.0
3106,2022-10,Saskatchewan,Men,Sometimes feels lonely,Number,103.0
3107,2022-10,Saskatchewan,Men,Sometimes feels lonely,Number,163.0
3108,2022-10,Saskatchewan,Men,Rarely or never feels lonely,Percent,58.5
3109,2022-10,Saskatchewan,Men,Rarely or never feels lonely,Percent,51.3
3110,2022-10,Saskatchewan,Men,Rarely or never feels lonely,Percent,65.4
3111,2022-10,Saskatchewan,Men,Rarely or never feels lonely,Number,265.0
3112,2022-10,Saskatchewan,Men,Rarely or never feels lonely,Number,233.0
3113,2022-10,Saskatchewan,Men,Rarely or never feels lonely,Number,297.0
3114,2022-10,Saskatchewan,Women,Always or often feels lonely,Percent,16.5
3115,2022-10,Saskatchewan,Women,Always or often feels lonely,Percent,11.6
3116,2022-10,Saskatchewan,Women,Always or often feels lonely,Percent,22.8
3117,2022-10,Saskatchewan,Women,Always or often feels lonely,Number,
3118,2022-10,Saskatchewan,Women,Always or often feels lonely,Number,
3119,2022-10,Saskatchewan,Women,Always or often feels lonely,Number,
3120,2022-10,Saskatchewan,Women,Sometimes feels lonely,Percent,39.5
3121,2022-10,Saskatchewan,Women,Sometimes feels lonely,Percent,32.2
3122,2022-10,Saskatchewan,Women,Sometimes feels lonely,Percent,47.2
3123,2022-10,Saskatchewan,Women,Sometimes feels lonely,Number,176.0
3124,2022-10,Saskatchewan,Women,Sometimes feels lonely,Number,143.0
3125,2022-10,Saskatchewan,Women,Sometimes feels lonely,Number,210.0
3126,2022-10,Saskatchewan,Women,Rarely or never feels lonely,Percent,44.1
3127,2022-10,Saskatchewan,Women,Rarely or never feels lonely,Percent,37.3
3128,2022-10,Saskatchewan,Women,Rarely or never feels lonely,Percent,51.0
3129,2022-10,Saskatchewan,Women,Rarely or never feels lonely,Number,197.0
3130,2022-10,Saskatchewan,Women,Rarely or never feels lonely,Number,166.0
3131,2022-10,Saskatchewan,Women,Rarely or never feels lonely,Number,228.0
3132,2022-10,Alberta,"Total, all persons",Always or often feels lonely,Percent,15.1
3133,2022-10,Alberta,"Total, all persons",Always or often feels lonely,Percent,12.2
3134,2022-10,Alberta,"Total, all persons",Always or often feels lonely,Percent,18.6
3135,2022-10,Alberta,"Total, all persons",Always or often feels lonely,Number,549.0
3136,2022-10,Alberta,"Total, all persons",Always or often feels lonely,Number,433.0
3137,2022-10,Alberta,"Total, all persons",Always or often feels lonely,Number,666.0
3138,2022-10,Alberta,"Total, all persons",Sometimes feels lonely,Percent,35.8
3139,2022-10,Alberta,"Total, all persons",Sometimes feels lonely,Percent,31.7
3140,2022-10,Alberta,"Total, all persons",Sometimes feels lonely,Percent,40.2
3141,2022-10,Alberta,"Total, all persons",Sometimes feels lonely,Number,1302.0
3142,2022-10,Alberta,"Total, all persons",Sometimes feels lonely,Number,1147.0
3143,2022-10,Alberta,"Total, all persons",Sometimes feels lonely,Number,1457.0
3144,2022-10,Alberta,"Total, all persons",Rarely or never feels lonely,Percent,49.1
3145,2022-10,Alberta,"Total, all persons",Rarely or never feels lonely,Percent,44.7
3146,2022-10,Alberta,"Total, all persons",Rarely or never feels lonely,Percent,53.5
3147,2022-10,Alberta,"Total, all persons",Rarely or never feels lonely,Number,1786.0
3148,2022-10,Alberta,"Total, all persons",Rarely or never feels lonely,Number,1625.0
3149,2022-10,Alberta,"Total, all persons",Rarely or never feels lonely,Number,1948.0
3150,2022-10,Alberta,Men,Always or often feels lonely,Percent,16.4
3151,2022-10,Alberta,Men,Always or often feels lonely,Percent,11.9
3152,2022-10,Alberta,Men,Always or often feels lonely,Percent,22.1
3153,2022-10,Alberta,Men,Always or often feels lonely,Number,296.0
3154,2022-10,Alberta,Men,Always or often feels lonely,Number,204.0
3155,2022-10,Alberta,Men,Always or often feels lonely,Number,389.0
3156,2022-10,Alberta,Men,Sometimes feels lonely,Percent,29.1
3157,2022-10,Alberta,Men,Sometimes feels lonely,Percent,24.0
3158,2022-10,Alberta,Men,Sometimes feels lonely,Percent,34.9
3159,2022-10,Alberta,Men,Sometimes feels lonely,Number,527.0
3160,2022-10,Alberta,Men,Sometimes feels lonely,Number,427.0
3161,2022-10,Alberta,Men,Sometimes feels lonely,Number,626.0
3162,2022-10,Alberta,Men,Rarely or never feels lonely,Percent,54.5
3163,2022-10,Alberta,Men,Rarely or never feels lonely,Percent,48.0
3164,2022-10,Alberta,Men,Rarely or never feels lonely,Percent,60.8
3165,2022-10,Alberta,Men,Rarely or never feels lonely,Number,986.0
3166,2022-10,Alberta,Men,Rarely or never feels lonely,Number,868.0
3167,2022-10,Alberta,Men,Rarely or never feels lonely,Number,1103.0
3168,2022-10,Alberta,Women,Always or often feels lonely,Percent,13.8
3169,2022-10,Alberta,Women,Always or often feels lonely,Percent,10.3
3170,2022-10,Alberta,Women,Always or often feels lonely,Percent,18.3
3171,2022-10,Alberta,Women,Always or often feels lonely,Number,253.0
3172,2022-10,Alberta,Women,Always or often feels lonely,Number,181.0
3173,2022-10,Alberta,Women,Always or often feels lonely,Number,325.0
3174,2022-10,Alberta,Women,Sometimes feels lonely,Percent,42.4
3175,2022-10,Alberta,Women,Sometimes feels lonely,Percent,35.9
3176,2022-10,Alberta,Women,Sometimes feels lonely,Percent,49.2
3177,2022-10,Alberta,Women,Sometimes feels lonely,Number,776.0
3178,2022-10,Alberta,Women,Sometimes feels lonely,Number,653.0
3179,2022-10,Alberta,Women,Sometimes feels lonely,Number,898.0
3180,2022-10,Alberta,Women,Rarely or never feels lonely,Percent,43.8
3181,2022-10,Alberta,Women,Rarely or never feels lonely,Percent,37.5
3182,2022-10,Alberta,Women,Rarely or never feels lonely,Percent,50.2
3183,2022-10,Alberta,Women,Rarely or never feels lonely,Number,801.0
3184,2022-10,Alberta,Women,Rarely or never feels lonely,Number,683.0
3185,2022-10,Alberta,Women,Rarely or never feels lonely,Number,919.0
3186,2022-10,British Columbia,"Total, all persons",Always or often feels lonely,Percent,16.3
3187,2022-10,British Columbia,"Total, all persons",Always or often feels lonely,Percent,13.4
3188,2022-10,British Columbia,"Total, all persons",Always or often feels lonely,Percent,19.7
3189,2022-10,British Columbia,"Total, all persons",Always or often feels lonely,Number,721.0
3190,2022-10,British Columbia,"Total, all persons",Always or often feels lonely,Number,581.0
3191,2022-10,British Columbia,"Total, all persons",Always or often feels lonely,Number,861.0
3192,2022-10,British Columbia,"Total, all persons",Sometimes feels lonely,Percent,33.7
3193,2022-10,British Columbia,"Total, all persons",Sometimes feels lonely,Percent,30.3
3194,2022-10,British Columbia,"Total, all persons",Sometimes feels lonely,Percent,37.3
3195,2022-10,British Columbia,"Total, all persons",Sometimes feels lonely,Number,1493.0
3196,2022-10,British Columbia,"Total, all persons",Sometimes feels lonely,Number,1337.0
3197,2022-10,British Columbia,"Total, all persons",Sometimes feels lonely,Number,1648.0
3198,2022-10,British Columbia,"Total, all persons",Rarely or never feels lonely,Percent,50.0
3199,2022-10,British Columbia,"Total, all persons",Rarely or never feels lonely,Percent,46.4
3200,2022-10,British Columbia,"Total, all persons",Rarely or never feels lonely,Percent,53.5
3201,2022-10,British Columbia,"Total, all persons",Rarely or never feels lonely,Number,2211.0
3202,2022-10,British Columbia,"Total, all persons",Rarely or never feels lonely,Number,2055.0
3203,2022-10,British Columbia,"Total, all persons",Rarely or never feels lonely,Number,2367.0
3204,2022-10,British Columbia,Men,Always or often feels lonely,Percent,15.8
3205,2022-10,British Columbia,Men,Always or often feels lonely,Percent,12.2
3206,2022-10,British Columbia,Men,Always or often feels lonely,Percent,20.2
3207,2022-10,British Columbia,Men,Always or often feels lonely,Number,341.0
3208,2022-10,British Columbia,Men,Always or often feels lonely,Number,255.0
3209,2022-10,British Columbia,Men,Always or often feels lonely,Number,428.0
3210,2022-10,British Columbia,Men,Sometimes feels lonely,Percent,29.4
3211,2022-10,British Columbia,Men,Sometimes feels lonely,Percent,24.8
3212,2022-10,British Columbia,Men,Sometimes feels lonely,Percent,34.5
3213,2022-10,British Columbia,Men,Sometimes feels lonely,Number,636.0
3214,2022-10,British Columbia,Men,Sometimes feels lonely,Number,531.0
3215,2022-10,British Columbia,Men,Sometimes feels lonely,Number,741.0
3216,2022-10,British Columbia,Men,Rarely or never feels lonely,Percent,54.8
3217,2022-10,British Columbia,Men,Rarely or never feels lonely,Percent,49.4
3218,2022-10,British Columbia,Men,Rarely or never feels lonely,Percent,60.2
3219,2022-10,British Columbia,Men,Rarely or never feels lonely,Number,1187.0
3220,2022-10,British Columbia,Men,Rarely or never feels lonely,Number,1069.0
3221,2022-10,British Columbia,Men,Rarely or never feels lonely,Number,1304.0
3222,2022-10,British Columbia,Women,Always or often feels lonely,Percent,16.8
3223,2022-10,British Columbia,Women,Always or often feels lonely,Percent,12.5
3224,2022-10,British Columbia,Women,Always or often feels lonely,Percent,22.2
3225,2022-10,British Columbia,Women,Always or often feels lonely,Number,380.0
3226,2022-10,British Columbia,Women,Always or often feels lonely,Number,269.0
3227,2022-10,British Columbia,Women,Always or often feels lonely,Number,490.0
3228,2022-10,British Columbia,Women,Sometimes feels lonely,Percent,37.9
3229,2022-10,British Columbia,Women,Sometimes feels lonely,Percent,32.9
3230,2022-10,British Columbia,Women,Sometimes feels lonely,Percent,43.2
3231,2022-10,British Columbia,Women,Sometimes feels lonely,Number,857.0
3232,2022-10,British Columbia,Women,Sometimes feels lonely,Number,740.0
3233,2022-10,British Columbia,Women,Sometimes feels lonely,Number,974.0
3234,2022-10,British Columbia,Women,Rarely or never feels lonely,Percent,45.3
3235,2022-10,British Columbia,Women,Rarely or never feels lonely,Percent,40.6
3236,2022-10,British Columbia,Women,Rarely or never feels lonely,Percent,50.1
3237,2022-10,British Columbia,Women,Rarely or never feels lonely,Number,1024.0
3238,2022-10,British Columbia,Women,Rarely or never feels lonely,Number,916.0
3239,2022-10,British Columbia,Women,Rarely or never feels lonely,Number,1133.0
3240,2023-04,Newfoundland and Labrador,"Total, all persons",Always or often feels lonely,Percent,10.8
3241,2023-04,Newfoundland and Labrador,"Total, all persons",Always or often feels lonely,Percent,8.0
3242,2023-04,Newfoundland and Labrador,"Total, all persons",Always or often feels lonely,Percent,14.4
3243,2023-04,Newfoundland and Labrador,"Total, all persons",Always or often feels lonely,Number,48.0
3244,2023-04,Newfoundland and Labrador,"Total, all persons",Always or often feels lonely,Number,34.0
3245,2023-04,Newfoundland and Labrador,"Total, all persons",Always or often feels lonely,Number,63.0
3246,2023-04,Newfoundland and Labrador,"Total, all persons",Sometimes feels lonely,Percent,31.4
3247,2023-04,Newfoundland and Labrador,"Total, all persons",Sometimes feels lonely,Percent,26.4
3248,2023-04,Newfoundland and Labrador,"Total, all persons",Sometimes feels lonely,Percent,36.9
3249,2023-04,Newfoundland and Labrador,"Total, all persons",Sometimes feels lonely,Number,141.0
3250,2023-04,Newfoundland and Labrador,"Total, all persons",Sometimes feels lonely,Number,117.0
3251,2023-04,Newfoundland and Labrador,"Total, all persons",Sometimes feels lonely,Number,164.0
3252,2023-04,Newfoundland and Labrador,"Total, all persons",Rarely or never feels lonely,Percent,57.8
3253,2023-04,Newfoundland and Labrador,"Total, all persons",Rarely or never feels lonely,Percent,52.2
3254,2023-04,Newfoundland and Labrador,"Total, all persons",Rarely or never feels lonely,Percent,63.2
3255,2023-04,Newfoundland and Labrador,"Total, all persons",Rarely or never feels lonely,Number,259.0
3256,2023-04,Newfoundland and Labrador,"Total, all persons",Rarely or never feels lonely,Number,234.0
3257,2023-04,Newfoundland and Labrador,"Total, all persons",Rarely or never feels lonely,Number,284.0
3258,2023-04,Newfoundland and Labrador,Men,Always or often feels lonely,Percent,11.8
3259,2023-04,Newfoundland and Labrador,Men,Always or often feels lonely,Percent,7.6
3260,2023-04,Newfoundland and Labrador,Men,Always or often feels lonely,Percent,18.1
3261,2023-04,Newfoundland and Labrador,Men,Always or often feels lonely,Number,
3262,2023-04,Newfoundland and Labrador,Men,Always or often feels lonely,Number,
3263,2023-04,Newfoundland and Labrador,Men,Always or often feels lonely,Number,
3264,2023-04,Newfoundland and Labrador,Men,Sometimes feels lonely,Percent,26.4
3265,2023-04,Newfoundland and Labrador,Men,Sometimes feels lonely,Percent,19.5
3266,2023-04,Newfoundland and Labrador,Men,Sometimes feels lonely,Percent,34.6
3267,2023-04,Newfoundland and Labrador,Men,Sometimes feels lonely,Number,
3268,2023-04,Newfoundland and Labrador,Men,Sometimes feels lonely,Number,
3269,2023-04,Newfoundland and Labrador,Men,Sometimes feels lonely,Number,
3270,2023-04,Newfoundland and Labrador,Men,Rarely or never feels lonely,Percent,61.8
3271,2023-04,Newfoundland and Labrador,Men,Rarely or never feels lonely,Percent,53.4
3272,2023-04,Newfoundland and Labrador,Men,Rarely or never feels lonely,Percent,69.5
3273,2023-04,Newfoundland and Labrador,Men,Rarely or never feels lonely,Number,137.0
3274,2023-04,Newfoundland and Labrador,Men,Rarely or never feels lonely,Number,119.0
3275,2023-04,Newfoundland and Labrador,Men,Rarely or never feels lonely,Number,156.0
3276,2023-04,Newfoundland and Labrador,Women,Always or often feels lonely,Percent,9.7
3277,2023-04,Newfoundland and Labrador,Women,Always or often feels lonely,Percent,6.6
3278,2023-04,Newfoundland and Labrador,Women,Always or often feels lonely,Percent,14.2
3279,2023-04,Newfoundland and Labrador,Women,Always or often feels lonely,Number,
3280,2023-04,Newfoundland and Labrador,Women,Always or often feels lonely,Number,
3281,2023-04,Newfoundland and Labrador,Women,Always or often feels lonely,Number,
3282,2023-04,Newfoundland and Labrador,Women,Sometimes feels lonely,Percent,36.4
3283,2023-04,Newfoundland and Labrador,Women,Sometimes feels lonely,Percent,29.3
3284,2023-04,Newfoundland and Labrador,Women,Sometimes feels lonely,Percent,44.1
3285,2023-04,Newfoundland and Labrador,Women,Sometimes feels lonely,Number,82.0
3286,2023-04,Newfoundland and Labrador,Women,Sometimes feels lonely,Number,65.0
3287,2023-04,Newfoundland and Labrador,Women,Sometimes feels lonely,Number,99.0
3288,2023-04,Newfoundland and Labrador,Women,Rarely or never feels lonely,Percent,53.9
3289,2023-04,Newfoundland and Labrador,Women,Rarely or never feels lonely,Percent,46.5
3290,2023-04,Newfoundland and Labrador,Women,Rarely or never feels lonely,Percent,61.1
3291,2023-04,Newfoundland and Labrador,Women,Rarely or never feels lonely,Number,122.0
3292,2023-04,Newfoundland and Labrador,Women,Rarely or never feels lonely,Number,105.0
3293,2023-04,Newfoundland and Labrador,Women,Rarely or never feels lonely,Number,139.0
3294,2023-04,Prince Edward Island,"Total, all persons",Always or often feels lonely,Percent,11.0
3295,2023-04,Prince Edward Island,"Total, all persons",Always or often feels lonely,Percent,7.2
3296,2023-04,Prince Edward Island,"Total, all persons",Always or often feels lonely,Percent,16.4
3297,2023-04,Prince Edward Island,"Total, all persons",Always or often feels lonely,Number,
3298,2023-04,Prince Edward Island,"Total, all persons",Always or often feels lonely,Number,
3299,2023-04,Prince Edward Island,"Total, all persons",Always or often feels lonely,Number,
3300,2023-04,Prince Edward Island,"Total, all persons",Sometimes feels lonely,Percent,34.8
3301,2023-04,Prince Edward Island,"Total, all persons",Sometimes feels lonely,Percent,28.7
3302,2023-04,Prince Edward Island,"Total, all persons",Sometimes feels lonely,Percent,41.3
3303,2023-04,Prince Edward Island,"Total, all persons",Sometimes feels lonely,Number,50.0
3304,2023-04,Prince Edward Island,"Total, all persons",Sometimes feels lonely,Number,41.0
3305,2023-04,Prince Edward Island,"Total, all persons",Sometimes feels lonely,Number,59.0
3306,2023-04,Prince Edward Island,"Total, all persons",Rarely or never feels lonely,Percent,54.2
3307,2023-04,Prince Edward Island,"Total, all persons",Rarely or never feels lonely,Percent,47.8
3308,2023-04,Prince Edward Island,"Total, all persons",Rarely or never feels lonely,Percent,60.5
3309,2023-04,Prince Edward Island,"Total, all persons",Rarely or never feels lonely,Number,78.0
3310,2023-04,Prince Edward Island,"Total, all persons",Rarely or never feels lonely,Number,69.0
3311,2023-04,Prince Edward Island,"Total, all persons",Rarely or never feels lonely,Number,87.0
3312,2023-04,Prince Edward Island,Men,Always or often feels lonely,Percent,7.7
3313,2023-04,Prince Edward Island,Men,Always or often feels lonely,Percent,3.4
3314,2023-04,Prince Edward Island,Men,Always or often feels lonely,Percent,16.3
3315,2023-04,Prince Edward Island,Men,Always or often feels lonely,Number,
3316,2023-04,Prince Edward Island,Men,Always or often feels lonely,Number,
3317,2023-04,Prince Edward Island,Men,Always or often feels lonely,Number,
3318,2023-04,Prince Edward Island,Men,Sometimes feels lonely,Percent,29.3
3319,2023-04,Prince Edward Island,Men,Sometimes feels lonely,Percent,21.0
3320,2023-04,Prince Edward Island,Men,Sometimes feels lonely,Percent,39.3
3321,2023-04,Prince Edward Island,Men,Sometimes feels lonely,Number,
3322,2023-04,Prince Edward Island,Men,Sometimes feels lonely,Number,
3323,2023-04,Prince Edward Island,Men,Sometimes feels lonely,Number,
3324,2023-04,Prince Edward Island,Men,Rarely or never feels lonely,Percent,63.0
3325,2023-04,Prince Edward Island,Men,Rarely or never feels lonely,Percent,52.1
3326,2023-04,Prince Edward Island,Men,Rarely or never feels lonely,Percent,72.7
3327,2023-04,Prince Edward Island,Men,Rarely or never feels lonely,Number,44.0
3328,2023-04,Prince Edward Island,Men,Rarely or never feels lonely,Number,37.0
3329,2023-04,Prince Edward Island,Men,Rarely or never feels lonely,Number,52.0
3330,2023-04,Prince Edward Island,Women,Always or often feels lonely,Percent,14.2
3331,2023-04,Prince Edward Island,Women,Always or often feels lonely,Percent,8.6
3332,2023-04,Prince Edward Island,Women,Always or often feels lonely,Percent,22.5
3333,2023-04,Prince Edward Island,Women,Always or often feels lonely,Number,
3334,2023-04,Prince Edward Island,Women,Always or often feels lonely,Number,
3335,2023-04,Prince Edward Island,Women,Always or often feels lonely,Number,
3336,2023-04,Prince Edward Island,Women,Sometimes feels lonely,Percent,39.9
3337,2023-04,Prince Edward Island,Women,Sometimes feels lonely,Percent,31.7
3338,2023-04,Prince Edward Island,Women,Sometimes feels lonely,Percent,48.8
3339,2023-04,Prince Edward Island,Women,Sometimes feels lonely,Number,29.0
3340,2023-04,Prince Edward Island,Women,Sometimes feels lonely,Number,23.0
3341,2023-04,Prince Edward Island,Women,Sometimes feels lonely,Number,36.0
3342,2023-04,Prince Edward Island,Women,Rarely or never feels lonely,Percent,45.9
3343,2023-04,Prince Edward Island,Women,Rarely or never feels lonely,Percent,38.3
3344,2023-04,Prince Edward Island,Women,Rarely or never feels lonely,Percent,53.7
3345,2023-04,Prince Edward Island,Women,Rarely or never feels lonely,Number,34.0
3346,2023-04,Prince Edward Island,Women,Rarely or never feels lonely,Number,28.0
3347,2023-04,Prince Edward Island,Women,Rarely or never feels lonely,Number,39.0
3348,2023-04,Nova Scotia,"Total, all persons",Always or often feels lonely,Percent,11.7
3349,2023-04,Nova Scotia,"Total, all persons",Always or often feels lonely,Percent,8.4
3350,2023-04,Nova Scotia,"Total, all persons",Always or often feels lonely,Percent,16.0
3351,2023-04,Nova Scotia,"Total, all persons",Always or often feels lonely,Number,
3352,2023-04,Nova Scotia,"Total, all persons",Always or often feels lonely,Number,
3353,2023-04,Nova Scotia,"Total, all persons",Always or often feels lonely,Number,
3354,2023-04,Nova Scotia,"Total, all persons",Sometimes feels lonely,Percent,34.6
3355,2023-04,Nova Scotia,"Total, all persons",Sometimes feels lonely,Percent,29.4
3356,2023-04,Nova Scotia,"Total, all persons",Sometimes feels lonely,Percent,40.2
3357,2023-04,Nova Scotia,"Total, all persons",Sometimes feels lonely,Number,300.0
3358,2023-04,Nova Scotia,"Total, all persons",Sometimes feels lonely,Number,253.0
3359,2023-04,Nova Scotia,"Total, all persons",Sometimes feels lonely,Number,347.0
3360,2023-04,Nova Scotia,"Total, all persons",Rarely or never feels lonely,Percent,53.7
3361,2023-04,Nova Scotia,"Total, all persons",Rarely or never feels lonely,Percent,48.0
3362,2023-04,Nova Scotia,"Total, all persons",Rarely or never feels lonely,Percent,59.3
3363,2023-04,Nova Scotia,"Total, all persons",Rarely or never feels lonely,Number,465.0
3364,2023-04,Nova Scotia,"Total, all persons",Rarely or never feels lonely,Number,416.0
3365,2023-04,Nova Scotia,"Total, all persons",Rarely or never feels lonely,Number,514.0
3366,2023-04,Nova Scotia,Men,Always or often feels lonely,Percent,9.1
3367,2023-04,Nova Scotia,Men,Always or often feels lonely,Percent,5.4
3368,2023-04,Nova Scotia,Men,Always or often feels lonely,Percent,15.1
3369,2023-04,Nova Scotia,Men,Always or often feels lonely,Number,
3370,2023-04,Nova Scotia,Men,Always or often feels lonely,Number,
3371,2023-04,Nova Scotia,Men,Always or often feels lonely,Number,
3372,2023-04,Nova Scotia,Men,Sometimes feels lonely,Percent,33.4
3373,2023-04,Nova Scotia,Men,Sometimes feels lonely,Percent,26.1
3374,2023-04,Nova Scotia,Men,Sometimes feels lonely,Percent,41.6
3375,2023-04,Nova Scotia,Men,Sometimes feels lonely,Number,139.0
3376,2023-04,Nova Scotia,Men,Sometimes feels lonely,Number,103.0
3377,2023-04,Nova Scotia,Men,Sometimes feels lonely,Number,175.0
3378,2023-04,Nova Scotia,Men,Rarely or never feels lonely,Percent,57.5
3379,2023-04,Nova Scotia,Men,Rarely or never feels lonely,Percent,49.1
3380,2023-04,Nova Scotia,Men,Rarely or never feels lonely,Percent,65.4
3381,2023-04,Nova Scotia,Men,Rarely or never feels lonely,Number,239.0
3382,2023-04,Nova Scotia,Men,Rarely or never feels lonely,Number,205.0
3383,2023-04,Nova Scotia,Men,Rarely or never feels lonely,Number,274.0
3384,2023-04,Nova Scotia,Women,Always or often feels lonely,Percent,14.0
3385,2023-04,Nova Scotia,Women,Always or often feels lonely,Percent,9.3
3386,2023-04,Nova Scotia,Women,Always or often feels lonely,Percent,20.7
3387,2023-04,Nova Scotia,Women,Always or often feels lonely,Number,
3388,2023-04,Nova Scotia,Women,Always or often feels lonely,Number,
3389,2023-04,Nova Scotia,Women,Always or often feels lonely,Number,
3390,2023-04,Nova Scotia,Women,Sometimes feels lonely,Percent,35.8
3391,2023-04,Nova Scotia,Women,Sometimes feels lonely,Percent,28.8
3392,2023-04,Nova Scotia,Women,Sometimes feels lonely,Percent,43.4
3393,2023-04,Nova Scotia,Women,Sometimes feels lonely,Number,161.0
3394,2023-04,Nova Scotia,Women,Sometimes feels lonely,Number,127.0
3395,2023-04,Nova Scotia,Women,Sometimes feels lonely,Number,194.0
3396,2023-04,Nova Scotia,Women,Rarely or never feels lonely,Percent,50.2
3397,2023-04,Nova Scotia,Women,Rarely or never feels lonely,Percent,42.6
3398,2023-04,Nova Scotia,Women,Rarely or never feels lonely,Percent,57.8
3399,2023-04,Nova Scotia,Women,Rarely or never feels lonely,Number,226.0
3400,2023-04,Nova Scotia,Women,Rarely or never feels lonely,Number,191.0
3401,2023-04,Nova Scotia,Women,Rarely or never feels lonely,Number,260.0
3402,2023-04,New Brunswick,"Total, all persons",Always or often feels lonely,Percent,12.9
3403,2023-04,New Brunswick,"Total, all persons",Always or often feels lonely,Percent,9.0
3404,2023-04,New Brunswick,"Total, all persons",Always or often feels lonely,Percent,18.2
3405,2023-04,New Brunswick,"Total, all persons",Always or often feels lonely,Number,
3406,2023-04,New Brunswick,"Total, all persons",Always or often feels lonely,Number,
3407,2023-04,New Brunswick,"Total, all persons",Always or often feels lonely,Number,
3408,2023-04,New Brunswick,"Total, all persons",Sometimes feels lonely,Percent,30.2
3409,2023-04,New Brunswick,"Total, all persons",Sometimes feels lonely,Percent,24.3
3410,2023-04,New Brunswick,"Total, all persons",Sometimes feels lonely,Percent,36.9
3411,2023-04,New Brunswick,"Total, all persons",Sometimes feels lonely,Number,206.0
3412,2023-04,New Brunswick,"Total, all persons",Sometimes feels lonely,Number,163.0
3413,2023-04,New Brunswick,"Total, all persons",Sometimes feels lonely,Number,248.0
3414,2023-04,New Brunswick,"Total, all persons",Rarely or never feels lonely,Percent,56.8
3415,2023-04,New Brunswick,"Total, all persons",Rarely or never feels lonely,Percent,50.3
3416,2023-04,New Brunswick,"Total, all persons",Rarely or never feels lonely,Percent,63.1
3417,2023-04,New Brunswick,"Total, all persons",Rarely or never feels lonely,Number,386.0
3418,2023-04,New Brunswick,"Total, all persons",Rarely or never feels lonely,Number,343.0
3419,2023-04,New Brunswick,"Total, all persons",Rarely or never feels lonely,Number,430.0
3420,2023-04,New Brunswick,Men,Always or often feels lonely,Percent,6.8
3421,2023-04,New Brunswick,Men,Always or often feels lonely,Percent,3.2
3422,2023-04,New Brunswick,Men,Always or often feels lonely,Percent,14.1
3423,2023-04,New Brunswick,Men,Always or often feels lonely,Number,
3424,2023-04,New Brunswick,Men,Always or often feels lonely,Number,
3425,2023-04,New Brunswick,Men,Always or often feels lonely,Number,
3426,2023-04,New Brunswick,Men,Sometimes feels lonely,Percent,29.9
3427,2023-04,New Brunswick,Men,Sometimes feels lonely,Percent,21.2
3428,2023-04,New Brunswick,Men,Sometimes feels lonely,Percent,40.5
3429,2023-04,New Brunswick,Men,Sometimes feels lonely,Number,
3430,2023-04,New Brunswick,Men,Sometimes feels lonely,Number,
3431,2023-04,New Brunswick,Men,Sometimes feels lonely,Number,
3432,2023-04,New Brunswick,Men,Rarely or never feels lonely,Percent,63.2
3433,2023-04,New Brunswick,Men,Rarely or never feels lonely,Percent,52.6
3434,2023-04,New Brunswick,Men,Rarely or never feels lonely,Percent,72.8
3435,2023-04,New Brunswick,Men,Rarely or never feels lonely,Number,212.0
3436,2023-04,New Brunswick,Men,Rarely or never feels lonely,Number,178.0
3437,2023-04,New Brunswick,Men,Rarely or never feels lonely,Number,247.0
3438,2023-04,New Brunswick,Women,Always or often feels lonely,Percent,18.9
3439,2023-04,New Brunswick,Women,Always or often feels lonely,Percent,12.4
3440,2023-04,New Brunswick,Women,Always or often feels lonely,Percent,27.7
3441,2023-04,New Brunswick,Women,Always or often feels lonely,Number,
3442,2023-04,New Brunswick,Women,Always or often feels lonely,Number,
3443,2023-04,New Brunswick,Women,Always or often feels lonely,Number,
3444,2023-04,New Brunswick,Women,Sometimes feels lonely,Percent,30.5
3445,2023-04,New Brunswick,Women,Sometimes feels lonely,Percent,23.0
3446,2023-04,New Brunswick,Women,Sometimes feels lonely,Percent,39.2
3447,2023-04,New Brunswick,Women,Sometimes feels lonely,Number,105.0
3448,2023-04,New Brunswick,Women,Sometimes feels lonely,Number,77.0
3449,2023-04,New Brunswick,Women,Sometimes feels lonely,Number,133.0
3450,2023-04,New Brunswick,Women,Rarely or never feels lonely,Percent,50.5
3451,2023-04,New Brunswick,Women,Rarely or never feels lonely,Percent,42.1
3452,2023-04,New Brunswick,Women,Rarely or never feels lonely,Percent,58.9
3453,2023-04,New Brunswick,Women,Rarely or never feels lonely,Number,174.0
3454,2023-04,New Brunswick,Women,Rarely or never feels lonely,Number,145.0
3455,2023-04,New Brunswick,Women,Rarely or never feels lonely,Number,204.0
3456,2023-04,Quebec,"Total, all persons",Always or often feels lonely,Percent,13.5
3457,2023-04,Quebec,"Total, all persons",Always or often feels lonely,Percent,11.6
3458,2023-04,Quebec,"Total, all persons",Always or often feels lonely,Percent,15.7
3459,2023-04,Quebec,"Total, all persons",Always or often feels lonely,Number,974.0
3460,2023-04,Quebec,"Total, all persons",Always or often feels lonely,Number,825.0
3461,2023-04,Quebec,"Total, all persons",Always or often feels lonely,Number,1123.0
3462,2023-04,Quebec,"Total, all persons",Sometimes feels lonely,Percent,26.7
3463,2023-04,Quebec,"Total, all persons",Sometimes feels lonely,Percent,24.2
3464,2023-04,Quebec,"Total, all persons",Sometimes feels lonely,Percent,29.3
3465,2023-04,Quebec,"Total, all persons",Sometimes feels lonely,Number,1922.0
3466,2023-04,Quebec,"Total, all persons",Sometimes feels lonely,Number,1737.0
3467,2023-04,Quebec,"Total, all persons",Sometimes feels lonely,Number,2107.0
3468,2023-04,Quebec,"Total, all persons",Rarely or never feels lonely,Percent,59.8
3469,2023-04,Quebec,"Total, all persons",Rarely or never feels lonely,Percent,56.8
3470,2023-04,Quebec,"Total, all persons",Rarely or never feels lonely,Percent,62.7
3471,2023-04,Quebec,"Total, all persons",Rarely or never feels lonely,Number,4305.0
3472,2023-04,Quebec,"Total, all persons",Rarely or never feels lonely,Number,4089.0
3473,2023-04,Quebec,"Total, all persons",Rarely or never feels lonely,Number,4521.0
3474,2023-04,Quebec,Men,Always or often feels lonely,Percent,14.3
3475,2023-04,Quebec,Men,Always or often feels lonely,Percent,11.5
3476,2023-04,Quebec,Men,Always or often feels lonely,Percent,17.7
3477,2023-04,Quebec,Men,Always or often feels lonely,Number,520.0
3478,2023-04,Quebec,Men,Always or often feels lonely,Number,406.0
3479,2023-04,Quebec,Men,Always or often feels lonely,Number,634.0
3480,2023-04,Quebec,Men,Sometimes feels lonely,Percent,24.5
3481,2023-04,Quebec,Men,Sometimes feels lonely,Percent,21.1
3482,2023-04,Quebec,Men,Sometimes feels lonely,Percent,28.3
3483,2023-04,Quebec,Men,Sometimes feels lonely,Number,891.0
3484,2023-04,Quebec,Men,Sometimes feels lonely,Number,760.0
3485,2023-04,Quebec,Men,Sometimes feels lonely,Number,1023.0
3486,2023-04,Quebec,Men,Rarely or never feels lonely,Percent,61.1
3487,2023-04,Quebec,Men,Rarely or never feels lonely,Percent,56.8
3488,2023-04,Quebec,Men,Rarely or never feels lonely,Percent,65.3
3489,2023-04,Quebec,Men,Rarely or never feels lonely,Number,2221.0
3490,2023-04,Quebec,Men,Rarely or never feels lonely,Number,2066.0
3491,2023-04,Quebec,Men,Rarely or never feels lonely,Number,2376.0
3492,2023-04,Quebec,Women,Always or often feels lonely,Percent,12.7
3493,2023-04,Quebec,Women,Always or often feels lonely,Percent,10.2
3494,2023-04,Quebec,Women,Always or often feels lonely,Percent,15.7
3495,2023-04,Quebec,Women,Always or often feels lonely,Number,454.0
3496,2023-04,Quebec,Women,Always or often feels lonely,Number,356.0
3497,2023-04,Quebec,Women,Always or often feels lonely,Number,552.0
3498,2023-04,Quebec,Women,Sometimes feels lonely,Percent,28.9
3499,2023-04,Quebec,Women,Sometimes feels lonely,Percent,25.3
3500,2023-04,Quebec,Women,Sometimes feels lonely,Percent,32.8
3501,2023-04,Quebec,Women,Sometimes feels lonely,Number,1031.0
3502,2023-04,Quebec,Women,Sometimes feels lonely,Number,896.0
3503,2023-04,Quebec,Women,Sometimes feels lonely,Number,1166.0
3504,2023-04,Quebec,Women,Rarely or never feels lonely,Percent,58.4
3505,2023-04,Quebec,Women,Rarely or never feels lonely,Percent,54.3
3506,2023-04,Quebec,Women,Rarely or never feels lonely,Percent,62.4
3507,2023-04,Quebec,Women,Rarely or never feels lonely,Number,2084.0
3508,2023-04,Quebec,Women,Rarely or never feels lonely,Number,1937.0
3509,2023-04,Quebec,Women,Rarely or never feels lonely,Number,2231.0
3510,2023-04,Ontario,"Total, all persons",Always or often feels lonely,Percent,13.0
3511,2023-04,Ontario,"Total, all persons",Always or often feels lonely,Percent,11.3
3512,2023-04,Ontario,"Total, all persons",Always or often feels lonely,Percent,15.0
3513,2023-04,Ontario,"Total, all persons",Always or often feels lonely,Number,1646.0
3514,2023-04,Ontario,"Total, all persons",Always or often feels lonely,Number,1413.0
3515,2023-04,Ontario,"Total, all persons",Always or often feels lonely,Number,1878.0
3516,2023-04,Ontario,"Total, all persons",Sometimes feels lonely,Percent,33.7
3517,2023-04,Ontario,"Total, all persons",Sometimes feels lonely,Percent,31.2
3518,2023-04,Ontario,"Total, all persons",Sometimes feels lonely,Percent,36.4
3519,2023-04,Ontario,"Total, all persons",Sometimes feels lonely,Number,4269.0
3520,2023-04,Ontario,"Total, all persons",Sometimes feels lonely,Number,3938.0
3521,2023-04,Ontario,"Total, all persons",Sometimes feels lonely,Number,4600.0
3522,2023-04,Ontario,"Total, all persons",Rarely or never feels lonely,Percent,53.2
3523,2023-04,Ontario,"Total, all persons",Rarely or never feels lonely,Percent,50.6
3524,2023-04,Ontario,"Total, all persons",Rarely or never feels lonely,Percent,55.9
3525,2023-04,Ontario,"Total, all persons",Rarely or never feels lonely,Number,6735.0
3526,2023-04,Ontario,"Total, all persons",Rarely or never feels lonely,Number,6402.0
3527,2023-04,Ontario,"Total, all persons",Rarely or never feels lonely,Number,7068.0
3528,2023-04,Ontario,Men,Always or often feels lonely,Percent,11.2
3529,2023-04,Ontario,Men,Always or often feels lonely,Percent,8.9
3530,2023-04,Ontario,Men,Always or often feels lonely,Percent,14.1
3531,2023-04,Ontario,Men,Always or often feels lonely,Number,700.0
3532,2023-04,Ontario,Men,Always or often feels lonely,Number,538.0
3533,2023-04,Ontario,Men,Always or often feels lonely,Number,862.0
3534,2023-04,Ontario,Men,Sometimes feels lonely,Percent,31.6
3535,2023-04,Ontario,Men,Sometimes feels lonely,Percent,28.0
3536,2023-04,Ontario,Men,Sometimes feels lonely,Percent,35.5
3537,2023-04,Ontario,Men,Sometimes feels lonely,Number,1976.0
3538,2023-04,Ontario,Men,Sometimes feels lonely,Number,1740.0
3539,2023-04,Ontario,Men,Sometimes feels lonely,Number,2211.0
3540,2023-04,Ontario,Men,Rarely or never feels lonely,Percent,57.2
3541,2023-04,Ontario,Men,Rarely or never feels lonely,Percent,53.3
3542,2023-04,Ontario,Men,Rarely or never feels lonely,Percent,61.0
3543,2023-04,Ontario,Men,Rarely or never feels lonely,Number,3573.0
3544,2023-04,Ontario,Men,Rarely or never feels lonely,Number,3333.0
3545,2023-04,Ontario,Men,Rarely or never feels lonely,Number,3814.0
3546,2023-04,Ontario,Women,Always or often feels lonely,Percent,14.8
3547,2023-04,Ontario,Women,Always or often feels lonely,Percent,12.3
3548,2023-04,Ontario,Women,Always or often feels lonely,Percent,17.6
3549,2023-04,Ontario,Women,Always or often feels lonely,Number,946.0
3550,2023-04,Ontario,Women,Always or often feels lonely,Number,775.0
3551,2023-04,Ontario,Women,Always or often feels lonely,Number,1116.0
3552,2023-04,Ontario,Women,Sometimes feels lonely,Percent,35.8
3553,2023-04,Ontario,Women,Sometimes feels lonely,Percent,32.4
3554,2023-04,Ontario,Women,Sometimes feels lonely,Percent,39.5
3555,2023-04,Ontario,Women,Sometimes feels lonely,Number,2293.0
3556,2023-04,Ontario,Women,Sometimes feels lonely,Number,2064.0
3557,2023-04,Ontario,Women,Sometimes feels lonely,Number,2522.0
3558,2023-04,Ontario,Women,Rarely or never feels lonely,Percent,49.4
3559,2023-04,Ontario,Women,Rarely or never feels lonely,Percent,45.8
3560,2023-04,Ontario,Women,Rarely or never feels lonely,Percent,53.0
3561,2023-04,Ontario,Women,Rarely or never feels lonely,Number,3161.0
3562,2023-04,Ontario,Women,Rarely or never feels lonely,Number,2928.0
3563,2023-04,Ontario,Women,Rarely or never feels lonely,Number,3394.0
3564,2023-04,Manitoba,"Total, all persons",Always or often feels lonely,Percent,12.0
3565,2023-04,Manitoba,"Total, all persons",Always or often feels lonely,Percent,8.8
3566,2023-04,Manitoba,"Total, all persons",Always or often feels lonely,Percent,16.2
3567,2023-04,Manitoba,"Total, all persons",Always or often feels lonely,Number,
3568,2023-04,Manitoba,"Total, all persons",Always or often feels lonely,Number,
3569,2023-04,Manitoba,"Total, all persons",Always or often feels lonely,Number,
3570,2023-04,Manitoba,"Total, all persons",Sometimes feels lonely,Percent,31.4
3571,2023-04,Manitoba,"Total, all persons",Sometimes feels lonely,Percent,26.2
3572,2023-04,Manitoba,"Total, all persons",Sometimes feels lonely,Percent,37.1
3573,2023-04,Manitoba,"Total, all persons",Sometimes feels lonely,Number,340.0
3574,2023-04,Manitoba,"Total, all persons",Sometimes feels lonely,Number,280.0
3575,2023-04,Manitoba,"Total, all persons",Sometimes feels lonely,Number,399.0
3576,2023-04,Manitoba,"Total, all persons",Rarely or never feels lonely,Percent,56.6
3577,2023-04,Manitoba,"Total, all persons",Rarely or never feels lonely,Percent,50.8
3578,2023-04,Manitoba,"Total, all persons",Rarely or never feels lonely,Percent,62.2
3579,2023-04,Manitoba,"Total, all persons",Rarely or never feels lonely,Number,613.0
3580,2023-04,Manitoba,"Total, all persons",Rarely or never feels lonely,Number,551.0
3581,2023-04,Manitoba,"Total, all persons",Rarely or never feels lonely,Number,675.0
3582,2023-04,Manitoba,Men,Always or often feels lonely,Percent,11.4
3583,2023-04,Manitoba,Men,Always or often feels lonely,Percent,6.9
3584,2023-04,Manitoba,Men,Always or often feels lonely,Percent,18.2
3585,2023-04,Manitoba,Men,Always or often feels lonely,Number,
3586,2023-04,Manitoba,Men,Always or often feels lonely,Number,
3587,2023-04,Manitoba,Men,Always or often feels lonely,Number,
3588,2023-04,Manitoba,Men,Sometimes feels lonely,Percent,29.6
3589,2023-04,Manitoba,Men,Sometimes feels lonely,Percent,22.3
3590,2023-04,Manitoba,Men,Sometimes feels lonely,Percent,38.2
3591,2023-04,Manitoba,Men,Sometimes feels lonely,Number,161.0
3592,2023-04,Manitoba,Men,Sometimes feels lonely,Number,117.0
3593,2023-04,Manitoba,Men,Sometimes feels lonely,Number,205.0
3594,2023-04,Manitoba,Men,Rarely or never feels lonely,Percent,59.0
3595,2023-04,Manitoba,Men,Rarely or never feels lonely,Percent,50.1
3596,2023-04,Manitoba,Men,Rarely or never feels lonely,Percent,67.4
3597,2023-04,Manitoba,Men,Rarely or never feels lonely,Number,321.0
3598,2023-04,Manitoba,Men,Rarely or never feels lonely,Number,274.0
3599,2023-04,Manitoba,Men,Rarely or never feels lonely,Number,368.0
3600,2023-04,Manitoba,Women,Always or often feels lonely,Percent,12.6
3601,2023-04,Manitoba,Women,Always or often feels lonely,Percent,8.6
3602,2023-04,Manitoba,Women,Always or often feels lonely,Percent,18.2
3603,2023-04,Manitoba,Women,Always or often feels lonely,Number,
3604,2023-04,Manitoba,Women,Always or often feels lonely,Number,
3605,2023-04,Manitoba,Women,Always or often feels lonely,Number,
3606,2023-04,Manitoba,Women,Sometimes feels lonely,Percent,33.2
3607,2023-04,Manitoba,Women,Sometimes feels lonely,Percent,26.4
3608,2023-04,Manitoba,Women,Sometimes feels lonely,Percent,40.6
3609,2023-04,Manitoba,Women,Sometimes feels lonely,Number,179.0
3610,2023-04,Manitoba,Women,Sometimes feels lonely,Number,140.0
3611,2023-04,Manitoba,Women,Sometimes feels lonely,Number,218.0
3612,2023-04,Manitoba,Women,Rarely or never feels lonely,Percent,54.2
3613,2023-04,Manitoba,Women,Rarely or never feels lonely,Percent,46.7
3614,2023-04,Manitoba,Women,Rarely or never feels lonely,Percent,61.5
3615,2023-04,Manitoba,Women,Rarely or never feels lonely,Number,292.0
3616,2023-04,Manitoba,Women,Rarely or never feels lonely,Number,251.0
3617,2023-04,Manitoba,Women,Rarely or never feels lonely,Number,334.0
3618,2023-04,Saskatchewan,"Total, all persons",Always or often feels lonely,Percent,13.7
3619,2023-04,Saskatchewan,"Total, all persons",Always or often feels lonely,Percent,10.2
3620,2023-04,Saskatchewan,"Total, all persons",Always or often feels lonely,Percent,18.1
3621,2023-04,Saskatchewan,"Total, all persons",Always or often feels lonely,Number,125.0
3622,2023-04,Saskatchewan,"Total, all persons",Always or often feels lonely,Number,89.0
3623,2023-04,Saskatchewan,"Total, all persons",Always or often feels lonely,Number,162.0
3624,2023-04,Saskatchewan,"Total, all persons",Sometimes feels lonely,Percent,35.3
3625,2023-04,Saskatchewan,"Total, all persons",Sometimes feels lonely,Percent,30.3
3626,2023-04,Saskatchewan,"Total, all persons",Sometimes feels lonely,Percent,40.6
3627,2023-04,Saskatchewan,"Total, all persons",Sometimes feels lonely,Number,323.0
3628,2023-04,Saskatchewan,"Total, all persons",Sometimes feels lonely,Number,276.0
3629,2023-04,Saskatchewan,"Total, all persons",Sometimes feels lonely,Number,370.0
3630,2023-04,Saskatchewan,"Total, all persons",Rarely or never feels lonely,Percent,51.0
3631,2023-04,Saskatchewan,"Total, all persons",Rarely or never feels lonely,Percent,45.8
3632,2023-04,Saskatchewan,"Total, all persons",Rarely or never feels lonely,Percent,56.2
3633,2023-04,Saskatchewan,"Total, all persons",Rarely or never feels lonely,Number,467.0
3634,2023-04,Saskatchewan,"Total, all persons",Rarely or never feels lonely,Number,420.0
3635,2023-04,Saskatchewan,"Total, all persons",Rarely or never feels lonely,Number,515.0
3636,2023-04,Saskatchewan,Men,Always or often feels lonely,Percent,14.1
3637,2023-04,Saskatchewan,Men,Always or often feels lonely,Percent,9.2
3638,2023-04,Saskatchewan,Men,Always or often feels lonely,Percent,21.0
3639,2023-04,Saskatchewan,Men,Always or often feels lonely,Number,
3640,2023-04,Saskatchewan,Men,Always or often feels lonely,Number,
3641,2023-04,Saskatchewan,Men,Always or often feels lonely,Number,
3642,2023-04,Saskatchewan,Men,Sometimes feels lonely,Percent,34.6
3643,2023-04,Saskatchewan,Men,Sometimes feels lonely,Percent,27.4
3644,2023-04,Saskatchewan,Men,Sometimes feels lonely,Percent,42.6
3645,2023-04,Saskatchewan,Men,Sometimes feels lonely,Number,161.0
3646,2023-04,Saskatchewan,Men,Sometimes feels lonely,Number,125.0
3647,2023-04,Saskatchewan,Men,Sometimes feels lonely,Number,196.0
3648,2023-04,Saskatchewan,Men,Rarely or never feels lonely,Percent,51.3
3649,2023-04,Saskatchewan,Men,Rarely or never feels lonely,Percent,43.5
3650,2023-04,Saskatchewan,Men,Rarely or never feels lonely,Percent,59.1
3651,2023-04,Saskatchewan,Men,Rarely or never feels lonely,Number,238.0
3652,2023-04,Saskatchewan,Men,Rarely or never feels lonely,Number,202.0
3653,2023-04,Saskatchewan,Men,Rarely or never feels lonely,Number,275.0
3654,2023-04,Saskatchewan,Women,Always or often feels lonely,Percent,13.3
3655,2023-04,Saskatchewan,Women,Always or often feels lonely,Percent,9.0
3656,2023-04,Saskatchewan,Women,Always or often feels lonely,Percent,19.2
3657,2023-04,Saskatchewan,Women,Always or often feels lonely,Number,
3658,2023-04,Saskatchewan,Women,Always or often feels lonely,Number,
3659,2023-04,Saskatchewan,Women,Always or often feels lonely,Number,
3660,2023-04,Saskatchewan,Women,Sometimes feels lonely,Percent,36.0
3661,2023-04,Saskatchewan,Women,Sometimes feels lonely,Percent,29.6
3662,2023-04,Saskatchewan,Women,Sometimes feels lonely,Percent,42.9
3663,2023-04,Saskatchewan,Women,Sometimes feels lonely,Number,162.0
3664,2023-04,Saskatchewan,Women,Sometimes feels lonely,Number,132.0
3665,2023-04,Saskatchewan,Women,Sometimes feels lonely,Number,193.0
3666,2023-04,Saskatchewan,Women,Rarely or never feels lonely,Percent,50.7
3667,2023-04,Saskatchewan,Women,Rarely or never feels lonely,Percent,43.7
3668,2023-04,Saskatchewan,Women,Rarely or never feels lonely,Percent,57.8
3669,2023-04,Saskatchewan,Women,Rarely or never feels lonely,Number,229.0
3670,2023-04,Saskatchewan,Women,Rarely or never feels lonely,Number,197.0
3671,2023-04,Saskatchewan,Women,Rarely or never feels lonely,Number,261.0
3672,2023-04,Alberta,"Total, all persons",Always or often feels lonely,Percent,12.4
3673,2023-04,Alberta,"Total, all persons",Always or often feels lonely,Percent,9.7
3674,2023-04,Alberta,"Total, all persons",Always or often feels lonely,Percent,15.6
3675,2023-04,Alberta,"Total, all persons",Always or often feels lonely,Number,460.0
3676,2023-04,Alberta,"Total, all persons",Always or often feels lonely,Number,349.0
3677,2023-04,Alberta,"Total, all persons",Always or often feels lonely,Number,571.0
3678,2023-04,Alberta,"Total, all persons",Sometimes feels lonely,Percent,35.0
3679,2023-04,Alberta,"Total, all persons",Sometimes feels lonely,Percent,31.0
3680,2023-04,Alberta,"Total, all persons",Sometimes feels lonely,Percent,39.3
3681,2023-04,Alberta,"Total, all persons",Sometimes feels lonely,Number,1304.0
3682,2023-04,Alberta,"Total, all persons",Sometimes feels lonely,Number,1150.0
3683,2023-04,Alberta,"Total, all persons",Sometimes feels lonely,Number,1459.0
3684,2023-04,Alberta,"Total, all persons",Rarely or never feels lonely,Percent,52.6
3685,2023-04,Alberta,"Total, all persons",Rarely or never feels lonely,Percent,48.3
3686,2023-04,Alberta,"Total, all persons",Rarely or never feels lonely,Percent,56.9
3687,2023-04,Alberta,"Total, all persons",Rarely or never feels lonely,Number,1959.0
3688,2023-04,Alberta,"Total, all persons",Rarely or never feels lonely,Number,1798.0
3689,2023-04,Alberta,"Total, all persons",Rarely or never feels lonely,Number,2121.0
3690,2023-04,Alberta,Men,Always or often feels lonely,Percent,10.4
3691,2023-04,Alberta,Men,Always or often feels lonely,Percent,7.2
3692,2023-04,Alberta,Men,Always or often feels lonely,Percent,14.8
3693,2023-04,Alberta,Men,Always or often feels lonely,Number,
3694,2023-04,Alberta,Men,Always or often feels lonely,Number,
3695,2023-04,Alberta,Men,Always or often feels lonely,Number,
3696,2023-04,Alberta,Men,Sometimes feels lonely,Percent,32.9
3697,2023-04,Alberta,Men,Sometimes feels lonely,Percent,27.4
3698,2023-04,Alberta,Men,Sometimes feels lonely,Percent,39.0
3699,2023-04,Alberta,Men,Sometimes feels lonely,Number,609.0
3700,2023-04,Alberta,Men,Sometimes feels lonely,Number,501.0
3701,2023-04,Alberta,Men,Sometimes feels lonely,Number,717.0
3702,2023-04,Alberta,Men,Rarely or never feels lonely,Percent,56.7
3703,2023-04,Alberta,Men,Rarely or never feels lonely,Percent,50.5
3704,2023-04,Alberta,Men,Rarely or never feels lonely,Percent,62.7
3705,2023-04,Alberta,Men,Rarely or never feels lonely,Number,1049.0
3706,2023-04,Alberta,Men,Rarely or never feels lonely,Number,936.0
3707,2023-04,Alberta,Men,Rarely or never feels lonely,Number,1163.0
3708,2023-04,Alberta,Women,Always or often feels lonely,Percent,14.3
3709,2023-04,Alberta,Women,Always or often feels lonely,Percent,10.3
3710,2023-04,Alberta,Women,Always or often feels lonely,Percent,19.6
3711,2023-04,Alberta,Women,Always or often feels lonely,Number,
3712,2023-04,Alberta,Women,Always or often feels lonely,Number,
3713,2023-04,Alberta,Women,Always or often feels lonely,Number,
3714,2023-04,Alberta,Women,Sometimes feels lonely,Percent,37.1
3715,2023-04,Alberta,Women,Sometimes feels lonely,Percent,31.2
3716,2023-04,Alberta,Women,Sometimes feels lonely,Percent,43.4
3717,2023-04,Alberta,Women,Sometimes feels lonely,Number,695.0
3718,2023-04,Alberta,Women,Sometimes feels lonely,Number,581.0
3719,2023-04,Alberta,Women,Sometimes feels lonely,Number,810.0
3720,2023-04,Alberta,Women,Rarely or never feels lonely,Percent,48.6
3721,2023-04,Alberta,Women,Rarely or never feels lonely,Percent,42.6
3722,2023-04,Alberta,Women,Rarely or never feels lonely,Percent,54.6
3723,2023-04,Alberta,Women,Rarely or never feels lonely,Number,910.0
3724,2023-04,Alberta,Women,Rarely or never feels lonely,Number,797.0
3725,2023-04,Alberta,Women,Rarely or never feels lonely,Number,1024.0
3726,2023-04,British Columbia,"Total, all persons",Always or often feels lonely,Percent,12.3
3727,2023-04,British Columbia,"Total, all persons",Always or often feels lonely,Percent,9.6
3728,2023-04,British Columbia,"Total, all persons",Always or often feels lonely,Percent,15.7
3729,2023-04,British Columbia,"Total, all persons",Always or often feels lonely,Number,551.0
3730,2023-04,British Columbia,"Total, all persons",Always or often feels lonely,Number,416.0
3731,2023-04,British Columbia,"Total, all persons",Always or often feels lonely,Number,687.0
3732,2023-04,British Columbia,"Total, all persons",Sometimes feels lonely,Percent,33.7
3733,2023-04,British Columbia,"Total, all persons",Sometimes feels lonely,Percent,30.0
3734,2023-04,British Columbia,"Total, all persons",Sometimes feels lonely,Percent,37.6
3735,2023-04,British Columbia,"Total, all persons",Sometimes feels lonely,Number,1508.0
3736,2023-04,British Columbia,"Total, all persons",Sometimes feels lonely,Number,1339.0
3737,2023-04,British Columbia,"Total, all persons",Sometimes feels lonely,Number,1678.0
3738,2023-04,British Columbia,"Total, all persons",Rarely or never feels lonely,Percent,54.0
3739,2023-04,British Columbia,"Total, all persons",Rarely or never feels lonely,Percent,50.0
3740,2023-04,British Columbia,"Total, all persons",Rarely or never feels lonely,Percent,58.0
3741,2023-04,British Columbia,"Total, all persons",Rarely or never feels lonely,Number,2419.0
3742,2023-04,British Columbia,"Total, all persons",Rarely or never feels lonely,Number,2237.0
3743,2023-04,British Columbia,"Total, all persons",Rarely or never feels lonely,Number,2601.0
3744,2023-04,British Columbia,Men,Always or often feels lonely,Percent,11.9
3745,2023-04,British Columbia,Men,Always or often feels lonely,Percent,8.3
3746,2023-04,British Columbia,Men,Always or often feels lonely,Percent,16.9
3747,2023-04,British Columbia,Men,Always or often feels lonely,Number,
3748,2023-04,British Columbia,Men,Always or often feels lonely,Number,
3749,2023-04,British Columbia,Men,Always or often feels lonely,Number,
3750,2023-04,British Columbia,Men,Sometimes feels lonely,Percent,30.4
3751,2023-04,British Columbia,Men,Sometimes feels lonely,Percent,25.2
3752,2023-04,British Columbia,Men,Sometimes feels lonely,Percent,36.2
3753,2023-04,British Columbia,Men,Sometimes feels lonely,Number,672.0
3754,2023-04,British Columbia,Men,Sometimes feels lonely,Number,548.0
3755,2023-04,British Columbia,Men,Sometimes feels lonely,Number,796.0
3756,2023-04,British Columbia,Men,Rarely or never feels lonely,Percent,57.7
3757,2023-04,British Columbia,Men,Rarely or never feels lonely,Percent,51.6
3758,2023-04,British Columbia,Men,Rarely or never feels lonely,Percent,63.6
3759,2023-04,British Columbia,Men,Rarely or never feels lonely,Number,1274.0
3760,2023-04,British Columbia,Men,Rarely or never feels lonely,Number,1141.0
3761,2023-04,British Columbia,Men,Rarely or never feels lonely,Number,1408.0
3762,2023-04,British Columbia,Women,Always or often feels lonely,Percent,12.7
3763,2023-04,British Columbia,Women,Always or often feels lonely,Percent,9.2
3764,2023-04,British Columbia,Women,Always or often feels lonely,Percent,17.2
3765,2023-04,British Columbia,Women,Always or often feels lonely,Number,
3766,2023-04,British Columbia,Women,Always or often feels lonely,Number,
3767,2023-04,British Columbia,Women,Always or often feels lonely,Number,
3768,2023-04,British Columbia,Women,Sometimes feels lonely,Percent,36.9
3769,2023-04,British Columbia,Women,Sometimes feels lonely,Percent,31.9
3770,2023-04,British Columbia,Women,Sometimes feels lonely,Percent,42.1
3771,2023-04,British Columbia,Women,Sometimes feels lonely,Number,836.0
3772,2023-04,British Columbia,Women,Sometimes feels lonely,Number,718.0
3773,2023-04,British Columbia,Women,Sometimes feels lonely,Number,954.0
3774,2023-04,British Columbia,Women,Rarely or never feels lonely,Percent,50.5
3775,2023-04,British Columbia,Women,Rarely or never feels lonely,Percent,45.0
3776,2023-04,British Columbia,Women,Rarely or never feels lonely,Percent,55.9
3777,2023-04,British Columbia,Women,Rarely or never feels lonely,Number,1145.0
3778,2023-04,British Columbia,Women,Rarely or never feels lonely,Number,1018.0
3779,2023-04,British Columbia,Women,Rarely or never feels lonely,Number,1271.0
3780,2024-01,Newfoundland and Labrador,"Total, all persons",Always or often feels lonely,Percent,15.1
3781,2024-01,Newfoundland and Labrador,"Total, all persons",Always or often feels lonely,Percent,11.7
3782,2024-01,Newfoundland and Labrador,"Total, all persons",Always or often feels lonely,Percent,19.2
3783,2024-01,Newfoundland and Labrador,"Total, all persons",Always or often feels lonely,Number,69.0
3784,2024-01,Newfoundland and Labrador,"Total, all persons",Always or often feels lonely,Number,52.0
3785,2024-01,Newfoundland and Labrador,"Total, all persons",Always or often feels lonely,Number,86.0
3786,2024-01,Newfoundland and Labrador,"Total, all persons",Sometimes feels lonely,Percent,33.7
3787,2024-01,Newfoundland and Labrador,"Total, all persons",Sometimes feels lonely,Percent,29.5
3788,2024-01,Newfoundland and Labrador,"Total, all persons",Sometimes feels lonely,Percent,38.2
3789,2024-01,Newfoundland and Labrador,"Total, all persons",Sometimes feels lonely,Number,155.0
3790,2024-01,Newfoundland and Labrador,"Total, all persons",Sometimes feels lonely,Number,135.0
3791,2024-01,Newfoundland and Labrador,"Total, all persons",Sometimes feels lonely,Number,175.0
3792,2024-01,Newfoundland and Labrador,"Total, all persons",Rarely or never feels lonely,Percent,51.2
3793,2024-01,Newfoundland and Labrador,"Total, all persons",Rarely or never feels lonely,Percent,46.8
3794,2024-01,Newfoundland and Labrador,"Total, all persons",Rarely or never feels lonely,Percent,55.6
3795,2024-01,Newfoundland and Labrador,"Total, all persons",Rarely or never feels lonely,Number,235.0
3796,2024-01,Newfoundland and Labrador,"Total, all persons",Rarely or never feels lonely,Number,215.0
3797,2024-01,Newfoundland and Labrador,"Total, all persons",Rarely or never feels lonely,Number,255.0
3798,2024-01,Newfoundland and Labrador,Men,Always or often feels lonely,Percent,13.4
3799,2024-01,Newfoundland and Labrador,Men,Always or often feels lonely,Percent,9.5
3800,2024-01,Newfoundland and Labrador,Men,Always or often feels lonely,Percent,18.6
3801,2024-01,Newfoundland and Labrador,Men,Always or often feels lonely,Number,
3802,2024-01,Newfoundland and Labrador,Men,Always or often feels lonely,Number,
3803,2024-01,Newfoundland and Labrador,Men,Always or often feels lonely,Number,
3804,2024-01,Newfoundland and Labrador,Men,Sometimes feels lonely,Percent,32.7
3805,2024-01,Newfoundland and Labrador,Men,Sometimes feels lonely,Percent,27.0
3806,2024-01,Newfoundland and Labrador,Men,Sometimes feels lonely,Percent,38.9
3807,2024-01,Newfoundland and Labrador,Men,Sometimes feels lonely,Number,74.0
3808,2024-01,Newfoundland and Labrador,Men,Sometimes feels lonely,Number,60.0
3809,2024-01,Newfoundland and Labrador,Men,Sometimes feels lonely,Number,88.0
3810,2024-01,Newfoundland and Labrador,Men,Rarely or never feels lonely,Percent,54.0
3811,2024-01,Newfoundland and Labrador,Men,Rarely or never feels lonely,Percent,48.2
3812,2024-01,Newfoundland and Labrador,Men,Rarely or never feels lonely,Percent,59.7
3813,2024-01,Newfoundland and Labrador,Men,Rarely or never feels lonely,Number,122.0
3814,2024-01,Newfoundland and Labrador,Men,Rarely or never feels lonely,Number,108.0
3815,2024-01,Newfoundland and Labrador,Men,Rarely or never feels lonely,Number,136.0
3816,2024-01,Newfoundland and Labrador,Women,Always or often feels lonely,Percent,16.7
3817,2024-01,Newfoundland and Labrador,Women,Always or often feels lonely,Percent,11.8
3818,2024-01,Newfoundland and Labrador,Women,Always or often feels lonely,Percent,23.2
3819,2024-01,Newfoundland and Labrador,Women,Always or often feels lonely,Number,
3820,2024-01,Newfoundland and Labrador,Women,Always or often feels lonely,Number,
3821,2024-01,Newfoundland and Labrador,Women,Always or often feels lonely,Number,
3822,2024-01,Newfoundland and Labrador,Women,Sometimes feels lonely,Percent,34.7
3823,2024-01,Newfoundland and Labrador,Women,Sometimes feels lonely,Percent,28.7
3824,2024-01,Newfoundland and Labrador,Women,Sometimes feels lonely,Percent,41.3
3825,2024-01,Newfoundland and Labrador,Women,Sometimes feels lonely,Number,81.0
3826,2024-01,Newfoundland and Labrador,Women,Sometimes feels lonely,Number,66.0
3827,2024-01,Newfoundland and Labrador,Women,Sometimes feels lonely,Number,96.0
3828,2024-01,Newfoundland and Labrador,Women,Rarely or never feels lonely,Percent,48.5
3829,2024-01,Newfoundland and Labrador,Women,Rarely or never feels lonely,Percent,42.0
3830,2024-01,Newfoundland and Labrador,Women,Rarely or never feels lonely,Percent,55.1
3831,2024-01,Newfoundland and Labrador,Women,Rarely or never feels lonely,Number,113.0
3832,2024-01,Newfoundland and Labrador,Women,Rarely or never feels lonely,Number,98.0
3833,2024-01,Newfoundland and Labrador,Women,Rarely or never feels lonely,Number,128.0
3834,2024-01,Prince Edward Island,"Total, all persons",Always or often feels lonely,Percent,13.7
3835,2024-01,Prince Edward Island,"Total, all persons",Always or often feels lonely,Percent,10.3
3836,2024-01,Prince Edward Island,"Total, all persons",Always or often feels lonely,Percent,17.9
3837,2024-01,Prince Edward Island,"Total, all persons",Always or often feels lonely,Number,20.0
3838,2024-01,Prince Edward Island,"Total, all persons",Always or often feels lonely,Number,15.0
3839,2024-01,Prince Edward Island,"Total, all persons",Always or often feels lonely,Number,26.0
3840,2024-01,Prince Edward Island,"Total, all persons",Sometimes feels lonely,Percent,31.1
3841,2024-01,Prince Edward Island,"Total, all persons",Sometimes feels lonely,Percent,26.9
3842,2024-01,Prince Edward Island,"Total, all persons",Sometimes feels lonely,Percent,35.6
3843,2024-01,Prince Edward Island,"Total, all persons",Sometimes feels lonely,Number,46.0
3844,2024-01,Prince Edward Island,"Total, all persons",Sometimes feels lonely,Number,39.0
3845,2024-01,Prince Edward Island,"Total, all persons",Sometimes feels lonely,Number,52.0
3846,2024-01,Prince Edward Island,"Total, all persons",Rarely or never feels lonely,Percent,55.3
3847,2024-01,Prince Edward Island,"Total, all persons",Rarely or never feels lonely,Percent,50.3
3848,2024-01,Prince Edward Island,"Total, all persons",Rarely or never feels lonely,Percent,60.2
3849,2024-01,Prince Edward Island,"Total, all persons",Rarely or never feels lonely,Number,82.0
3850,2024-01,Prince Edward Island,"Total, all persons",Rarely or never feels lonely,Number,74.0
3851,2024-01,Prince Edward Island,"Total, all persons",Rarely or never feels lonely,Number,89.0
3852,2024-01,Prince Edward Island,Men,Always or often feels lonely,Percent,14.0
3853,2024-01,Prince Edward Island,Men,Always or often feels lonely,Percent,9.1
3854,2024-01,Prince Edward Island,Men,Always or often feels lonely,Percent,21.0
3855,2024-01,Prince Edward Island,Men,Always or often feels lonely,Number,
3856,2024-01,Prince Edward Island,Men,Always or often feels lonely,Number,
3857,2024-01,Prince Edward Island,Men,Always or often feels lonely,Number,
3858,2024-01,Prince Edward Island,Men,Sometimes feels lonely,Percent,23.3
3859,2024-01,Prince Edward Island,Men,Sometimes feels lonely,Percent,17.8
3860,2024-01,Prince Edward Island,Men,Sometimes feels lonely,Percent,29.9
3861,2024-01,Prince Edward Island,Men,Sometimes feels lonely,Number,17.0
3862,2024-01,Prince Edward Island,Men,Sometimes feels lonely,Number,13.0
3863,2024-01,Prince Edward Island,Men,Sometimes feels lonely,Number,22.0
3864,2024-01,Prince Edward Island,Men,Rarely or never feels lonely,Percent,62.7
3865,2024-01,Prince Edward Island,Men,Rarely or never feels lonely,Percent,55.0
3866,2024-01,Prince Edward Island,Men,Rarely or never feels lonely,Percent,69.7
3867,2024-01,Prince Edward Island,Men,Rarely or never feels lonely,Number,46.0
3868,2024-01,Prince Edward Island,Men,Rarely or never feels lonely,Number,41.0
3869,2024-01,Prince Edward Island,Men,Rarely or never feels lonely,Number,52.0
3870,2024-01,Prince Edward Island,Women,Always or often feels lonely,Percent,13.3
3871,2024-01,Prince Edward Island,Women,Always or often feels lonely,Percent,9.5
3872,2024-01,Prince Edward Island,Women,Always or often feels lonely,Percent,18.3
3873,2024-01,Prince Edward Island,Women,Always or often feels lonely,Number,
3874,2024-01,Prince Edward Island,Women,Always or often feels lonely,Number,
3875,2024-01,Prince Edward Island,Women,Always or often feels lonely,Number,
3876,2024-01,Prince Edward Island,Women,Sometimes feels lonely,Percent,38.8
3877,2024-01,Prince Edward Island,Women,Sometimes feels lonely,Percent,32.6
3878,2024-01,Prince Edward Island,Women,Sometimes feels lonely,Percent,45.4
3879,2024-01,Prince Edward Island,Women,Sometimes feels lonely,Number,29.0
3880,2024-01,Prince Edward Island,Women,Sometimes feels lonely,Number,24.0
3881,2024-01,Prince Edward Island,Women,Sometimes feels lonely,Number,34.0
3882,2024-01,Prince Edward Island,Women,Rarely or never feels lonely,Percent,47.9
3883,2024-01,Prince Edward Island,Women,Rarely or never feels lonely,Percent,41.3
3884,2024-01,Prince Edward Island,Women,Rarely or never feels lonely,Percent,54.6
3885,2024-01,Prince Edward Island,Women,Rarely or never feels lonely,Number,35.0
3886,2024-01,Prince Edward Island,Women,Rarely or never feels lonely,Number,31.0
3887,2024-01,Prince Edward Island,Women,Rarely or never feels lonely,Number,40.0
3888,2024-01,Nova Scotia,"Total, all persons",Always or often feels lonely,Percent,13.9
3889,2024-01,Nova Scotia,"Total, all persons",Always or often feels lonely,Percent,11.2
3890,2024-01,Nova Scotia,"Total, all persons",Always or often feels lonely,Percent,17.2
3891,2024-01,Nova Scotia,"Total, all persons",Always or often feels lonely,Number,124.0
3892,2024-01,Nova Scotia,"Total, all persons",Always or often feels lonely,Number,97.0
3893,2024-01,Nova Scotia,"Total, all persons",Always or often feels lonely,Number,150.0
3894,2024-01,Nova Scotia,"Total, all persons",Sometimes feels lonely,Percent,33.5
3895,2024-01,Nova Scotia,"Total, all persons",Sometimes feels lonely,Percent,29.8
3896,2024-01,Nova Scotia,"Total, all persons",Sometimes feels lonely,Percent,37.4
3897,2024-01,Nova Scotia,"Total, all persons",Sometimes feels lonely,Number,297.0
3898,2024-01,Nova Scotia,"Total, all persons",Sometimes feels lonely,Number,263.0
3899,2024-01,Nova Scotia,"Total, all persons",Sometimes feels lonely,Number,331.0
3900,2024-01,Nova Scotia,"Total, all persons",Rarely or never feels lonely,Percent,52.6
3901,2024-01,Nova Scotia,"Total, all persons",Rarely or never feels lonely,Percent,48.4
3902,2024-01,Nova Scotia,"Total, all persons",Rarely or never feels lonely,Percent,56.7
3903,2024-01,Nova Scotia,"Total, all persons",Rarely or never feels lonely,Number,467.0
3904,2024-01,Nova Scotia,"Total, all persons",Rarely or never feels lonely,Number,430.0
3905,2024-01,Nova Scotia,"Total, all persons",Rarely or never feels lonely,Number,504.0
3906,2024-01,Nova Scotia,Men,Always or often feels lonely,Percent,13.1
3907,2024-01,Nova Scotia,Men,Always or often feels lonely,Percent,9.4
3908,2024-01,Nova Scotia,Men,Always or often feels lonely,Percent,18.1
3909,2024-01,Nova Scotia,Men,Always or often feels lonely,Number,
3910,2024-01,Nova Scotia,Men,Always or often feels lonely,Number,
3911,2024-01,Nova Scotia,Men,Always or often feels lonely,Number,
3912,2024-01,Nova Scotia,Men,Sometimes feels lonely,Percent,29.5
3913,2024-01,Nova Scotia,Men,Sometimes feels lonely,Percent,24.3
3914,2024-01,Nova Scotia,Men,Sometimes feels lonely,Percent,35.2
3915,2024-01,Nova Scotia,Men,Sometimes feels lonely,Number,129.0
3916,2024-01,Nova Scotia,Men,Sometimes feels lonely,Number,105.0
3917,2024-01,Nova Scotia,Men,Sometimes feels lonely,Number,152.0
3918,2024-01,Nova Scotia,Men,Rarely or never feels lonely,Percent,57.4
3919,2024-01,Nova Scotia,Men,Rarely or never feels lonely,Percent,51.1
3920,2024-01,Nova Scotia,Men,Rarely or never feels lonely,Percent,63.5
3921,2024-01,Nova Scotia,Men,Rarely or never feels lonely,Number,250.0
3922,2024-01,Nova Scotia,Men,Rarely or never feels lonely,Number,224.0
3923,2024-01,Nova Scotia,Men,Rarely or never feels lonely,Number,277.0
3924,2024-01,Nova Scotia,Women,Always or often feels lonely,Percent,14.7
3925,2024-01,Nova Scotia,Women,Always or often feels lonely,Percent,10.9
3926,2024-01,Nova Scotia,Women,Always or often feels lonely,Percent,19.5
3927,2024-01,Nova Scotia,Women,Always or often feels lonely,Number,66.0
3928,2024-01,Nova Scotia,Women,Always or often feels lonely,Number,47.0
3929,2024-01,Nova Scotia,Women,Always or often feels lonely,Number,86.0
3930,2024-01,Nova Scotia,Women,Sometimes feels lonely,Percent,37.4
3931,2024-01,Nova Scotia,Women,Sometimes feels lonely,Percent,31.9
3932,2024-01,Nova Scotia,Women,Sometimes feels lonely,Percent,43.2
3933,2024-01,Nova Scotia,Women,Sometimes feels lonely,Number,169.0
3934,2024-01,Nova Scotia,Women,Sometimes feels lonely,Number,143.0
3935,2024-01,Nova Scotia,Women,Sometimes feels lonely,Number,195.0
3936,2024-01,Nova Scotia,Women,Rarely or never feels lonely,Percent,47.9
3937,2024-01,Nova Scotia,Women,Rarely or never feels lonely,Percent,42.2
3938,2024-01,Nova Scotia,Women,Rarely or never feels lonely,Percent,53.7
3939,2024-01,Nova Scotia,Women,Rarely or never feels lonely,Number,216.0
3940,2024-01,Nova Scotia,Women,Rarely or never feels lonely,Number,190.0
3941,2024-01,Nova Scotia,Women,Rarely or never feels lonely,Number,242.0
3942,2024-01,New Brunswick,"Total, all persons",Always or often feels lonely,Percent,14.7
3943,2024-01,New Brunswick,"Total, all persons",Always or often feels lonely,Percent,11.5
3944,2024-01,New Brunswick,"Total, all persons",Always or often feels lonely,Percent,18.5
3945,2024-01,New Brunswick,"Total, all persons",Always or often feels lonely,Number,102.0
3946,2024-01,New Brunswick,"Total, all persons",Always or often feels lonely,Number,77.0
3947,2024-01,New Brunswick,"Total, all persons",Always or often feels lonely,Number,126.0
3948,2024-01,New Brunswick,"Total, all persons",Sometimes feels lonely,Percent,32.5
3949,2024-01,New Brunswick,"Total, all persons",Sometimes feels lonely,Percent,28.5
3950,2024-01,New Brunswick,"Total, all persons",Sometimes feels lonely,Percent,36.8
3951,2024-01,New Brunswick,"Total, all persons",Sometimes feels lonely,Number,226.0
3952,2024-01,New Brunswick,"Total, all persons",Sometimes feels lonely,Number,196.0
3953,2024-01,New Brunswick,"Total, all persons",Sometimes feels lonely,Number,255.0
3954,2024-01,New Brunswick,"Total, all persons",Rarely or never feels lonely,Percent,52.8
3955,2024-01,New Brunswick,"Total, all persons",Rarely or never feels lonely,Percent,48.3
3956,2024-01,New Brunswick,"Total, all persons",Rarely or never feels lonely,Percent,57.3
3957,2024-01,New Brunswick,"Total, all persons",Rarely or never feels lonely,Number,366.0
3958,2024-01,New Brunswick,"Total, all persons",Rarely or never feels lonely,Number,335.0
3959,2024-01,New Brunswick,"Total, all persons",Rarely or never feels lonely,Number,397.0
3960,2024-01,New Brunswick,Men,Always or often feels lonely,Percent,14.6
3961,2024-01,New Brunswick,Men,Always or often feels lonely,Percent,10.1
3962,2024-01,New Brunswick,Men,Always or often feels lonely,Percent,20.7
3963,2024-01,New Brunswick,Men,Always or often feels lonely,Number,
3964,2024-01,New Brunswick,Men,Always or often feels lonely,Number,
3965,2024-01,New Brunswick,Men,Always or often feels lonely,Number,
3966,2024-01,New Brunswick,Men,Sometimes feels lonely,Percent,29.0
3967,2024-01,New Brunswick,Men,Sometimes feels lonely,Percent,23.4
3968,2024-01,New Brunswick,Men,Sometimes feels lonely,Percent,35.4
3969,2024-01,New Brunswick,Men,Sometimes feels lonely,Number,100.0
3970,2024-01,New Brunswick,Men,Sometimes feels lonely,Number,78.0
3971,2024-01,New Brunswick,Men,Sometimes feels lonely,Number,121.0
3972,2024-01,New Brunswick,Men,Rarely or never feels lonely,Percent,56.4
3973,2024-01,New Brunswick,Men,Rarely or never feels lonely,Percent,50.0
3974,2024-01,New Brunswick,Men,Rarely or never feels lonely,Percent,62.6
3975,2024-01,New Brunswick,Men,Rarely or never feels lonely,Number,194.0
3976,2024-01,New Brunswick,Men,Rarely or never feels lonely,Number,171.0
3977,2024-01,New Brunswick,Men,Rarely or never feels lonely,Number,216.0
3978,2024-01,New Brunswick,Women,Always or often feels lonely,Percent,14.7
3979,2024-01,New Brunswick,Women,Always or often feels lonely,Percent,10.5
3980,2024-01,New Brunswick,Women,Always or often feels lonely,Percent,20.2
3981,2024-01,New Brunswick,Women,Always or often feels lonely,Number,
3982,2024-01,New Brunswick,Women,Always or often feels lonely,Number,
3983,2024-01,New Brunswick,Women,Always or often feels lonely,Number,
3984,2024-01,New Brunswick,Women,Sometimes feels lonely,Percent,36.0
3985,2024-01,New Brunswick,Women,Sometimes feels lonely,Percent,30.4
3986,2024-01,New Brunswick,Women,Sometimes feels lonely,Percent,41.9
3987,2024-01,New Brunswick,Women,Sometimes feels lonely,Number,126.0
3988,2024-01,New Brunswick,Women,Sometimes feels lonely,Number,106.0
3989,2024-01,New Brunswick,Women,Sometimes feels lonely,Number,146.0
3990,2024-01,New Brunswick,Women,Rarely or never feels lonely,Percent,49.3
3991,2024-01,New Brunswick,Women,Rarely or never feels lonely,Percent,43.3
3992,2024-01,New Brunswick,Women,Rarely or never feels lonely,Percent,55.3
3993,2024-01,New Brunswick,Women,Rarely or never feels lonely,Number,173.0
3994,2024-01,New Brunswick,Women,Rarely or never feels lonely,Number,151.0
3995,2024-01,New Brunswick,Women,Rarely or never feels lonely,Number,194.0
3996,2024-01,Quebec,"Total, all persons",Always or often feels lonely,Percent,13.4
3997,2024-01,Quebec,"Total, all persons",Always or often feels lonely,Percent,11.8
3998,2024-01,Quebec,"Total, all persons",Always or often feels lonely,Percent,15.1
3999,2024-01,Quebec,"Total, all persons",Always or often feels lonely,Number,978.0
4000,2024-01,Quebec,"Total, all persons",Always or often feels lonely,Number,859.0
4001,2024-01,Quebec,"Total, all persons",Always or often feels lonely,Number,1097.0
4002,2024-01,Quebec,"Total, all persons",Sometimes feels lonely,Percent,30.3
4003,2024-01,Quebec,"Total, all persons",Sometimes feels lonely,Percent,28.0
4004,2024-01,Quebec,"Total, all persons",Sometimes feels lonely,Percent,32.6
4005,2024-01,Quebec,"Total, all persons",Sometimes feels lonely,Number,2214.0
4006,2024-01,Quebec,"Total, all persons",Sometimes feels lonely,Number,2050.0
4007,2024-01,Quebec,"Total, all persons",Sometimes feels lonely,Number,2379.0
4008,2024-01,Quebec,"Total, all persons",Rarely or never feels lonely,Percent,56.4
4009,2024-01,Quebec,"Total, all persons",Rarely or never feels lonely,Percent,54.1
4010,2024-01,Quebec,"Total, all persons",Rarely or never feels lonely,Percent,58.7
4011,2024-01,Quebec,"Total, all persons",Rarely or never feels lonely,Number,4127.0
4012,2024-01,Quebec,"Total, all persons",Rarely or never feels lonely,Number,3957.0
4013,2024-01,Quebec,"Total, all persons",Rarely or never feels lonely,Number,4297.0
4014,2024-01,Quebec,Men,Always or often feels lonely,Percent,12.4
4015,2024-01,Quebec,Men,Always or often feels lonely,Percent,10.3
4016,2024-01,Quebec,Men,Always or often feels lonely,Percent,14.9
4017,2024-01,Quebec,Men,Always or often feels lonely,Number,454.0
4018,2024-01,Quebec,Men,Always or often feels lonely,Number,370.0
4019,2024-01,Quebec,Men,Always or often feels lonely,Number,538.0
4020,2024-01,Quebec,Men,Sometimes feels lonely,Percent,26.0
4021,2024-01,Quebec,Men,Sometimes feels lonely,Percent,23.0
4022,2024-01,Quebec,Men,Sometimes feels lonely,Percent,29.3
4023,2024-01,Quebec,Men,Sometimes feels lonely,Number,953.0
4024,2024-01,Quebec,Men,Sometimes feels lonely,Number,837.0
4025,2024-01,Quebec,Men,Sometimes feels lonely,Number,1070.0
4026,2024-01,Quebec,Men,Rarely or never feels lonely,Percent,61.6
4027,2024-01,Quebec,Men,Rarely or never feels lonely,Percent,58.2
4028,2024-01,Quebec,Men,Rarely or never feels lonely,Percent,64.9
4029,2024-01,Quebec,Men,Rarely or never feels lonely,Number,2257.0
4030,2024-01,Quebec,Men,Rarely or never feels lonely,Number,2132.0
4031,2024-01,Quebec,Men,Rarely or never feels lonely,Number,2382.0
4032,2024-01,Quebec,Women,Always or often feels lonely,Percent,14.3
4033,2024-01,Quebec,Women,Always or often feels lonely,Percent,12.1
4034,2024-01,Quebec,Women,Always or often feels lonely,Percent,16.9
4035,2024-01,Quebec,Women,Always or often feels lonely,Number,524.0
4036,2024-01,Quebec,Women,Always or often feels lonely,Number,437.0
4037,2024-01,Quebec,Women,Always or often feels lonely,Number,611.0
4038,2024-01,Quebec,Women,Sometimes feels lonely,Percent,34.5
4039,2024-01,Quebec,Women,Sometimes feels lonely,Percent,31.3
4040,2024-01,Quebec,Women,Sometimes feels lonely,Percent,37.8
4041,2024-01,Quebec,Women,Sometimes feels lonely,Number,1261.0
4042,2024-01,Quebec,Women,Sometimes feels lonely,Number,1142.0
4043,2024-01,Quebec,Women,Sometimes feels lonely,Number,1380.0
4044,2024-01,Quebec,Women,Rarely or never feels lonely,Percent,51.2
4045,2024-01,Quebec,Women,Rarely or never feels lonely,Percent,47.9
4046,2024-01,Quebec,Women,Rarely or never feels lonely,Percent,54.4
4047,2024-01,Quebec,Women,Rarely or never feels lonely,Number,1870.0
4048,2024-01,Quebec,Women,Rarely or never feels lonely,Number,1752.0
4049,2024-01,Quebec,Women,Rarely or never feels lonely,Number,1988.0
4050,2024-01,Ontario,"Total, all persons",Always or often feels lonely,Percent,13.3
4051,2024-01,Ontario,"Total, all persons",Always or often feels lonely,Percent,12.0
4052,2024-01,Ontario,"Total, all persons",Always or often feels lonely,Percent,14.7
4053,2024-01,Ontario,"Total, all persons",Always or often feels lonely,Number,1731.0
4054,2024-01,Ontario,"Total, all persons",Always or often feels lonely,Number,1555.0
4055,2024-01,Ontario,"Total, all persons",Always or often feels lonely,Number,1908.0
4056,2024-01,Ontario,"Total, all persons",Sometimes feels lonely,Percent,34.9
4057,2024-01,Ontario,"Total, all persons",Sometimes feels lonely,Percent,33.0
4058,2024-01,Ontario,"Total, all persons",Sometimes feels lonely,Percent,36.8
4059,2024-01,Ontario,"Total, all persons",Sometimes feels lonely,Number,4552.0
4060,2024-01,Ontario,"Total, all persons",Sometimes feels lonely,Number,4305.0
4061,2024-01,Ontario,"Total, all persons",Sometimes feels lonely,Number,4800.0
4062,2024-01,Ontario,"Total, all persons",Rarely or never feels lonely,Percent,51.9
4063,2024-01,Ontario,"Total, all persons",Rarely or never feels lonely,Percent,50.0
4064,2024-01,Ontario,"Total, all persons",Rarely or never feels lonely,Percent,53.7
4065,2024-01,Ontario,"Total, all persons",Rarely or never feels lonely,Number,6770.0
4066,2024-01,Ontario,"Total, all persons",Rarely or never feels lonely,Number,6527.0
4067,2024-01,Ontario,"Total, all persons",Rarely or never feels lonely,Number,7014.0
4068,2024-01,Ontario,Men,Always or often feels lonely,Percent,13.6
4069,2024-01,Ontario,Men,Always or often feels lonely,Percent,11.7
4070,2024-01,Ontario,Men,Always or often feels lonely,Percent,15.6
4071,2024-01,Ontario,Men,Always or often feels lonely,Number,875.0
4072,2024-01,Ontario,Men,Always or often feels lonely,Number,747.0
4073,2024-01,Ontario,Men,Always or often feels lonely,Number,1002.0
4074,2024-01,Ontario,Men,Sometimes feels lonely,Percent,30.4
4075,2024-01,Ontario,Men,Sometimes feels lonely,Percent,27.8
4076,2024-01,Ontario,Men,Sometimes feels lonely,Percent,33.0
4077,2024-01,Ontario,Men,Sometimes feels lonely,Number,1959.0
4078,2024-01,Ontario,Men,Sometimes feels lonely,Number,1788.0
4079,2024-01,Ontario,Men,Sometimes feels lonely,Number,2130.0
4080,2024-01,Ontario,Men,Rarely or never feels lonely,Percent,56.1
4081,2024-01,Ontario,Men,Rarely or never feels lonely,Percent,53.3
4082,2024-01,Ontario,Men,Rarely or never feels lonely,Percent,58.9
4083,2024-01,Ontario,Men,Rarely or never feels lonely,Number,3620.0
4084,2024-01,Ontario,Men,Rarely or never feels lonely,Number,3439.0
4085,2024-01,Ontario,Men,Rarely or never feels lonely,Number,3802.0
4086,2024-01,Ontario,Women,Always or often feels lonely,Percent,13.0
4087,2024-01,Ontario,Women,Always or often feels lonely,Percent,11.2
4088,2024-01,Ontario,Women,Always or often feels lonely,Percent,15.0
4089,2024-01,Ontario,Women,Always or often feels lonely,Number,857.0
4090,2024-01,Ontario,Women,Always or often feels lonely,Number,732.0
4091,2024-01,Ontario,Women,Always or often feels lonely,Number,981.0
4092,2024-01,Ontario,Women,Sometimes feels lonely,Percent,39.3
4093,2024-01,Ontario,Women,Sometimes feels lonely,Percent,36.7
4094,2024-01,Ontario,Women,Sometimes feels lonely,Percent,42.0
4095,2024-01,Ontario,Women,Sometimes feels lonely,Number,2593.0
4096,2024-01,Ontario,Women,Sometimes feels lonely,Number,2419.0
4097,2024-01,Ontario,Women,Sometimes feels lonely,Number,2768.0
4098,2024-01,Ontario,Women,Rarely or never feels lonely,Percent,47.7
4099,2024-01,Ontario,Women,Rarely or never feels lonely,Percent,45.3
4100,2024-01,Ontario,Women,Rarely or never feels lonely,Percent,50.2
4101,2024-01,Ontario,Women,Rarely or never feels lonely,Number,3150.0
4102,2024-01,Ontario,Women,Rarely or never feels lonely,Number,2987.0
4103,2024-01,Ontario,Women,Rarely or never feels lonely,Number,3313.0
4104,2024-01,Manitoba,"Total, all persons",Always or often feels lonely,Percent,12.5
4105,2024-01,Manitoba,"Total, all persons",Always or often feels lonely,Percent,9.9
4106,2024-01,Manitoba,"Total, all persons",Always or often feels lonely,Percent,15.5
4107,2024-01,Manitoba,"Total, all persons",Always or often feels lonely,Number,139.0
4108,2024-01,Manitoba,"Total, all persons",Always or often feels lonely,Number,108.0
4109,2024-01,Manitoba,"Total, all persons",Always or often feels lonely,Number,170.0
4110,2024-01,Manitoba,"Total, all persons",Sometimes feels lonely,Percent,36.0
4111,2024-01,Manitoba,"Total, all persons",Sometimes feels lonely,Percent,32.1
4112,2024-01,Manitoba,"Total, all persons",Sometimes feels lonely,Percent,40.1
4113,2024-01,Manitoba,"Total, all persons",Sometimes feels lonely,Number,401.0
4114,2024-01,Manitoba,"Total, all persons",Sometimes feels lonely,Number,356.0
4115,2024-01,Manitoba,"Total, all persons",Sometimes feels lonely,Number,445.0
4116,2024-01,Manitoba,"Total, all persons",Rarely or never feels lonely,Percent,51.5
4117,2024-01,Manitoba,"Total, all persons",Rarely or never feels lonely,Percent,47.4
4118,2024-01,Manitoba,"Total, all persons",Rarely or never feels lonely,Percent,55.6
4119,2024-01,Manitoba,"Total, all persons",Rarely or never feels lonely,Number,574.0
4120,2024-01,Manitoba,"Total, all persons",Rarely or never feels lonely,Number,528.0
4121,2024-01,Manitoba,"Total, all persons",Rarely or never feels lonely,Number,619.0
4122,2024-01,Manitoba,Men,Always or often feels lonely,Percent,7.4
4123,2024-01,Manitoba,Men,Always or often feels lonely,Percent,5.1
4124,2024-01,Manitoba,Men,Always or often feels lonely,Percent,10.6
4125,2024-01,Manitoba,Men,Always or often feels lonely,Number,
4126,2024-01,Manitoba,Men,Always or often feels lonely,Number,
4127,2024-01,Manitoba,Men,Always or often feels lonely,Number,
4128,2024-01,Manitoba,Men,Sometimes feels lonely,Percent,39.0
4129,2024-01,Manitoba,Men,Sometimes feels lonely,Percent,33.4
4130,2024-01,Manitoba,Men,Sometimes feels lonely,Percent,44.8
4131,2024-01,Manitoba,Men,Sometimes feels lonely,Number,217.0
4132,2024-01,Manitoba,Men,Sometimes feels lonely,Number,185.0
4133,2024-01,Manitoba,Men,Sometimes feels lonely,Number,249.0
4134,2024-01,Manitoba,Men,Rarely or never feels lonely,Percent,53.7
4135,2024-01,Manitoba,Men,Rarely or never feels lonely,Percent,47.7
4136,2024-01,Manitoba,Men,Rarely or never feels lonely,Percent,59.5
4137,2024-01,Manitoba,Men,Rarely or never feels lonely,Number,299.0
4138,2024-01,Manitoba,Men,Rarely or never feels lonely,Number,266.0
4139,2024-01,Manitoba,Men,Rarely or never feels lonely,Number,332.0
4140,2024-01,Manitoba,Women,Always or often feels lonely,Percent,17.6
4141,2024-01,Manitoba,Women,Always or often feels lonely,Percent,13.1
4142,2024-01,Manitoba,Women,Always or often feels lonely,Percent,23.1
4143,2024-01,Manitoba,Women,Always or often feels lonely,Number,
4144,2024-01,Manitoba,Women,Always or often feels lonely,Number,
4145,2024-01,Manitoba,Women,Always or often feels lonely,Number,
4146,2024-01,Manitoba,Women,Sometimes feels lonely,Percent,33.0
4147,2024-01,Manitoba,Women,Sometimes feels lonely,Percent,27.7
4148,2024-01,Manitoba,Women,Sometimes feels lonely,Percent,38.7
4149,2024-01,Manitoba,Women,Sometimes feels lonely,Number,183.0
4150,2024-01,Manitoba,Women,Sometimes feels lonely,Number,153.0
4151,2024-01,Manitoba,Women,Sometimes feels lonely,Number,214.0
4152,2024-01,Manitoba,Women,Rarely or never feels lonely,Percent,49.4
4153,2024-01,Manitoba,Women,Rarely or never feels lonely,Percent,43.9
4154,2024-01,Manitoba,Women,Rarely or never feels lonely,Percent,55.0
4155,2024-01,Manitoba,Women,Rarely or never feels lonely,Number,275.0
4156,2024-01,Manitoba,Women,Rarely or never feels lonely,Number,244.0
4157,2024-01,Manitoba,Women,Rarely or never feels lonely,Number,305.0
4158,2024-01,Saskatchewan,"Total, all persons",Always or often feels lonely,Percent,13.7
4159,2024-01,Saskatchewan,"Total, all persons",Always or often feels lonely,Percent,11.1
4160,2024-01,Saskatchewan,"Total, all persons",Always or often feels lonely,Percent,16.7
4161,2024-01,Saskatchewan,"Total, all persons",Always or often feels lonely,Number,128.0
4162,2024-01,Saskatchewan,"Total, all persons",Always or often feels lonely,Number,101.0
4163,2024-01,Saskatchewan,"Total, all persons",Always or often feels lonely,Number,155.0
4164,2024-01,Saskatchewan,"Total, all persons",Sometimes feels lonely,Percent,37.2
4165,2024-01,Saskatchewan,"Total, all persons",Sometimes feels lonely,Percent,33.1
4166,2024-01,Saskatchewan,"Total, all persons",Sometimes feels lonely,Percent,41.6
4167,2024-01,Saskatchewan,"Total, all persons",Sometimes feels lonely,Number,349.0
4168,2024-01,Saskatchewan,"Total, all persons",Sometimes feels lonely,Number,309.0
4169,2024-01,Saskatchewan,"Total, all persons",Sometimes feels lonely,Number,389.0
4170,2024-01,Saskatchewan,"Total, all persons",Rarely or never feels lonely,Percent,49.1
4171,2024-01,Saskatchewan,"Total, all persons",Rarely or never feels lonely,Percent,45.0
4172,2024-01,Saskatchewan,"Total, all persons",Rarely or never feels lonely,Percent,53.3
4173,2024-01,Saskatchewan,"Total, all persons",Rarely or never feels lonely,Number,461.0
4174,2024-01,Saskatchewan,"Total, all persons",Rarely or never feels lonely,Number,422.0
4175,2024-01,Saskatchewan,"Total, all persons",Rarely or never feels lonely,Number,499.0
4176,2024-01,Saskatchewan,Men,Always or often feels lonely,Percent,12.5
4177,2024-01,Saskatchewan,Men,Always or often feels lonely,Percent,9.2
4178,2024-01,Saskatchewan,Men,Always or often feels lonely,Percent,16.7
4179,2024-01,Saskatchewan,Men,Always or often feels lonely,Number,
4180,2024-01,Saskatchewan,Men,Always or often feels lonely,Number,
4181,2024-01,Saskatchewan,Men,Always or often feels lonely,Number,
4182,2024-01,Saskatchewan,Men,Sometimes feels lonely,Percent,32.6
4183,2024-01,Saskatchewan,Men,Sometimes feels lonely,Percent,27.1
4184,2024-01,Saskatchewan,Men,Sometimes feels lonely,Percent,38.6
4185,2024-01,Saskatchewan,Men,Sometimes feels lonely,Number,156.0
4186,2024-01,Saskatchewan,Men,Sometimes feels lonely,Number,128.0
4187,2024-01,Saskatchewan,Men,Sometimes feels lonely,Number,184.0
4188,2024-01,Saskatchewan,Men,Rarely or never feels lonely,Percent,54.9
4189,2024-01,Saskatchewan,Men,Rarely or never feels lonely,Percent,49.0
4190,2024-01,Saskatchewan,Men,Rarely or never feels lonely,Percent,60.7
4191,2024-01,Saskatchewan,Men,Rarely or never feels lonely,Number,263.0
4192,2024-01,Saskatchewan,Men,Rarely or never feels lonely,Number,234.0
4193,2024-01,Saskatchewan,Men,Rarely or never feels lonely,Number,292.0
4194,2024-01,Saskatchewan,Women,Always or often feels lonely,Percent,14.9
4195,2024-01,Saskatchewan,Women,Always or often feels lonely,Percent,11.1
4196,2024-01,Saskatchewan,Women,Always or often feels lonely,Percent,19.5
4197,2024-01,Saskatchewan,Women,Always or often feels lonely,Number,
4198,2024-01,Saskatchewan,Women,Always or often feels lonely,Number,
4199,2024-01,Saskatchewan,Women,Always or often feels lonely,Number,
4200,2024-01,Saskatchewan,Women,Sometimes feels lonely,Percent,42.1
4201,2024-01,Saskatchewan,Women,Sometimes feels lonely,Percent,36.1
4202,2024-01,Saskatchewan,Women,Sometimes feels lonely,Percent,48.3
4203,2024-01,Saskatchewan,Women,Sometimes feels lonely,Number,193.0
4204,2024-01,Saskatchewan,Women,Sometimes feels lonely,Number,165.0
4205,2024-01,Saskatchewan,Women,Sometimes feels lonely,Number,221.0
4206,2024-01,Saskatchewan,Women,Rarely or never feels lonely,Percent,43.1
4207,2024-01,Saskatchewan,Women,Rarely or never feels lonely,Percent,37.4
4208,2024-01,Saskatchewan,Women,Rarely or never feels lonely,Percent,49.0
4209,2024-01,Saskatchewan,Women,Rarely or never feels lonely,Number,197.0
4210,2024-01,Saskatchewan,Women,Rarely or never feels lonely,Number,171.0
4211,2024-01,Saskatchewan,Women,Rarely or never feels lonely,Number,224.0
4212,2024-01,Alberta,"Total, all persons",Always or often feels lonely,Percent,11.6
4213,2024-01,Alberta,"Total, all persons",Always or often feels lonely,Percent,9.7
4214,2024-01,Alberta,"Total, all persons",Always or often feels lonely,Percent,13.8
4215,2024-01,Alberta,"Total, all persons",Always or often feels lonely,Number,447.0
4216,2024-01,Alberta,"Total, all persons",Always or often feels lonely,Number,368.0
4217,2024-01,Alberta,"Total, all persons",Always or often feels lonely,Number,525.0
4218,2024-01,Alberta,"Total, all persons",Sometimes feels lonely,Percent,36.5
4219,2024-01,Alberta,"Total, all persons",Sometimes feels lonely,Percent,33.5
4220,2024-01,Alberta,"Total, all persons",Sometimes feels lonely,Percent,39.5
4221,2024-01,Alberta,"Total, all persons",Sometimes feels lonely,Number,1409.0
4222,2024-01,Alberta,"Total, all persons",Sometimes feels lonely,Number,1292.0
4223,2024-01,Alberta,"Total, all persons",Sometimes feels lonely,Number,1525.0
4224,2024-01,Alberta,"Total, all persons",Rarely or never feels lonely,Percent,52.0
4225,2024-01,Alberta,"Total, all persons",Rarely or never feels lonely,Percent,48.9
4226,2024-01,Alberta,"Total, all persons",Rarely or never feels lonely,Percent,55.1
4227,2024-01,Alberta,"Total, all persons",Rarely or never feels lonely,Number,2008.0
4228,2024-01,Alberta,"Total, all persons",Rarely or never feels lonely,Number,1889.0
4229,2024-01,Alberta,"Total, all persons",Rarely or never feels lonely,Number,2127.0
4230,2024-01,Alberta,Men,Always or often feels lonely,Percent,10.0
4231,2024-01,Alberta,Men,Always or often feels lonely,Percent,7.6
4232,2024-01,Alberta,Men,Always or often feels lonely,Percent,13.0
4233,2024-01,Alberta,Men,Always or often feels lonely,Number,194.0
4234,2024-01,Alberta,Men,Always or often feels lonely,Number,142.0
4235,2024-01,Alberta,Men,Always or often feels lonely,Number,246.0
4236,2024-01,Alberta,Men,Sometimes feels lonely,Percent,32.2
4237,2024-01,Alberta,Men,Sometimes feels lonely,Percent,28.1
4238,2024-01,Alberta,Men,Sometimes feels lonely,Percent,36.6
4239,2024-01,Alberta,Men,Sometimes feels lonely,Number,624.0
4240,2024-01,Alberta,Men,Sometimes feels lonely,Number,541.0
4241,2024-01,Alberta,Men,Sometimes feels lonely,Number,708.0
4242,2024-01,Alberta,Men,Rarely or never feels lonely,Percent,57.8
4243,2024-01,Alberta,Men,Rarely or never feels lonely,Percent,53.2
4244,2024-01,Alberta,Men,Rarely or never feels lonely,Percent,62.2
4245,2024-01,Alberta,Men,Rarely or never feels lonely,Number,1119.0
4246,2024-01,Alberta,Men,Rarely or never feels lonely,Number,1032.0
4247,2024-01,Alberta,Men,Rarely or never feels lonely,Number,1207.0
4248,2024-01,Alberta,Women,Always or often feels lonely,Percent,13.1
4249,2024-01,Alberta,Women,Always or often feels lonely,Percent,10.4
4250,2024-01,Alberta,Women,Always or often feels lonely,Percent,16.5
4251,2024-01,Alberta,Women,Always or often feels lonely,Number,253.0
4252,2024-01,Alberta,Women,Always or often feels lonely,Number,194.0
4253,2024-01,Alberta,Women,Always or often feels lonely,Number,312.0
4254,2024-01,Alberta,Women,Sometimes feels lonely,Percent,40.7
4255,2024-01,Alberta,Women,Sometimes feels lonely,Percent,36.5
4256,2024-01,Alberta,Women,Sometimes feels lonely,Percent,45.1
4257,2024-01,Alberta,Women,Sometimes feels lonely,Number,784.0
4258,2024-01,Alberta,Women,Sometimes feels lonely,Number,701.0
4259,2024-01,Alberta,Women,Sometimes feels lonely,Number,867.0
4260,2024-01,Alberta,Women,Rarely or never feels lonely,Percent,46.1
4261,2024-01,Alberta,Women,Rarely or never feels lonely,Percent,41.8
4262,2024-01,Alberta,Women,Rarely or never feels lonely,Percent,50.5
4263,2024-01,Alberta,Women,Rarely or never feels lonely,Number,888.0
4264,2024-01,Alberta,Women,Rarely or never feels lonely,Number,805.0
4265,2024-01,Alberta,Women,Rarely or never feels lonely,Number,972.0
4266,2024-01,British Columbia,"Total, all persons",Always or often feels lonely,Percent,12.6
4267,2024-01,British Columbia,"Total, all persons",Always or often feels lonely,Percent,10.6
4268,2024-01,British Columbia,"Total, all persons",Always or often feels lonely,Percent,15.0
4269,2024-01,British Columbia,"Total, all persons",Always or often feels lonely,Number,582.0
4270,2024-01,British Columbia,"Total, all persons",Always or often feels lonely,Number,483.0
4271,2024-01,British Columbia,"Total, all persons",Always or often feels lonely,Number,681.0
4272,2024-01,British Columbia,"Total, all persons",Sometimes feels lonely,Percent,38.6
4273,2024-01,British Columbia,"Total, all persons",Sometimes feels lonely,Percent,35.6
4274,2024-01,British Columbia,"Total, all persons",Sometimes feels lonely,Percent,41.7
4275,2024-01,British Columbia,"Total, all persons",Sometimes feels lonely,Number,1777.0
4276,2024-01,British Columbia,"Total, all persons",Sometimes feels lonely,Number,1638.0
4277,2024-01,British Columbia,"Total, all persons",Sometimes feels lonely,Number,1916.0
4278,2024-01,British Columbia,"Total, all persons",Rarely or never feels lonely,Percent,48.7
4279,2024-01,British Columbia,"Total, all persons",Rarely or never feels lonely,Percent,45.7
4280,2024-01,British Columbia,"Total, all persons",Rarely or never feels lonely,Percent,51.8
4281,2024-01,British Columbia,"Total, all persons",Rarely or never feels lonely,Number,2243.0
4282,2024-01,British Columbia,"Total, all persons",Rarely or never feels lonely,Number,2101.0
4283,2024-01,British Columbia,"Total, all persons",Rarely or never feels lonely,Number,2386.0
4284,2024-01,British Columbia,Men,Always or often feels lonely,Percent,10.6
4285,2024-01,British Columbia,Men,Always or often feels lonely,Percent,8.3
4286,2024-01,British Columbia,Men,Always or often feels lonely,Percent,13.4
4287,2024-01,British Columbia,Men,Always or often feels lonely,Number,238.0
4288,2024-01,British Columbia,Men,Always or often feels lonely,Number,181.0
4289,2024-01,British Columbia,Men,Always or often feels lonely,Number,295.0
4290,2024-01,British Columbia,Men,Sometimes feels lonely,Percent,37.1
4291,2024-01,British Columbia,Men,Sometimes feels lonely,Percent,32.8
4292,2024-01,British Columbia,Men,Sometimes feels lonely,Percent,41.6
4293,2024-01,British Columbia,Men,Sometimes feels lonely,Number,833.0
4294,2024-01,British Columbia,Men,Sometimes feels lonely,Number,731.0
4295,2024-01,British Columbia,Men,Sometimes feels lonely,Number,935.0
4296,2024-01,British Columbia,Men,Rarely or never feels lonely,Percent,52.3
4297,2024-01,British Columbia,Men,Rarely or never feels lonely,Percent,47.8
4298,2024-01,British Columbia,Men,Rarely or never feels lonely,Percent,56.7
4299,2024-01,British Columbia,Men,Rarely or never feels lonely,Number,1175.0
4300,2024-01,British Columbia,Men,Rarely or never feels lonely,Number,1073.0
4301,2024-01,British Columbia,Men,Rarely or never feels lonely,Number,1277.0
4302,2024-01,British Columbia,Women,Always or often feels lonely,Percent,14.6
4303,2024-01,British Columbia,Women,Always or often feels lonely,Percent,11.6
4304,2024-01,British Columbia,Women,Always or often feels lonely,Percent,18.3
4305,2024-01,British Columbia,Women,Always or often feels lonely,Number,344.0
4306,2024-01,British Columbia,Women,Always or often feels lonely,Number,264.0
4307,2024-01,British Columbia,Women,Always or often feels lonely,Number,424.0
4308,2024-01,British Columbia,Women,Sometimes feels lonely,Percent,40.1
4309,2024-01,British Columbia,Women,Sometimes feels lonely,Percent,36.0
4310,2024-01,British Columbia,Women,Sometimes feels lonely,Percent,44.3
4311,2024-01,British Columbia,Women,Sometimes feels lonely,Number,944.0
4312,2024-01,British Columbia,Women,Sometimes feels lonely,Number,845.0
4313,2024-01,British Columbia,Women,Sometimes feels lonely,Number,1044.0
4314,2024-01,British Columbia,Women,Rarely or never feels lonely,Percent,45.3
4315,2024-01,British Columbia,Women,Rarely or never feels lonely,Percent,41.2
4316,2024-01,British Columbia,Women,Rarely or never feels lonely,Percent,49.6
4317,2024-01,British Columbia,Women,Rarely or never feels lonely,Number,1069.0
4318,2024-01,British Columbia,Women,Rarely or never feels lonely,Number,970.0
4319,2024-01,British Columbia,Women,Rarely or never feels lonely,Number,1167.0
4320,2024-04,Newfoundland and Labrador,"Total, all persons",Always or often feels lonely,Percent,8.3
4321,2024-04,Newfoundland and Labrador,"Total, all persons",Always or often feels lonely,Percent,5.9
4322,2024-04,Newfoundland and Labrador,"Total, all persons",Always or often feels lonely,Percent,11.5
4323,2024-04,Newfoundland and Labrador,"Total, all persons",Always or often feels lonely,Number,
4324,2024-04,Newfoundland and Labrador,"Total, all persons",Always or often feels lonely,Number,
4325,2024-04,Newfoundland and Labrador,"Total, all persons",Always or often feels lonely,Number,
4326,2024-04,Newfoundland and Labrador,"Total, all persons",Sometimes feels lonely,Percent,40.7
4327,2024-04,Newfoundland and Labrador,"Total, all persons",Sometimes feels lonely,Percent,35.2
4328,2024-04,Newfoundland and Labrador,"Total, all persons",Sometimes feels lonely,Percent,46.4
4329,2024-04,Newfoundland and Labrador,"Total, all persons",Sometimes feels lonely,Number,187.0
4330,2024-04,Newfoundland and Labrador,"Total, all persons",Sometimes feels lonely,Number,161.0
4331,2024-04,Newfoundland and Labrador,"Total, all persons",Sometimes feels lonely,Number,213.0
4332,2024-04,Newfoundland and Labrador,"Total, all persons",Rarely or never feels lonely,Percent,51.0
4333,2024-04,Newfoundland and Labrador,"Total, all persons",Rarely or never feels lonely,Percent,45.6
4334,2024-04,Newfoundland and Labrador,"Total, all persons",Rarely or never feels lonely,Percent,56.5
4335,2024-04,Newfoundland and Labrador,"Total, all persons",Rarely or never feels lonely,Number,235.0
4336,2024-04,Newfoundland and Labrador,"Total, all persons",Rarely or never feels lonely,Number,210.0
4337,2024-04,Newfoundland and Labrador,"Total, all persons",Rarely or never feels lonely,Number,260.0
4338,2024-04,Newfoundland and Labrador,Men,Always or often feels lonely,Percent,6.6
4339,2024-04,Newfoundland and Labrador,Men,Always or often feels lonely,Percent,3.6
4340,2024-04,Newfoundland and Labrador,Men,Always or often feels lonely,Percent,11.9
4341,2024-04,Newfoundland and Labrador,Men,Always or often feels lonely,Number,
4342,2024-04,Newfoundland and Labrador,Men,Always or often feels lonely,Number,
4343,2024-04,Newfoundland and Labrador,Men,Always or often feels lonely,Number,
4344,2024-04,Newfoundland and Labrador,Men,Sometimes feels lonely,Percent,35.8
4345,2024-04,Newfoundland and Labrador,Men,Sometimes feels lonely,Percent,27.8
4346,2024-04,Newfoundland and Labrador,Men,Sometimes feels lonely,Percent,44.8
4347,2024-04,Newfoundland and Labrador,Men,Sometimes feels lonely,Number,82.0
4348,2024-04,Newfoundland and Labrador,Men,Sometimes feels lonely,Number,62.0
4349,2024-04,Newfoundland and Labrador,Men,Sometimes feels lonely,Number,102.0
4350,2024-04,Newfoundland and Labrador,Men,Rarely or never feels lonely,Percent,57.5
4351,2024-04,Newfoundland and Labrador,Men,Rarely or never feels lonely,Percent,48.9
4352,2024-04,Newfoundland and Labrador,Men,Rarely or never feels lonely,Percent,65.7
4353,2024-04,Newfoundland and Labrador,Men,Rarely or never feels lonely,Number,132.0
4354,2024-04,Newfoundland and Labrador,Men,Rarely or never feels lonely,Number,112.0
4355,2024-04,Newfoundland and Labrador,Men,Rarely or never feels lonely,Number,151.0
4356,2024-04,Newfoundland and Labrador,Women,Always or often feels lonely,Percent,9.9
4357,2024-04,Newfoundland and Labrador,Women,Always or often feels lonely,Percent,6.5
4358,2024-04,Newfoundland and Labrador,Women,Always or often feels lonely,Percent,14.7
4359,2024-04,Newfoundland and Labrador,Women,Always or often feels lonely,Number,
4360,2024-04,Newfoundland and Labrador,Women,Always or often feels lonely,Number,
4361,2024-04,Newfoundland and Labrador,Women,Always or often feels lonely,Number,
4362,2024-04,Newfoundland and Labrador,Women,Sometimes feels lonely,Percent,45.5
4363,2024-04,Newfoundland and Labrador,Women,Sometimes feels lonely,Percent,38.7
4364,2024-04,Newfoundland and Labrador,Women,Sometimes feels lonely,Percent,52.5
4365,2024-04,Newfoundland and Labrador,Women,Sometimes feels lonely,Number,105.0
4366,2024-04,Newfoundland and Labrador,Women,Sometimes feels lonely,Number,89.0
4367,2024-04,Newfoundland and Labrador,Women,Sometimes feels lonely,Number,121.0
4368,2024-04,Newfoundland and Labrador,Women,Rarely or never feels lonely,Percent,44.6
4369,2024-04,Newfoundland and Labrador,Women,Rarely or never feels lonely,Percent,37.9
4370,2024-04,Newfoundland and Labrador,Women,Rarely or never feels lonely,Percent,51.6
4371,2024-04,Newfoundland and Labrador,Women,Rarely or never feels lonely,Number,103.0
4372,2024-04,Newfoundland and Labrador,Women,Rarely or never feels lonely,Number,87.0
4373,2024-04,Newfoundland and Labrador,Women,Rarely or never feels lonely,Number,119.0
4374,2024-04,Prince Edward Island,"Total, all persons",Always or often feels lonely,Percent,10.1
4375,2024-04,Prince Edward Island,"Total, all persons",Always or often feels lonely,Percent,6.8
4376,2024-04,Prince Edward Island,"Total, all persons",Always or often feels lonely,Percent,14.5
4377,2024-04,Prince Edward Island,"Total, all persons",Always or often feels lonely,Number,
4378,2024-04,Prince Edward Island,"Total, all persons",Always or often feels lonely,Number,
4379,2024-04,Prince Edward Island,"Total, all persons",Always or often feels lonely,Number,
4380,2024-04,Prince Edward Island,"Total, all persons",Sometimes feels lonely,Percent,32.9
4381,2024-04,Prince Edward Island,"Total, all persons",Sometimes feels lonely,Percent,27.7
4382,2024-04,Prince Edward Island,"Total, all persons",Sometimes feels lonely,Percent,38.6
4383,2024-04,Prince Edward Island,"Total, all persons",Sometimes feels lonely,Number,49.0
4384,2024-04,Prince Edward Island,"Total, all persons",Sometimes feels lonely,Number,41.0
4385,2024-04,Prince Edward Island,"Total, all persons",Sometimes feels lonely,Number,58.0
4386,2024-04,Prince Edward Island,"Total, all persons",Rarely or never feels lonely,Percent,57.1
4387,2024-04,Prince Edward Island,"Total, all persons",Rarely or never feels lonely,Percent,51.1
4388,2024-04,Prince Edward Island,"Total, all persons",Rarely or never feels lonely,Percent,62.8
4389,2024-04,Prince Edward Island,"Total, all persons",Rarely or never feels lonely,Number,86.0
4390,2024-04,Prince Edward Island,"Total, all persons",Rarely or never feels lonely,Number,77.0
4391,2024-04,Prince Edward Island,"Total, all persons",Rarely or never feels lonely,Number,94.0
4392,2024-04,Prince Edward Island,Men,Always or often feels lonely,Percent,6.0
4393,2024-04,Prince Edward Island,Men,Always or often feels lonely,Percent,3.1
4394,2024-04,Prince Edward Island,Men,Always or often feels lonely,Percent,11.1
4395,2024-04,Prince Edward Island,Men,Always or often feels lonely,Number,
4396,2024-04,Prince Edward Island,Men,Always or often feels lonely,Number,
4397,2024-04,Prince Edward Island,Men,Always or often feels lonely,Number,
4398,2024-04,Prince Edward Island,Men,Sometimes feels lonely,Percent,30.0
4399,2024-04,Prince Edward Island,Men,Sometimes feels lonely,Percent,23.1
4400,2024-04,Prince Edward Island,Men,Sometimes feels lonely,Percent,38.0
4401,2024-04,Prince Edward Island,Men,Sometimes feels lonely,Number,23.0
4402,2024-04,Prince Edward Island,Men,Sometimes feels lonely,Number,17.0
4403,2024-04,Prince Edward Island,Men,Sometimes feels lonely,Number,28.0
4404,2024-04,Prince Edward Island,Men,Rarely or never feels lonely,Percent,64.0
4405,2024-04,Prince Edward Island,Men,Rarely or never feels lonely,Percent,55.8
4406,2024-04,Prince Edward Island,Men,Rarely or never feels lonely,Percent,71.5
4407,2024-04,Prince Edward Island,Men,Rarely or never feels lonely,Number,48.0
4408,2024-04,Prince Edward Island,Men,Rarely or never feels lonely,Number,42.0
4409,2024-04,Prince Edward Island,Men,Rarely or never feels lonely,Number,54.0
4410,2024-04,Prince Edward Island,Women,Always or often feels lonely,Percent,14.1
4411,2024-04,Prince Edward Island,Women,Always or often feels lonely,Percent,8.8
4412,2024-04,Prince Edward Island,Women,Always or often feels lonely,Percent,21.9
4413,2024-04,Prince Edward Island,Women,Always or often feels lonely,Number,
4414,2024-04,Prince Edward Island,Women,Always or often feels lonely,Number,
4415,2024-04,Prince Edward Island,Women,Always or often feels lonely,Number,
4416,2024-04,Prince Edward Island,Women,Sometimes feels lonely,Percent,35.7
4417,2024-04,Prince Edward Island,Women,Sometimes feels lonely,Percent,28.2
4418,2024-04,Prince Edward Island,Women,Sometimes feels lonely,Percent,44.1
4419,2024-04,Prince Edward Island,Women,Sometimes feels lonely,Number,27.0
4420,2024-04,Prince Edward Island,Women,Sometimes feels lonely,Number,21.0
4421,2024-04,Prince Edward Island,Women,Sometimes feels lonely,Number,33.0
4422,2024-04,Prince Edward Island,Women,Rarely or never feels lonely,Percent,50.1
4423,2024-04,Prince Edward Island,Women,Rarely or never feels lonely,Percent,41.6
4424,2024-04,Prince Edward Island,Women,Rarely or never feels lonely,Percent,58.6
4425,2024-04,Prince Edward Island,Women,Rarely or never feels lonely,Number,38.0
4426,2024-04,Prince Edward Island,Women,Rarely or never feels lonely,Number,31.0
4427,2024-04,Prince Edward Island,Women,Rarely or never feels lonely,Number,44.0
4428,2024-04,Nova Scotia,"Total, all persons",Always or often feels lonely,Percent,14.4
4429,2024-04,Nova Scotia,"Total, all persons",Always or often feels lonely,Percent,10.5
4430,2024-04,Nova Scotia,"Total, all persons",Always or often feels lonely,Percent,19.4
4431,2024-04,Nova Scotia,"Total, all persons",Always or often feels lonely,Number,128.0
4432,2024-04,Nova Scotia,"Total, all persons",Always or often feels lonely,Number,88.0
4433,2024-04,Nova Scotia,"Total, all persons",Always or often feels lonely,Number,167.0
4434,2024-04,Nova Scotia,"Total, all persons",Sometimes feels lonely,Percent,35.6
4435,2024-04,Nova Scotia,"Total, all persons",Sometimes feels lonely,Percent,30.4
4436,2024-04,Nova Scotia,"Total, all persons",Sometimes feels lonely,Percent,41.1
4437,2024-04,Nova Scotia,"Total, all persons",Sometimes feels lonely,Number,317.0
4438,2024-04,Nova Scotia,"Total, all persons",Sometimes feels lonely,Number,269.0
4439,2024-04,Nova Scotia,"Total, all persons",Sometimes feels lonely,Number,364.0
4440,2024-04,Nova Scotia,"Total, all persons",Rarely or never feels lonely,Percent,50.0
4441,2024-04,Nova Scotia,"Total, all persons",Rarely or never feels lonely,Percent,44.7
4442,2024-04,Nova Scotia,"Total, all persons",Rarely or never feels lonely,Percent,55.4
4443,2024-04,Nova Scotia,"Total, all persons",Rarely or never feels lonely,Number,446.0
4444,2024-04,Nova Scotia,"Total, all persons",Rarely or never feels lonely,Number,398.0
4445,2024-04,Nova Scotia,"Total, all persons",Rarely or never feels lonely,Number,493.0
4446,2024-04,Nova Scotia,Men,Always or often feels lonely,Percent,18.2
4447,2024-04,Nova Scotia,Men,Always or often feels lonely,Percent,11.8
4448,2024-04,Nova Scotia,Men,Always or often feels lonely,Percent,26.9
4449,2024-04,Nova Scotia,Men,Always or often feels lonely,Number,
4450,2024-04,Nova Scotia,Men,Always or often feels lonely,Number,
4451,2024-04,Nova Scotia,Men,Always or often feels lonely,Number,
4452,2024-04,Nova Scotia,Men,Sometimes feels lonely,Percent,31.5
4453,2024-04,Nova Scotia,Men,Sometimes feels lonely,Percent,24.1
4454,2024-04,Nova Scotia,Men,Sometimes feels lonely,Percent,40.0
4455,2024-04,Nova Scotia,Men,Sometimes feels lonely,Number,137.0
4456,2024-04,Nova Scotia,Men,Sometimes feels lonely,Number,102.0
4457,2024-04,Nova Scotia,Men,Sometimes feels lonely,Number,172.0
4458,2024-04,Nova Scotia,Men,Rarely or never feels lonely,Percent,50.3
4459,2024-04,Nova Scotia,Men,Rarely or never feels lonely,Percent,42.3
4460,2024-04,Nova Scotia,Men,Rarely or never feels lonely,Percent,58.3
4461,2024-04,Nova Scotia,Men,Rarely or never feels lonely,Number,219.0
4462,2024-04,Nova Scotia,Men,Rarely or never feels lonely,Number,183.0
4463,2024-04,Nova Scotia,Men,Rarely or never feels lonely,Number,254.0
4464,2024-04,Nova Scotia,Women,Always or often feels lonely,Percent,10.7
4465,2024-04,Nova Scotia,Women,Always or often feels lonely,Percent,6.8
4466,2024-04,Nova Scotia,Women,Always or often feels lonely,Percent,16.4
4467,2024-04,Nova Scotia,Women,Always or often feels lonely,Number,
4468,2024-04,Nova Scotia,Women,Always or often feels lonely,Number,
4469,2024-04,Nova Scotia,Women,Always or often feels lonely,Number,
4470,2024-04,Nova Scotia,Women,Sometimes feels lonely,Percent,39.5
4471,2024-04,Nova Scotia,Women,Sometimes feels lonely,Percent,32.2
4472,2024-04,Nova Scotia,Women,Sometimes feels lonely,Percent,47.2
4473,2024-04,Nova Scotia,Women,Sometimes feels lonely,Number,180.0
4474,2024-04,Nova Scotia,Women,Sometimes feels lonely,Number,145.0
4475,2024-04,Nova Scotia,Women,Sometimes feels lonely,Number,214.0
4476,2024-04,Nova Scotia,Women,Rarely or never feels lonely,Percent,49.8
4477,2024-04,Nova Scotia,Women,Rarely or never feels lonely,Percent,42.5
4478,2024-04,Nova Scotia,Women,Rarely or never feels lonely,Percent,57.1
4479,2024-04,Nova Scotia,Women,Rarely or never feels lonely,Number,227.0
4480,2024-04,Nova Scotia,Women,Rarely or never feels lonely,Number,194.0
4481,2024-04,Nova Scotia,Women,Rarely or never feels lonely,Number,260.0
4482,2024-04,New Brunswick,"Total, all persons",Always or often feels lonely,Percent,13.9
4483,2024-04,New Brunswick,"Total, all persons",Always or often feels lonely,Percent,10.4
4484,2024-04,New Brunswick,"Total, all persons",Always or often feels lonely,Percent,18.3
4485,2024-04,New Brunswick,"Total, all persons",Always or often feels lonely,Number,98.0
4486,2024-04,New Brunswick,"Total, all persons",Always or often feels lonely,Number,70.0
4487,2024-04,New Brunswick,"Total, all persons",Always or often feels lonely,Number,125.0
4488,2024-04,New Brunswick,"Total, all persons",Sometimes feels lonely,Percent,36.5
4489,2024-04,New Brunswick,"Total, all persons",Sometimes feels lonely,Percent,31.7
4490,2024-04,New Brunswick,"Total, all persons",Sometimes feels lonely,Percent,41.5
4491,2024-04,New Brunswick,"Total, all persons",Sometimes feels lonely,Number,256.0
4492,2024-04,New Brunswick,"Total, all persons",Sometimes feels lonely,Number,222.0
4493,2024-04,New Brunswick,"Total, all persons",Sometimes feels lonely,Number,291.0
4494,2024-04,New Brunswick,"Total, all persons",Rarely or never feels lonely,Percent,49.6
4495,2024-04,New Brunswick,"Total, all persons",Rarely or never feels lonely,Percent,44.6
4496,2024-04,New Brunswick,"Total, all persons",Rarely or never feels lonely,Percent,54.7
4497,2024-04,New Brunswick,"Total, all persons",Rarely or never feels lonely,Number,349.0
4498,2024-04,New Brunswick,"Total, all persons",Rarely or never feels lonely,Number,313.0
4499,2024-04,New Brunswick,"Total, all persons",Rarely or never feels lonely,Number,384.0
4500,2024-04,New Brunswick,Men,Always or often feels lonely,Percent,16.0
4501,2024-04,New Brunswick,Men,Always or often feels lonely,Percent,10.6
4502,2024-04,New Brunswick,Men,Always or often feels lonely,Percent,23.3
4503,2024-04,New Brunswick,Men,Always or often feels lonely,Number,
4504,2024-04,New Brunswick,Men,Always or often feels lonely,Number,
4505,2024-04,New Brunswick,Men,Always or often feels lonely,Number,
4506,2024-04,New Brunswick,Men,Sometimes feels lonely,Percent,35.5
4507,2024-04,New Brunswick,Men,Sometimes feels lonely,Percent,28.5
4508,2024-04,New Brunswick,Men,Sometimes feels lonely,Percent,43.1
4509,2024-04,New Brunswick,Men,Sometimes feels lonely,Number,125.0
4510,2024-04,New Brunswick,Men,Sometimes feels lonely,Number,99.0
4511,2024-04,New Brunswick,Men,Sometimes feels lonely,Number,151.0
4512,2024-04,New Brunswick,Men,Rarely or never feels lonely,Percent,48.6
4513,2024-04,New Brunswick,Men,Rarely or never feels lonely,Percent,41.1
4514,2024-04,New Brunswick,Men,Rarely or never feels lonely,Percent,56.0
4515,2024-04,New Brunswick,Men,Rarely or never feels lonely,Number,171.0
4516,2024-04,New Brunswick,Men,Rarely or never feels lonely,Number,144.0
4517,2024-04,New Brunswick,Men,Rarely or never feels lonely,Number,197.0
4518,2024-04,New Brunswick,Women,Always or often feels lonely,Percent,11.9
4519,2024-04,New Brunswick,Women,Always or often feels lonely,Percent,8.0
4520,2024-04,New Brunswick,Women,Always or often feels lonely,Percent,17.3
4521,2024-04,New Brunswick,Women,Always or often feels lonely,Number,
4522,2024-04,New Brunswick,Women,Always or often feels lonely,Number,
4523,2024-04,New Brunswick,Women,Always or often feels lonely,Number,
4524,2024-04,New Brunswick,Women,Sometimes feels lonely,Percent,37.4
4525,2024-04,New Brunswick,Women,Sometimes feels lonely,Percent,30.6
4526,2024-04,New Brunswick,Women,Sometimes feels lonely,Percent,44.8
4527,2024-04,New Brunswick,Women,Sometimes feels lonely,Number,131.0
4528,2024-04,New Brunswick,Women,Sometimes feels lonely,Number,106.0
4529,2024-04,New Brunswick,Women,Sometimes feels lonely,Number,156.0
4530,2024-04,New Brunswick,Women,Rarely or never feels lonely,Percent,50.7
4531,2024-04,New Brunswick,Women,Rarely or never feels lonely,Percent,43.4
4532,2024-04,New Brunswick,Women,Rarely or never feels lonely,Percent,57.9
4533,2024-04,New Brunswick,Women,Rarely or never feels lonely,Number,178.0
4534,2024-04,New Brunswick,Women,Rarely or never feels lonely,Number,152.0
4535,2024-04,New Brunswick,Women,Rarely or never feels lonely,Number,204.0
4536,2024-04,Quebec,"Total, all persons",Always or often feels lonely,Percent,12.3
4537,2024-04,Quebec,"Total, all persons",Always or often feels lonely,Percent,10.5
4538,2024-04,Quebec,"Total, all persons",Always or often feels lonely,Percent,14.3
4539,2024-04,Quebec,"Total, all persons",Always or often feels lonely,Number,908.0
4540,2024-04,Quebec,"Total, all persons",Always or often feels lonely,Number,769.0
4541,2024-04,Quebec,"Total, all persons",Always or often feels lonely,Number,1047.0
4542,2024-04,Quebec,"Total, all persons",Sometimes feels lonely,Percent,32.5
4543,2024-04,Quebec,"Total, all persons",Sometimes feels lonely,Percent,29.9
4544,2024-04,Quebec,"Total, all persons",Sometimes feels lonely,Percent,35.2
4545,2024-04,Quebec,"Total, all persons",Sometimes feels lonely,Number,2399.0
4546,2024-04,Quebec,"Total, all persons",Sometimes feels lonely,Number,2205.0
4547,2024-04,Quebec,"Total, all persons",Sometimes feels lonely,Number,2592.0
4548,2024-04,Quebec,"Total, all persons",Rarely or never feels lonely,Percent,55.2
4549,2024-04,Quebec,"Total, all persons",Rarely or never feels lonely,Percent,52.5
4550,2024-04,Quebec,"Total, all persons",Rarely or never feels lonely,Percent,57.9
4551,2024-04,Quebec,"Total, all persons",Rarely or never feels lonely,Number,4077.0
4552,2024-04,Quebec,"Total, all persons",Rarely or never feels lonely,Number,3877.0
4553,2024-04,Quebec,"Total, all persons",Rarely or never feels lonely,Number,4277.0
4554,2024-04,Quebec,Men,Always or often feels lonely,Percent,10.3
4555,2024-04,Quebec,Men,Always or often feels lonely,Percent,8.0
4556,2024-04,Quebec,Men,Always or often feels lonely,Percent,13.2
4557,2024-04,Quebec,Men,Always or often feels lonely,Number,377.0
4558,2024-04,Quebec,Men,Always or often feels lonely,Number,282.0
4559,2024-04,Quebec,Men,Always or often feels lonely,Number,473.0
4560,2024-04,Quebec,Men,Sometimes feels lonely,Percent,29.4
4561,2024-04,Quebec,Men,Sometimes feels lonely,Percent,25.8
4562,2024-04,Quebec,Men,Sometimes feels lonely,Percent,33.3
4563,2024-04,Quebec,Men,Sometimes feels lonely,Number,1079.0
4564,2024-04,Quebec,Men,Sometimes feels lonely,Number,941.0
4565,2024-04,Quebec,Men,Sometimes feels lonely,Number,1218.0
4566,2024-04,Quebec,Men,Rarely or never feels lonely,Percent,60.3
4567,2024-04,Quebec,Men,Rarely or never feels lonely,Percent,56.1
4568,2024-04,Quebec,Men,Rarely or never feels lonely,Percent,64.4
4569,2024-04,Quebec,Men,Rarely or never feels lonely,Number,2214.0
4570,2024-04,Quebec,Men,Rarely or never feels lonely,Number,2061.0
4571,2024-04,Quebec,Men,Rarely or never feels lonely,Number,2366.0
4572,2024-04,Quebec,Women,Always or often feels lonely,Percent,14.3
4573,2024-04,Quebec,Women,Always or often feels lonely,Percent,11.8
4574,2024-04,Quebec,Women,Always or often feels lonely,Percent,17.1
4575,2024-04,Quebec,Women,Always or often feels lonely,Number,531.0
4576,2024-04,Quebec,Women,Always or often feels lonely,Number,433.0
4577,2024-04,Quebec,Women,Always or often feels lonely,Number,629.0
4578,2024-04,Quebec,Women,Sometimes feels lonely,Percent,35.5
4579,2024-04,Quebec,Women,Sometimes feels lonely,Percent,32.0
4580,2024-04,Quebec,Women,Sometimes feels lonely,Percent,39.3
4581,2024-04,Quebec,Women,Sometimes feels lonely,Number,1319.0
4582,2024-04,Quebec,Women,Sometimes feels lonely,Number,1181.0
4583,2024-04,Quebec,Women,Sometimes feels lonely,Number,1458.0
4584,2024-04,Quebec,Women,Rarely or never feels lonely,Percent,50.2
4585,2024-04,Quebec,Women,Rarely or never feels lonely,Percent,46.4
4586,2024-04,Quebec,Women,Rarely or never feels lonely,Percent,53.9
4587,2024-04,Quebec,Women,Rarely or never feels lonely,Number,1863.0
4588,2024-04,Quebec,Women,Rarely or never feels lonely,Number,1725.0
4589,2024-04,Quebec,Women,Rarely or never feels lonely,Number,2001.0
4590,2024-04,Ontario,"Total, all persons",Always or often feels lonely,Percent,16.3
4591,2024-04,Ontario,"Total, all persons",Always or often feels lonely,Percent,14.6
4592,2024-04,Ontario,"Total, all persons",Always or often feels lonely,Percent,18.2
4593,2024-04,Ontario,"Total, all persons",Always or often feels lonely,Number,2157.0
4594,2024-04,Ontario,"Total, all persons",Always or often feels lonely,Number,1922.0
4595,2024-04,Ontario,"Total, all persons",Always or often feels lonely,Number,2393.0
4596,2024-04,Ontario,"Total, all persons",Sometimes feels lonely,Percent,35.0
4597,2024-04,Ontario,"Total, all persons",Sometimes feels lonely,Percent,32.9
4598,2024-04,Ontario,"Total, all persons",Sometimes feels lonely,Percent,37.2
4599,2024-04,Ontario,"Total, all persons",Sometimes feels lonely,Number,4622.0
4600,2024-04,Ontario,"Total, all persons",Sometimes feels lonely,Number,4337.0
4601,2024-04,Ontario,"Total, all persons",Sometimes feels lonely,Number,4908.0
4602,2024-04,Ontario,"Total, all persons",Rarely or never feels lonely,Percent,48.7
4603,2024-04,Ontario,"Total, all persons",Rarely or never feels lonely,Percent,46.5
4604,2024-04,Ontario,"Total, all persons",Rarely or never feels lonely,Percent,50.8
4605,2024-04,Ontario,"Total, all persons",Rarely or never feels lonely,Number,6432.0
4606,2024-04,Ontario,"Total, all persons",Rarely or never feels lonely,Number,6149.0
4607,2024-04,Ontario,"Total, all persons",Rarely or never feels lonely,Number,6714.0
4608,2024-04,Ontario,Men,Always or often feels lonely,Percent,16.7
4609,2024-04,Ontario,Men,Always or often feels lonely,Percent,14.0
4610,2024-04,Ontario,Men,Always or often feels lonely,Percent,19.6
4611,2024-04,Ontario,Men,Always or often feels lonely,Number,1089.0
4612,2024-04,Ontario,Men,Always or often feels lonely,Number,906.0
4613,2024-04,Ontario,Men,Always or often feels lonely,Number,1272.0
4614,2024-04,Ontario,Men,Sometimes feels lonely,Percent,30.3
4615,2024-04,Ontario,Men,Sometimes feels lonely,Percent,27.3
4616,2024-04,Ontario,Men,Sometimes feels lonely,Percent,33.5
4617,2024-04,Ontario,Men,Sometimes feels lonely,Number,1982.0
4618,2024-04,Ontario,Men,Sometimes feels lonely,Number,1777.0
4619,2024-04,Ontario,Men,Sometimes feels lonely,Number,2186.0
4620,2024-04,Ontario,Men,Rarely or never feels lonely,Percent,53.0
4621,2024-04,Ontario,Men,Rarely or never feels lonely,Percent,49.8
4622,2024-04,Ontario,Men,Rarely or never feels lonely,Percent,56.3
4623,2024-04,Ontario,Men,Rarely or never feels lonely,Number,3467.0
4624,2024-04,Ontario,Men,Rarely or never feels lonely,Number,3255.0
4625,2024-04,Ontario,Men,Rarely or never feels lonely,Number,3679.0
4626,2024-04,Ontario,Women,Always or often feels lonely,Percent,16.0
4627,2024-04,Ontario,Women,Always or often feels lonely,Percent,13.8
4628,2024-04,Ontario,Women,Always or often feels lonely,Percent,18.5
4629,2024-04,Ontario,Women,Always or often feels lonely,Number,1068.0
4630,2024-04,Ontario,Women,Always or often feels lonely,Number,910.0
4631,2024-04,Ontario,Women,Always or often feels lonely,Number,1227.0
4632,2024-04,Ontario,Women,Sometimes feels lonely,Percent,39.6
4633,2024-04,Ontario,Women,Sometimes feels lonely,Percent,36.5
4634,2024-04,Ontario,Women,Sometimes feels lonely,Percent,42.7
4635,2024-04,Ontario,Women,Sometimes feels lonely,Number,2641.0
4636,2024-04,Ontario,Women,Sometimes feels lonely,Number,2434.0
4637,2024-04,Ontario,Women,Sometimes feels lonely,Number,2848.0
4638,2024-04,Ontario,Women,Rarely or never feels lonely,Percent,44.4
4639,2024-04,Ontario,Women,Rarely or never feels lonely,Percent,41.3
4640,2024-04,Ontario,Women,Rarely or never feels lonely,Percent,47.5
4641,2024-04,Ontario,Women,Rarely or never feels lonely,Number,2965.0
4642,2024-04,Ontario,Women,Rarely or never feels lonely,Number,2757.0
4643,2024-04,Ontario,Women,Rarely or never feels lonely,Number,3172.0
4644,2024-04,Manitoba,"Total, all persons",Always or often feels lonely,Percent,17.0
4645,2024-04,Manitoba,"Total, all persons",Always or often feels lonely,Percent,13.0
4646,2024-04,Manitoba,"Total, all persons",Always or often feels lonely,Percent,21.7
4647,2024-04,Manitoba,"Total, all persons",Always or often feels lonely,Number,190.0
4648,2024-04,Manitoba,"Total, all persons",Always or often feels lonely,Number,141.0
4649,2024-04,Manitoba,"Total, all persons",Always or often feels lonely,Number,239.0
4650,2024-04,Manitoba,"Total, all persons",Sometimes feels lonely,Percent,36.7
4651,2024-04,Manitoba,"Total, all persons",Sometimes feels lonely,Percent,31.8
4652,2024-04,Manitoba,"Total, all persons",Sometimes feels lonely,Percent,41.9
4653,2024-04,Manitoba,"Total, all persons",Sometimes feels lonely,Number,412.0
4654,2024-04,Manitoba,"Total, all persons",Sometimes feels lonely,Number,355.0
4655,2024-04,Manitoba,"Total, all persons",Sometimes feels lonely,Number,469.0
4656,2024-04,Manitoba,"Total, all persons",Rarely or never feels lonely,Percent,46.3
4657,2024-04,Manitoba,"Total, all persons",Rarely or never feels lonely,Percent,41.2
4658,2024-04,Manitoba,"Total, all persons",Rarely or never feels lonely,Percent,51.6
4659,2024-04,Manitoba,"Total, all persons",Rarely or never feels lonely,Number,520.0
4660,2024-04,Manitoba,"Total, all persons",Rarely or never feels lonely,Number,461.0
4661,2024-04,Manitoba,"Total, all persons",Rarely or never feels lonely,Number,579.0
4662,2024-04,Manitoba,Men,Always or often feels lonely,Percent,15.2
4663,2024-04,Manitoba,Men,Always or often feels lonely,Percent,9.8
4664,2024-04,Manitoba,Men,Always or often feels lonely,Percent,22.9
4665,2024-04,Manitoba,Men,Always or often feels lonely,Number,
4666,2024-04,Manitoba,Men,Always or often feels lonely,Number,
4667,2024-04,Manitoba,Men,Always or often feels lonely,Number,
4668,2024-04,Manitoba,Men,Sometimes feels lonely,Percent,33.9
4669,2024-04,Manitoba,Men,Sometimes feels lonely,Percent,27.4
4670,2024-04,Manitoba,Men,Sometimes feels lonely,Percent,41.2
4671,2024-04,Manitoba,Men,Sometimes feels lonely,Number,195.0
4672,2024-04,Manitoba,Men,Sometimes feels lonely,Number,156.0
4673,2024-04,Manitoba,Men,Sometimes feels lonely,Number,234.0
4674,2024-04,Manitoba,Men,Rarely or never feels lonely,Percent,50.9
4675,2024-04,Manitoba,Men,Rarely or never feels lonely,Percent,43.4
4676,2024-04,Manitoba,Men,Rarely or never feels lonely,Percent,58.3
4677,2024-04,Manitoba,Men,Rarely or never feels lonely,Number,292.0
4678,2024-04,Manitoba,Men,Rarely or never feels lonely,Number,251.0
4679,2024-04,Manitoba,Men,Rarely or never feels lonely,Number,333.0
4680,2024-04,Manitoba,Women,Always or often feels lonely,Percent,18.8
4681,2024-04,Manitoba,Women,Always or often feels lonely,Percent,13.7
4682,2024-04,Manitoba,Women,Always or often feels lonely,Percent,25.3
4683,2024-04,Manitoba,Women,Always or often feels lonely,Number,
4684,2024-04,Manitoba,Women,Always or often feels lonely,Number,
4685,2024-04,Manitoba,Women,Always or often feels lonely,Number,
4686,2024-04,Manitoba,Women,Sometimes feels lonely,Percent,39.6
4687,2024-04,Manitoba,Women,Sometimes feels lonely,Percent,32.8
4688,2024-04,Manitoba,Women,Sometimes feels lonely,Percent,46.9
4689,2024-04,Manitoba,Women,Sometimes feels lonely,Number,217.0
4690,2024-04,Manitoba,Women,Sometimes feels lonely,Number,177.0
4691,2024-04,Manitoba,Women,Sometimes feels lonely,Number,256.0
4692,2024-04,Manitoba,Women,Rarely or never feels lonely,Percent,41.6
4693,2024-04,Manitoba,Women,Rarely or never feels lonely,Percent,34.7
4694,2024-04,Manitoba,Women,Rarely or never feels lonely,Percent,48.9
4695,2024-04,Manitoba,Women,Rarely or never feels lonely,Number,228.0
4696,2024-04,Manitoba,Women,Rarely or never feels lonely,Number,188.0
4697,2024-04,Manitoba,Women,Rarely or never feels lonely,Number,268.0
4698,2024-04,Saskatchewan,"Total, all persons",Always or often feels lonely,Percent,14.3
4699,2024-04,Saskatchewan,"Total, all persons",Always or often feels lonely,Percent,10.9
4700,2024-04,Saskatchewan,"Total, all persons",Always or often feels lonely,Percent,18.4
4701,2024-04,Saskatchewan,"Total, all persons",Always or often feels lonely,Number,134.0
4702,2024-04,Saskatchewan,"Total, all persons",Always or often feels lonely,Number,99.0
4703,2024-04,Saskatchewan,"Total, all persons",Always or often feels lonely,Number,170.0
4704,2024-04,Saskatchewan,"Total, all persons",Sometimes feels lonely,Percent,36.1
4705,2024-04,Saskatchewan,"Total, all persons",Sometimes feels lonely,Percent,31.8
4706,2024-04,Saskatchewan,"Total, all persons",Sometimes feels lonely,Percent,40.7
4707,2024-04,Saskatchewan,"Total, all persons",Sometimes feels lonely,Number,341.0
4708,2024-04,Saskatchewan,"Total, all persons",Sometimes feels lonely,Number,299.0
4709,2024-04,Saskatchewan,"Total, all persons",Sometimes feels lonely,Number,383.0
4710,2024-04,Saskatchewan,"Total, all persons",Rarely or never feels lonely,Percent,49.6
4711,2024-04,Saskatchewan,"Total, all persons",Rarely or never feels lonely,Percent,44.7
4712,2024-04,Saskatchewan,"Total, all persons",Rarely or never feels lonely,Percent,54.6
4713,2024-04,Saskatchewan,"Total, all persons",Rarely or never feels lonely,Number,468.0
4714,2024-04,Saskatchewan,"Total, all persons",Rarely or never feels lonely,Number,421.0
4715,2024-04,Saskatchewan,"Total, all persons",Rarely or never feels lonely,Number,515.0
4716,2024-04,Saskatchewan,Men,Always or often feels lonely,Percent,14.5
4717,2024-04,Saskatchewan,Men,Always or often feels lonely,Percent,9.7
4718,2024-04,Saskatchewan,Men,Always or often feels lonely,Percent,21.1
4719,2024-04,Saskatchewan,Men,Always or often feels lonely,Number,
4720,2024-04,Saskatchewan,Men,Always or often feels lonely,Number,
4721,2024-04,Saskatchewan,Men,Always or often feels lonely,Number,
4722,2024-04,Saskatchewan,Men,Sometimes feels lonely,Percent,28.2
4723,2024-04,Saskatchewan,Men,Sometimes feels lonely,Percent,22.6
4724,2024-04,Saskatchewan,Men,Sometimes feels lonely,Percent,34.4
4725,2024-04,Saskatchewan,Men,Sometimes feels lonely,Number,135.0
4726,2024-04,Saskatchewan,Men,Sometimes feels lonely,Number,107.0
4727,2024-04,Saskatchewan,Men,Sometimes feels lonely,Number,163.0
4728,2024-04,Saskatchewan,Men,Rarely or never feels lonely,Percent,57.3
4729,2024-04,Saskatchewan,Men,Rarely or never feels lonely,Percent,50.0
4730,2024-04,Saskatchewan,Men,Rarely or never feels lonely,Percent,64.4
4731,2024-04,Saskatchewan,Men,Rarely or never feels lonely,Number,274.0
4732,2024-04,Saskatchewan,Men,Rarely or never feels lonely,Number,240.0
4733,2024-04,Saskatchewan,Men,Rarely or never feels lonely,Number,309.0
4734,2024-04,Saskatchewan,Women,Always or often feels lonely,Percent,14.0
4735,2024-04,Saskatchewan,Women,Always or often feels lonely,Percent,9.4
4736,2024-04,Saskatchewan,Women,Always or often feels lonely,Percent,20.2
4737,2024-04,Saskatchewan,Women,Always or often feels lonely,Number,
4738,2024-04,Saskatchewan,Women,Always or often feels lonely,Number,
4739,2024-04,Saskatchewan,Women,Always or often feels lonely,Number,
4740,2024-04,Saskatchewan,Women,Sometimes feels lonely,Percent,44.3
4741,2024-04,Saskatchewan,Women,Sometimes feels lonely,Percent,37.4
4742,2024-04,Saskatchewan,Women,Sometimes feels lonely,Percent,51.4
4743,2024-04,Saskatchewan,Women,Sometimes feels lonely,Number,206.0
4744,2024-04,Saskatchewan,Women,Sometimes feels lonely,Number,174.0
4745,2024-04,Saskatchewan,Women,Sometimes feels lonely,Number,238.0
4746,2024-04,Saskatchewan,Women,Rarely or never feels lonely,Percent,41.7
4747,2024-04,Saskatchewan,Women,Rarely or never feels lonely,Percent,35.3
4748,2024-04,Saskatchewan,Women,Rarely or never feels lonely,Percent,48.4
4749,2024-04,Saskatchewan,Women,Rarely or never feels lonely,Number,194.0
4750,2024-04,Saskatchewan,Women,Rarely or never feels lonely,Number,163.0
4751,2024-04,Saskatchewan,Women,Rarely or never feels lonely,Number,225.0
4752,2024-04,Alberta,"Total, all persons",Always or often feels lonely,Percent,15.2
4753,2024-04,Alberta,"Total, all persons",Always or often feels lonely,Percent,12.6
4754,2024-04,Alberta,"Total, all persons",Always or often feels lonely,Percent,18.2
4755,2024-04,Alberta,"Total, all persons",Always or often feels lonely,Number,593.0
4756,2024-04,Alberta,"Total, all persons",Always or often feels lonely,Number,484.0
4757,2024-04,Alberta,"Total, all persons",Always or often feels lonely,Number,701.0
4758,2024-04,Alberta,"Total, all persons",Sometimes feels lonely,Percent,38.6
4759,2024-04,Alberta,"Total, all persons",Sometimes feels lonely,Percent,35.0
4760,2024-04,Alberta,"Total, all persons",Sometimes feels lonely,Percent,42.4
4761,2024-04,Alberta,"Total, all persons",Sometimes feels lonely,Number,1508.0
4762,2024-04,Alberta,"Total, all persons",Sometimes feels lonely,Number,1362.0
4763,2024-04,Alberta,"Total, all persons",Sometimes feels lonely,Number,1654.0
4764,2024-04,Alberta,"Total, all persons",Rarely or never feels lonely,Percent,46.2
4765,2024-04,Alberta,"Total, all persons",Rarely or never feels lonely,Percent,42.5
4766,2024-04,Alberta,"Total, all persons",Rarely or never feels lonely,Percent,49.9
4767,2024-04,Alberta,"Total, all persons",Rarely or never feels lonely,Number,1804.0
4768,2024-04,Alberta,"Total, all persons",Rarely or never feels lonely,Number,1658.0
4769,2024-04,Alberta,"Total, all persons",Rarely or never feels lonely,Number,1950.0
4770,2024-04,Alberta,Men,Always or often feels lonely,Percent,13.7
4771,2024-04,Alberta,Men,Always or often feels lonely,Percent,10.2
4772,2024-04,Alberta,Men,Always or often feels lonely,Percent,18.0
4773,2024-04,Alberta,Men,Always or often feels lonely,Number,
4774,2024-04,Alberta,Men,Always or often feels lonely,Number,
4775,2024-04,Alberta,Men,Always or often feels lonely,Number,
4776,2024-04,Alberta,Men,Sometimes feels lonely,Percent,37.5
4777,2024-04,Alberta,Men,Sometimes feels lonely,Percent,32.3
4778,2024-04,Alberta,Men,Sometimes feels lonely,Percent,42.9
4779,2024-04,Alberta,Men,Sometimes feels lonely,Number,748.0
4780,2024-04,Alberta,Men,Sometimes feels lonely,Number,642.0
4781,2024-04,Alberta,Men,Sometimes feels lonely,Number,854.0
4782,2024-04,Alberta,Men,Rarely or never feels lonely,Percent,48.9
4783,2024-04,Alberta,Men,Rarely or never feels lonely,Percent,43.5
4784,2024-04,Alberta,Men,Rarely or never feels lonely,Percent,54.3
4785,2024-04,Alberta,Men,Rarely or never feels lonely,Number,976.0
4786,2024-04,Alberta,Men,Rarely or never feels lonely,Number,870.0
4787,2024-04,Alberta,Men,Rarely or never feels lonely,Number,1082.0
4788,2024-04,Alberta,Women,Always or often feels lonely,Percent,16.8
4789,2024-04,Alberta,Women,Always or often feels lonely,Percent,13.0
4790,2024-04,Alberta,Women,Always or often feels lonely,Percent,21.3
4791,2024-04,Alberta,Women,Always or often feels lonely,Number,320.0
4792,2024-04,Alberta,Women,Always or often feels lonely,Number,240.0
4793,2024-04,Alberta,Women,Always or often feels lonely,Number,399.0
4794,2024-04,Alberta,Women,Sometimes feels lonely,Percent,39.8
4795,2024-04,Alberta,Women,Sometimes feels lonely,Percent,34.8
4796,2024-04,Alberta,Women,Sometimes feels lonely,Percent,45.1
4797,2024-04,Alberta,Women,Sometimes feels lonely,Number,760.0
4798,2024-04,Alberta,Women,Sometimes feels lonely,Number,661.0
4799,2024-04,Alberta,Women,Sometimes feels lonely,Number,860.0
4800,2024-04,Alberta,Women,Rarely or never feels lonely,Percent,43.4
4801,2024-04,Alberta,Women,Rarely or never feels lonely,Percent,38.2
4802,2024-04,Alberta,Women,Rarely or never feels lonely,Percent,48.7
4803,2024-04,Alberta,Women,Rarely or never feels lonely,Number,828.0
4804,2024-04,Alberta,Women,Rarely or never feels lonely,Number,726.0
4805,2024-04,Alberta,Women,Rarely or never feels lonely,Number,930.0
4806,2024-04,British Columbia,"Total, all persons",Always or often feels lonely,Percent,14.3
4807,2024-04,British Columbia,"Total, all persons",Always or often feels lonely,Percent,11.8
4808,2024-04,British Columbia,"Total, all persons",Always or often feels lonely,Percent,17.3
4809,2024-04,British Columbia,"Total, all persons",Always or often feels lonely,Number,662.0
4810,2024-04,British Columbia,"Total, all persons",Always or often feels lonely,Number,534.0
4811,2024-04,British Columbia,"Total, all persons",Always or often feels lonely,Number,790.0
4812,2024-04,British Columbia,"Total, all persons",Sometimes feels lonely,Percent,36.8
4813,2024-04,British Columbia,"Total, all persons",Sometimes feels lonely,Percent,33.3
4814,2024-04,British Columbia,"Total, all persons",Sometimes feels lonely,Percent,40.4
4815,2024-04,British Columbia,"Total, all persons",Sometimes feels lonely,Number,1699.0
4816,2024-04,British Columbia,"Total, all persons",Sometimes feels lonely,Number,1535.0
4817,2024-04,British Columbia,"Total, all persons",Sometimes feels lonely,Number,1863.0
4818,2024-04,British Columbia,"Total, all persons",Rarely or never feels lonely,Percent,48.9
4819,2024-04,British Columbia,"Total, all persons",Rarely or never feels lonely,Percent,45.2
4820,2024-04,British Columbia,"Total, all persons",Rarely or never feels lonely,Percent,52.6
4821,2024-04,British Columbia,"Total, all persons",Rarely or never feels lonely,Number,2261.0
4822,2024-04,British Columbia,"Total, all persons",Rarely or never feels lonely,Number,2090.0
4823,2024-04,British Columbia,"Total, all persons",Rarely or never feels lonely,Number,2433.0
4824,2024-04,British Columbia,Men,Always or often feels lonely,Percent,14.1
4825,2024-04,British Columbia,Men,Always or often feels lonely,Percent,10.5
4826,2024-04,British Columbia,Men,Always or often feels lonely,Percent,18.7
4827,2024-04,British Columbia,Men,Always or often feels lonely,Number,322.0
4828,2024-04,British Columbia,Men,Always or often feels lonely,Number,227.0
4829,2024-04,British Columbia,Men,Always or often feels lonely,Number,416.0
4830,2024-04,British Columbia,Men,Sometimes feels lonely,Percent,33.1
4831,2024-04,British Columbia,Men,Sometimes feels lonely,Percent,28.2
4832,2024-04,British Columbia,Men,Sometimes feels lonely,Percent,38.4
4833,2024-04,British Columbia,Men,Sometimes feels lonely,Number,754.0
4834,2024-04,British Columbia,Men,Sometimes feels lonely,Number,635.0
4835,2024-04,British Columbia,Men,Sometimes feels lonely,Number,874.0
4836,2024-04,British Columbia,Men,Rarely or never feels lonely,Percent,52.8
4837,2024-04,British Columbia,Men,Rarely or never feels lonely,Percent,47.2
4838,2024-04,British Columbia,Men,Rarely or never feels lonely,Percent,58.4
4839,2024-04,British Columbia,Men,Rarely or never feels lonely,Number,1204.0
4840,2024-04,British Columbia,Men,Rarely or never feels lonely,Number,1076.0
4841,2024-04,British Columbia,Men,Rarely or never feels lonely,Number,1332.0
4842,2024-04,British Columbia,Women,Always or often feels lonely,Percent,14.5
4843,2024-04,British Columbia,Women,Always or often feels lonely,Percent,11.1
4844,2024-04,British Columbia,Women,Always or often feels lonely,Percent,18.7
4845,2024-04,British Columbia,Women,Always or often feels lonely,Number,340.0
4846,2024-04,British Columbia,Women,Always or often feels lonely,Number,251.0
4847,2024-04,British Columbia,Women,Always or often feels lonely,Number,429.0
4848,2024-04,British Columbia,Women,Sometimes feels lonely,Percent,40.3
4849,2024-04,British Columbia,Women,Sometimes feels lonely,Percent,35.3
4850,2024-04,British Columbia,Women,Sometimes feels lonely,Percent,45.6
4851,2024-04,British Columbia,Women,Sometimes feels lonely,Number,945.0
4852,2024-04,British Columbia,Women,Sometimes feels lonely,Number,822.0
4853,2024-04,British Columbia,Women,Sometimes feels lonely,Number,1068.0
4854,2024-04,British Columbia,Women,Rarely or never feels lonely,Percent,45.1
4855,2024-04,British Columbia,Women,Rarely or never feels lonely,Percent,40.4
4856,2024-04,British Columbia,Women,Rarely or never feels lonely,Percent,50.0
4857,2024-04,British Columbia,Women,Rarely or never feels lonely,Number,1057.0
4858,2024-04,British Columbia,Women,Rarely or never feels lonely,Number,944.0
4859,2024-04,British Columbia,Women,Rarely or never feels lonely,Number,1170.0
4860,2024-07,Newfoundland and Labrador,"Total, all persons",Always or often feels lonely,Percent,13.4
4861,2024-07,Newfoundland and Labrador,"Total, all persons",Always or often feels lonely,Percent,9.8
4862,2024-07,Newfoundland and Labrador,"Total, all persons",Always or often feels lonely,Percent,18.2
4863,2024-07,Newfoundland and Labrador,"Total, all persons",Always or often feels lonely,Number,62.0
4864,2024-07,Newfoundland and Labrador,"Total, all persons",Always or often feels lonely,Number,43.0
4865,2024-07,Newfoundland and Labrador,"Total, all persons",Always or often feels lonely,Number,81.0
4866,2024-07,Newfoundland and Labrador,"Total, all persons",Sometimes feels lonely,Percent,34.6
4867,2024-07,Newfoundland and Labrador,"Total, all persons",Sometimes feels lonely,Percent,29.0
4868,2024-07,Newfoundland and Labrador,"Total, all persons",Sometimes feels lonely,Percent,40.5
4869,2024-07,Newfoundland and Labrador,"Total, all persons",Sometimes feels lonely,Number,159.0
4870,2024-07,Newfoundland and Labrador,"Total, all persons",Sometimes feels lonely,Number,132.0
4871,2024-07,Newfoundland and Labrador,"Total, all persons",Sometimes feels lonely,Number,185.0
4872,2024-07,Newfoundland and Labrador,"Total, all persons",Rarely or never feels lonely,Percent,52.0
4873,2024-07,Newfoundland and Labrador,"Total, all persons",Rarely or never feels lonely,Percent,46.3
4874,2024-07,Newfoundland and Labrador,"Total, all persons",Rarely or never feels lonely,Percent,57.6
4875,2024-07,Newfoundland and Labrador,"Total, all persons",Rarely or never feels lonely,Number,239.0
4876,2024-07,Newfoundland and Labrador,"Total, all persons",Rarely or never feels lonely,Number,213.0
4877,2024-07,Newfoundland and Labrador,"Total, all persons",Rarely or never feels lonely,Number,265.0
4878,2024-07,Newfoundland and Labrador,Men,Always or often feels lonely,Percent,12.1
4879,2024-07,Newfoundland and Labrador,Men,Always or often feels lonely,Percent,7.0
4880,2024-07,Newfoundland and Labrador,Men,Always or often feels lonely,Percent,20.0
4881,2024-07,Newfoundland and Labrador,Men,Always or often feels lonely,Number,
4882,2024-07,Newfoundland and Labrador,Men,Always or often feels lonely,Number,
4883,2024-07,Newfoundland and Labrador,Men,Always or often feels lonely,Number,
4884,2024-07,Newfoundland and Labrador,Men,Sometimes feels lonely,Percent,31.2
4885,2024-07,Newfoundland and Labrador,Men,Sometimes feels lonely,Percent,22.9
4886,2024-07,Newfoundland and Labrador,Men,Sometimes feels lonely,Percent,40.9
4887,2024-07,Newfoundland and Labrador,Men,Sometimes feels lonely,Number,
4888,2024-07,Newfoundland and Labrador,Men,Sometimes feels lonely,Number,
4889,2024-07,Newfoundland and Labrador,Men,Sometimes feels lonely,Number,
4890,2024-07,Newfoundland and Labrador,Men,Rarely or never feels lonely,Percent,56.8
4891,2024-07,Newfoundland and Labrador,Men,Rarely or never feels lonely,Percent,47.9
4892,2024-07,Newfoundland and Labrador,Men,Rarely or never feels lonely,Percent,65.2
4893,2024-07,Newfoundland and Labrador,Men,Rarely or never feels lonely,Number,130.0
4894,2024-07,Newfoundland and Labrador,Men,Rarely or never feels lonely,Number,111.0
4895,2024-07,Newfoundland and Labrador,Men,Rarely or never feels lonely,Number,150.0
4896,2024-07,Newfoundland and Labrador,Women,Always or often feels lonely,Percent,14.8
4897,2024-07,Newfoundland and Labrador,Women,Always or often feels lonely,Percent,10.3
4898,2024-07,Newfoundland and Labrador,Women,Always or often feels lonely,Percent,20.9
4899,2024-07,Newfoundland and Labrador,Women,Always or often feels lonely,Number,
4900,2024-07,Newfoundland and Labrador,Women,Always or often feels lonely,Number,
4901,2024-07,Newfoundland and Labrador,Women,Always or often feels lonely,Number,
4902,2024-07,Newfoundland and Labrador,Women,Sometimes feels lonely,Percent,37.9
4903,2024-07,Newfoundland and Labrador,Women,Sometimes feels lonely,Percent,31.0
4904,2024-07,Newfoundland and Labrador,Women,Sometimes feels lonely,Percent,45.4
4905,2024-07,Newfoundland and Labrador,Women,Sometimes feels lonely,Number,87.0
4906,2024-07,Newfoundland and Labrador,Women,Sometimes feels lonely,Number,70.0
4907,2024-07,Newfoundland and Labrador,Women,Sometimes feels lonely,Number,104.0
4908,2024-07,Newfoundland and Labrador,Women,Rarely or never feels lonely,Percent,47.2
4909,2024-07,Newfoundland and Labrador,Women,Rarely or never feels lonely,Percent,39.9
4910,2024-07,Newfoundland and Labrador,Women,Rarely or never feels lonely,Percent,54.7
4911,2024-07,Newfoundland and Labrador,Women,Rarely or never feels lonely,Number,108.0
4912,2024-07,Newfoundland and Labrador,Women,Rarely or never feels lonely,Number,91.0
4913,2024-07,Newfoundland and Labrador,Women,Rarely or never feels lonely,Number,126.0
4914,2024-07,Prince Edward Island,"Total, all persons",Always or often feels lonely,Percent,12.1
4915,2024-07,Prince Edward Island,"Total, all persons",Always or often feels lonely,Percent,8.3
4916,2024-07,Prince Edward Island,"Total, all persons",Always or often feels lonely,Percent,17.2
4917,2024-07,Prince Edward Island,"Total, all persons",Always or often feels lonely,Number,
4918,2024-07,Prince Edward Island,"Total, all persons",Always or often feels lonely,Number,
4919,2024-07,Prince Edward Island,"Total, all persons",Always or often feels lonely,Number,
4920,2024-07,Prince Edward Island,"Total, all persons",Sometimes feels lonely,Percent,31.4
4921,2024-07,Prince Edward Island,"Total, all persons",Sometimes feels lonely,Percent,26.3
4922,2024-07,Prince Edward Island,"Total, all persons",Sometimes feels lonely,Percent,37.0
4923,2024-07,Prince Edward Island,"Total, all persons",Sometimes feels lonely,Number,48.0
4924,2024-07,Prince Edward Island,"Total, all persons",Sometimes feels lonely,Number,40.0
4925,2024-07,Prince Edward Island,"Total, all persons",Sometimes feels lonely,Number,56.0
4926,2024-07,Prince Edward Island,"Total, all persons",Rarely or never feels lonely,Percent,56.5
4927,2024-07,Prince Edward Island,"Total, all persons",Rarely or never feels lonely,Percent,50.1
4928,2024-07,Prince Edward Island,"Total, all persons",Rarely or never feels lonely,Percent,62.7
4929,2024-07,Prince Edward Island,"Total, all persons",Rarely or never feels lonely,Number,86.0
4930,2024-07,Prince Edward Island,"Total, all persons",Rarely or never feels lonely,Number,76.0
4931,2024-07,Prince Edward Island,"Total, all persons",Rarely or never feels lonely,Number,95.0
4932,2024-07,Prince Edward Island,Men,Always or often feels lonely,Percent,12.0
4933,2024-07,Prince Edward Island,Men,Always or often feels lonely,Percent,6.8
4934,2024-07,Prince Edward Island,Men,Always or often feels lonely,Percent,20.5
4935,2024-07,Prince Edward Island,Men,Always or often feels lonely,Number,
4936,2024-07,Prince Edward Island,Men,Always or often feels lonely,Number,
4937,2024-07,Prince Edward Island,Men,Always or often feels lonely,Number,
4938,2024-07,Prince Edward Island,Men,Sometimes feels lonely,Percent,28.0
4939,2024-07,Prince Edward Island,Men,Sometimes feels lonely,Percent,20.7
4940,2024-07,Prince Edward Island,Men,Sometimes feels lonely,Percent,36.5
4941,2024-07,Prince Edward Island,Men,Sometimes feels lonely,Number,
4942,2024-07,Prince Edward Island,Men,Sometimes feels lonely,Number,
4943,2024-07,Prince Edward Island,Men,Sometimes feels lonely,Number,
4944,2024-07,Prince Edward Island,Men,Rarely or never feels lonely,Percent,60.0
4945,2024-07,Prince Edward Island,Men,Rarely or never feels lonely,Percent,50.3
4946,2024-07,Prince Edward Island,Men,Rarely or never feels lonely,Percent,69.0
4947,2024-07,Prince Edward Island,Men,Rarely or never feels lonely,Number,46.0
4948,2024-07,Prince Edward Island,Men,Rarely or never feels lonely,Number,38.0
4949,2024-07,Prince Edward Island,Men,Rarely or never feels lonely,Number,53.0
4950,2024-07,Prince Edward Island,Women,Always or often feels lonely,Percent,12.1
4951,2024-07,Prince Edward Island,Women,Always or often feels lonely,Percent,7.3
4952,2024-07,Prince Edward Island,Women,Always or often feels lonely,Percent,19.3
4953,2024-07,Prince Edward Island,Women,Always or often feels lonely,Number,
4954,2024-07,Prince Edward Island,Women,Always or often feels lonely,Number,
4955,2024-07,Prince Edward Island,Women,Always or often feels lonely,Number,
4956,2024-07,Prince Edward Island,Women,Sometimes feels lonely,Percent,34.9
4957,2024-07,Prince Edward Island,Women,Sometimes feels lonely,Percent,27.5
4958,2024-07,Prince Edward Island,Women,Sometimes feels lonely,Percent,43.2
4959,2024-07,Prince Edward Island,Women,Sometimes feels lonely,Number,26.0
4960,2024-07,Prince Edward Island,Women,Sometimes feels lonely,Number,20.0
4961,2024-07,Prince Edward Island,Women,Sometimes feels lonely,Number,32.0
4962,2024-07,Prince Edward Island,Women,Rarely or never feels lonely,Percent,53.0
4963,2024-07,Prince Edward Island,Women,Rarely or never feels lonely,Percent,44.4
4964,2024-07,Prince Edward Island,Women,Rarely or never feels lonely,Percent,61.5
4965,2024-07,Prince Edward Island,Women,Rarely or never feels lonely,Number,40.0
4966,2024-07,Prince Edward Island,Women,Rarely or never feels lonely,Number,34.0
4967,2024-07,Prince Edward Island,Women,Rarely or never feels lonely,Number,47.0
4968,2024-07,Nova Scotia,"Total, all persons",Always or often feels lonely,Percent,13.4
4969,2024-07,Nova Scotia,"Total, all persons",Always or often feels lonely,Percent,10.2
4970,2024-07,Nova Scotia,"Total, all persons",Always or often feels lonely,Percent,17.3
4971,2024-07,Nova Scotia,"Total, all persons",Always or often feels lonely,Number,120.0
4972,2024-07,Nova Scotia,"Total, all persons",Always or often feels lonely,Number,88.0
4973,2024-07,Nova Scotia,"Total, all persons",Always or often feels lonely,Number,151.0
4974,2024-07,Nova Scotia,"Total, all persons",Sometimes feels lonely,Percent,36.2
4975,2024-07,Nova Scotia,"Total, all persons",Sometimes feels lonely,Percent,31.3
4976,2024-07,Nova Scotia,"Total, all persons",Sometimes feels lonely,Percent,41.4
4977,2024-07,Nova Scotia,"Total, all persons",Sometimes feels lonely,Number,325.0
4978,2024-07,Nova Scotia,"Total, all persons",Sometimes feels lonely,Number,279.0
4979,2024-07,Nova Scotia,"Total, all persons",Sometimes feels lonely,Number,370.0
4980,2024-07,Nova Scotia,"Total, all persons",Rarely or never feels lonely,Percent,50.4
4981,2024-07,Nova Scotia,"Total, all persons",Rarely or never feels lonely,Percent,45.2
4982,2024-07,Nova Scotia,"Total, all persons",Rarely or never feels lonely,Percent,55.6
4983,2024-07,Nova Scotia,"Total, all persons",Rarely or never feels lonely,Number,452.0
4984,2024-07,Nova Scotia,"Total, all persons",Rarely or never feels lonely,Number,405.0
4985,2024-07,Nova Scotia,"Total, all persons",Rarely or never feels lonely,Number,499.0
4986,2024-07,Nova Scotia,Men,Always or often feels lonely,Percent,9.4
4987,2024-07,Nova Scotia,Men,Always or often feels lonely,Percent,5.5
4988,2024-07,Nova Scotia,Men,Always or often feels lonely,Percent,15.6
4989,2024-07,Nova Scotia,Men,Always or often feels lonely,Number,
4990,2024-07,Nova Scotia,Men,Always or often feels lonely,Number,
4991,2024-07,Nova Scotia,Men,Always or often feels lonely,Number,
4992,2024-07,Nova Scotia,Men,Sometimes feels lonely,Percent,35.3
4993,2024-07,Nova Scotia,Men,Sometimes feels lonely,Percent,28.1
4994,2024-07,Nova Scotia,Men,Sometimes feels lonely,Percent,43.1
4995,2024-07,Nova Scotia,Men,Sometimes feels lonely,Number,154.0
4996,2024-07,Nova Scotia,Men,Sometimes feels lonely,Number,121.0
4997,2024-07,Nova Scotia,Men,Sometimes feels lonely,Number,187.0
4998,2024-07,Nova Scotia,Men,Rarely or never feels lonely,Percent,55.3
4999,2024-07,Nova Scotia,Men,Rarely or never feels lonely,Percent,47.3
5000,2024-07,Nova Scotia,Men,Rarely or never feels lonely,Percent,63.1
5001,2024-07,Nova Scotia,Men,Rarely or never feels lonely,Number,242.0
5002,2024-07,Nova Scotia,Men,Rarely or never feels lonely,Number,207.0
5003,2024-07,Nova Scotia,Men,Rarely or never feels lonely,Number,277.0
5004,2024-07,Nova Scotia,Women,Always or often feels lonely,Percent,17.1
5005,2024-07,Nova Scotia,Women,Always or often feels lonely,Percent,12.6
5006,2024-07,Nova Scotia,Women,Always or often feels lonely,Percent,22.9
5007,2024-07,Nova Scotia,Women,Always or often feels lonely,Number,
5008,2024-07,Nova Scotia,Women,Always or often feels lonely,Number,
5009,2024-07,Nova Scotia,Women,Always or often feels lonely,Number,
5010,2024-07,Nova Scotia,Women,Sometimes feels lonely,Percent,37.2
5011,2024-07,Nova Scotia,Women,Sometimes feels lonely,Percent,30.7
5012,2024-07,Nova Scotia,Women,Sometimes feels lonely,Percent,44.1
5013,2024-07,Nova Scotia,Women,Sometimes feels lonely,Number,171.0
5014,2024-07,Nova Scotia,Women,Sometimes feels lonely,Number,140.0
5015,2024-07,Nova Scotia,Women,Sometimes feels lonely,Number,202.0
5016,2024-07,Nova Scotia,Women,Rarely or never feels lonely,Percent,45.7
5017,2024-07,Nova Scotia,Women,Rarely or never feels lonely,Percent,38.8
5018,2024-07,Nova Scotia,Women,Rarely or never feels lonely,Percent,52.8
5019,2024-07,Nova Scotia,Women,Rarely or never feels lonely,Number,210.0
5020,2024-07,Nova Scotia,Women,Rarely or never feels lonely,Number,178.0
5021,2024-07,Nova Scotia,Women,Rarely or never feels lonely,Number,242.0
5022,2024-07,New Brunswick,"Total, all persons",Always or often feels lonely,Percent,15.4
5023,2024-07,New Brunswick,"Total, all persons",Always or often feels lonely,Percent,11.6
5024,2024-07,New Brunswick,"Total, all persons",Always or often feels lonely,Percent,20.1
5025,2024-07,New Brunswick,"Total, all persons",Always or often feels lonely,Number,109.0
5026,2024-07,New Brunswick,"Total, all persons",Always or often feels lonely,Number,79.0
5027,2024-07,New Brunswick,"Total, all persons",Always or often feels lonely,Number,139.0
5028,2024-07,New Brunswick,"Total, all persons",Sometimes feels lonely,Percent,32.9
5029,2024-07,New Brunswick,"Total, all persons",Sometimes feels lonely,Percent,27.9
5030,2024-07,New Brunswick,"Total, all persons",Sometimes feels lonely,Percent,38.2
5031,2024-07,New Brunswick,"Total, all persons",Sometimes feels lonely,Number,232.0
5032,2024-07,New Brunswick,"Total, all persons",Sometimes feels lonely,Number,195.0
5033,2024-07,New Brunswick,"Total, all persons",Sometimes feels lonely,Number,269.0
5034,2024-07,New Brunswick,"Total, all persons",Rarely or never feels lonely,Percent,51.7
5035,2024-07,New Brunswick,"Total, all persons",Rarely or never feels lonely,Percent,46.4
5036,2024-07,New Brunswick,"Total, all persons",Rarely or never feels lonely,Percent,57.1
5037,2024-07,New Brunswick,"Total, all persons",Rarely or never feels lonely,Number,365.0
5038,2024-07,New Brunswick,"Total, all persons",Rarely or never feels lonely,Number,327.0
5039,2024-07,New Brunswick,"Total, all persons",Rarely or never feels lonely,Number,404.0
5040,2024-07,New Brunswick,Men,Always or often feels lonely,Percent,15.4
5041,2024-07,New Brunswick,Men,Always or often feels lonely,Percent,9.8
5042,2024-07,New Brunswick,Men,Always or often feels lonely,Percent,23.4
5043,2024-07,New Brunswick,Men,Always or often feels lonely,Number,
5044,2024-07,New Brunswick,Men,Always or often feels lonely,Number,
5045,2024-07,New Brunswick,Men,Always or often feels lonely,Number,
5046,2024-07,New Brunswick,Men,Sometimes feels lonely,Percent,27.4
5047,2024-07,New Brunswick,Men,Sometimes feels lonely,Percent,20.9
5048,2024-07,New Brunswick,Men,Sometimes feels lonely,Percent,35.0
5049,2024-07,New Brunswick,Men,Sometimes feels lonely,Number,96.0
5050,2024-07,New Brunswick,Men,Sometimes feels lonely,Number,71.0
5051,2024-07,New Brunswick,Men,Sometimes feels lonely,Number,121.0
5052,2024-07,New Brunswick,Men,Rarely or never feels lonely,Percent,57.2
5053,2024-07,New Brunswick,Men,Rarely or never feels lonely,Percent,49.0
5054,2024-07,New Brunswick,Men,Rarely or never feels lonely,Percent,65.0
5055,2024-07,New Brunswick,Men,Rarely or never feels lonely,Number,201.0
5056,2024-07,New Brunswick,Men,Rarely or never feels lonely,Number,172.0
5057,2024-07,New Brunswick,Men,Rarely or never feels lonely,Number,230.0
5058,2024-07,New Brunswick,Women,Always or often feels lonely,Percent,15.4
5059,2024-07,New Brunswick,Women,Always or often feels lonely,Percent,10.6
5060,2024-07,New Brunswick,Women,Always or often feels lonely,Percent,21.7
5061,2024-07,New Brunswick,Women,Always or often feels lonely,Number,
5062,2024-07,New Brunswick,Women,Always or often feels lonely,Number,
5063,2024-07,New Brunswick,Women,Always or often feels lonely,Number,
5064,2024-07,New Brunswick,Women,Sometimes feels lonely,Percent,38.2
5065,2024-07,New Brunswick,Women,Sometimes feels lonely,Percent,30.9
5066,2024-07,New Brunswick,Women,Sometimes feels lonely,Percent,46.1
5067,2024-07,New Brunswick,Women,Sometimes feels lonely,Number,136.0
5068,2024-07,New Brunswick,Women,Sometimes feels lonely,Number,108.0
5069,2024-07,New Brunswick,Women,Sometimes feels lonely,Number,163.0
5070,2024-07,New Brunswick,Women,Rarely or never feels lonely,Percent,46.4
5071,2024-07,New Brunswick,Women,Rarely or never feels lonely,Percent,39.0
5072,2024-07,New Brunswick,Women,Rarely or never feels lonely,Percent,53.9
5073,2024-07,New Brunswick,Women,Rarely or never feels lonely,Number,164.0
5074,2024-07,New Brunswick,Women,Rarely or never feels lonely,Number,138.0
5075,2024-07,New Brunswick,Women,Rarely or never feels lonely,Number,191.0
5076,2024-07,Quebec,"Total, all persons",Always or often feels lonely,Percent,12.3
5077,2024-07,Quebec,"Total, all persons",Always or often feels lonely,Percent,10.7
5078,2024-07,Quebec,"Total, all persons",Always or often feels lonely,Percent,14.2
5079,2024-07,Quebec,"Total, all persons",Always or often feels lonely,Number,919.0
5080,2024-07,Quebec,"Total, all persons",Always or often feels lonely,Number,787.0
5081,2024-07,Quebec,"Total, all persons",Always or often feels lonely,Number,1051.0
5082,2024-07,Quebec,"Total, all persons",Sometimes feels lonely,Percent,29.0
5083,2024-07,Quebec,"Total, all persons",Sometimes feels lonely,Percent,26.6
5084,2024-07,Quebec,"Total, all persons",Sometimes feels lonely,Percent,31.6
5085,2024-07,Quebec,"Total, all persons",Sometimes feels lonely,Number,2164.0
5086,2024-07,Quebec,"Total, all persons",Sometimes feels lonely,Number,1977.0
5087,2024-07,Quebec,"Total, all persons",Sometimes feels lonely,Number,2351.0
5088,2024-07,Quebec,"Total, all persons",Rarely or never feels lonely,Percent,58.7
5089,2024-07,Quebec,"Total, all persons",Rarely or never feels lonely,Percent,56.0
5090,2024-07,Quebec,"Total, all persons",Rarely or never feels lonely,Percent,61.3
5091,2024-07,Quebec,"Total, all persons",Rarely or never feels lonely,Number,4376.0
5092,2024-07,Quebec,"Total, all persons",Rarely or never feels lonely,Number,4180.0
5093,2024-07,Quebec,"Total, all persons",Rarely or never feels lonely,Number,4572.0
5094,2024-07,Quebec,Men,Always or often feels lonely,Percent,12.1
5095,2024-07,Quebec,Men,Always or often feels lonely,Percent,9.6
5096,2024-07,Quebec,Men,Always or often feels lonely,Percent,15.1
5097,2024-07,Quebec,Men,Always or often feels lonely,Number,452.0
5098,2024-07,Quebec,Men,Always or often feels lonely,Number,349.0
5099,2024-07,Quebec,Men,Always or often feels lonely,Number,554.0
5100,2024-07,Quebec,Men,Sometimes feels lonely,Percent,26.2
5101,2024-07,Quebec,Men,Sometimes feels lonely,Percent,22.8
5102,2024-07,Quebec,Men,Sometimes feels lonely,Percent,30.0
5103,2024-07,Quebec,Men,Sometimes feels lonely,Number,982.0
5104,2024-07,Quebec,Men,Sometimes feels lonely,Number,846.0
5105,2024-07,Quebec,Men,Sometimes feels lonely,Number,1118.0
5106,2024-07,Quebec,Men,Rarely or never feels lonely,Percent,61.7
5107,2024-07,Quebec,Men,Rarely or never feels lonely,Percent,57.8
5108,2024-07,Quebec,Men,Rarely or never feels lonely,Percent,65.5
5109,2024-07,Quebec,Men,Rarely or never feels lonely,Number,2312.0
5110,2024-07,Quebec,Men,Rarely or never feels lonely,Number,2169.0
5111,2024-07,Quebec,Men,Rarely or never feels lonely,Number,2454.0
5112,2024-07,Quebec,Women,Always or often feels lonely,Percent,12.6
5113,2024-07,Quebec,Women,Always or often feels lonely,Percent,10.4
5114,2024-07,Quebec,Women,Always or often feels lonely,Percent,15.1
5115,2024-07,Quebec,Women,Always or often feels lonely,Number,468.0
5116,2024-07,Quebec,Women,Always or often feels lonely,Number,380.0
5117,2024-07,Quebec,Women,Always or often feels lonely,Number,555.0
5118,2024-07,Quebec,Women,Sometimes feels lonely,Percent,31.8
5119,2024-07,Quebec,Women,Sometimes feels lonely,Percent,28.6
5120,2024-07,Quebec,Women,Sometimes feels lonely,Percent,35.2
5121,2024-07,Quebec,Women,Sometimes feels lonely,Number,1182.0
5122,2024-07,Quebec,Women,Sometimes feels lonely,Number,1059.0
5123,2024-07,Quebec,Women,Sometimes feels lonely,Number,1305.0
5124,2024-07,Quebec,Women,Rarely or never feels lonely,Percent,55.6
5125,2024-07,Quebec,Women,Rarely or never feels lonely,Percent,52.0
5126,2024-07,Quebec,Women,Rarely or never feels lonely,Percent,59.1
5127,2024-07,Quebec,Women,Rarely or never feels lonely,Number,2064.0
5128,2024-07,Quebec,Women,Rarely or never feels lonely,Number,1932.0
5129,2024-07,Quebec,Women,Rarely or never feels lonely,Number,2197.0
5130,2024-07,Ontario,"Total, all persons",Always or often feels lonely,Percent,12.6
5131,2024-07,Ontario,"Total, all persons",Always or often feels lonely,Percent,11.3
5132,2024-07,Ontario,"Total, all persons",Always or often feels lonely,Percent,14.1
5133,2024-07,Ontario,"Total, all persons",Always or often feels lonely,Number,1684.0
5134,2024-07,Ontario,"Total, all persons",Always or often feels lonely,Number,1492.0
5135,2024-07,Ontario,"Total, all persons",Always or often feels lonely,Number,1876.0
5136,2024-07,Ontario,"Total, all persons",Sometimes feels lonely,Percent,35.0
5137,2024-07,Ontario,"Total, all persons",Sometimes feels lonely,Percent,32.9
5138,2024-07,Ontario,"Total, all persons",Sometimes feels lonely,Percent,37.2
5139,2024-07,Ontario,"Total, all persons",Sometimes feels lonely,Number,4665.0
5140,2024-07,Ontario,"Total, all persons",Sometimes feels lonely,Number,4378.0
5141,2024-07,Ontario,"Total, all persons",Sometimes feels lonely,Number,4953.0
5142,2024-07,Ontario,"Total, all persons",Rarely or never feels lonely,Percent,52.4
5143,2024-07,Ontario,"Total, all persons",Rarely or never feels lonely,Percent,50.1
5144,2024-07,Ontario,"Total, all persons",Rarely or never feels lonely,Percent,54.6
5145,2024-07,Ontario,"Total, all persons",Rarely or never feels lonely,Number,6978.0
5146,2024-07,Ontario,"Total, all persons",Rarely or never feels lonely,Number,6683.0
5147,2024-07,Ontario,"Total, all persons",Rarely or never feels lonely,Number,7272.0
5148,2024-07,Ontario,Men,Always or often feels lonely,Percent,10.8
5149,2024-07,Ontario,Men,Always or often feels lonely,Percent,9.0
5150,2024-07,Ontario,Men,Always or often feels lonely,Percent,13.0
5151,2024-07,Ontario,Men,Always or often feels lonely,Number,716.0
5152,2024-07,Ontario,Men,Always or often feels lonely,Number,586.0
5153,2024-07,Ontario,Men,Always or often feels lonely,Number,845.0
5154,2024-07,Ontario,Men,Sometimes feels lonely,Percent,31.0
5155,2024-07,Ontario,Men,Sometimes feels lonely,Percent,28.0
5156,2024-07,Ontario,Men,Sometimes feels lonely,Percent,34.2
5157,2024-07,Ontario,Men,Sometimes feels lonely,Number,2046.0
5158,2024-07,Ontario,Men,Sometimes feels lonely,Number,1840.0
5159,2024-07,Ontario,Men,Sometimes feels lonely,Number,2252.0
5160,2024-07,Ontario,Men,Rarely or never feels lonely,Percent,58.1
5161,2024-07,Ontario,Men,Rarely or never feels lonely,Percent,55.0
5162,2024-07,Ontario,Men,Rarely or never feels lonely,Percent,61.2
5163,2024-07,Ontario,Men,Rarely or never feels lonely,Number,3836.0
5164,2024-07,Ontario,Men,Rarely or never feels lonely,Number,3628.0
5165,2024-07,Ontario,Men,Rarely or never feels lonely,Number,4043.0
5166,2024-07,Ontario,Women,Always or often feels lonely,Percent,14.4
5167,2024-07,Ontario,Women,Always or often feels lonely,Percent,12.3
5168,2024-07,Ontario,Women,Always or often feels lonely,Percent,16.7
5169,2024-07,Ontario,Women,Always or often feels lonely,Number,968.0
5170,2024-07,Ontario,Women,Always or often feels lonely,Number,821.0
5171,2024-07,Ontario,Women,Always or often feels lonely,Number,1115.0
5172,2024-07,Ontario,Women,Sometimes feels lonely,Percent,38.9
5173,2024-07,Ontario,Women,Sometimes feels lonely,Percent,36.0
5174,2024-07,Ontario,Women,Sometimes feels lonely,Percent,41.9
5175,2024-07,Ontario,Women,Sometimes feels lonely,Number,2619.0
5176,2024-07,Ontario,Women,Sometimes feels lonely,Number,2419.0
5177,2024-07,Ontario,Women,Sometimes feels lonely,Number,2820.0
5178,2024-07,Ontario,Women,Rarely or never feels lonely,Percent,46.7
5179,2024-07,Ontario,Women,Rarely or never feels lonely,Percent,43.6
5180,2024-07,Ontario,Women,Rarely or never feels lonely,Percent,49.8
5181,2024-07,Ontario,Women,Rarely or never feels lonely,Number,3142.0
5182,2024-07,Ontario,Women,Rarely or never feels lonely,Number,2932.0
5183,2024-07,Ontario,Women,Rarely or never feels lonely,Number,3352.0
5184,2024-07,Manitoba,"Total, all persons",Always or often feels lonely,Percent,9.8
5185,2024-07,Manitoba,"Total, all persons",Always or often feels lonely,Percent,7.1
5186,2024-07,Manitoba,"Total, all persons",Always or often feels lonely,Percent,13.2
5187,2024-07,Manitoba,"Total, all persons",Always or often feels lonely,Number,
5188,2024-07,Manitoba,"Total, all persons",Always or often feels lonely,Number,
5189,2024-07,Manitoba,"Total, all persons",Always or often feels lonely,Number,
5190,2024-07,Manitoba,"Total, all persons",Sometimes feels lonely,Percent,37.7
5191,2024-07,Manitoba,"Total, all persons",Sometimes feels lonely,Percent,32.8
5192,2024-07,Manitoba,"Total, all persons",Sometimes feels lonely,Percent,43.0
5193,2024-07,Manitoba,"Total, all persons",Sometimes feels lonely,Number,427.0
5194,2024-07,Manitoba,"Total, all persons",Sometimes feels lonely,Number,369.0
5195,2024-07,Manitoba,"Total, all persons",Sometimes feels lonely,Number,484.0
5196,2024-07,Manitoba,"Total, all persons",Rarely or never feels lonely,Percent,52.5
5197,2024-07,Manitoba,"Total, all persons",Rarely or never feels lonely,Percent,47.2
5198,2024-07,Manitoba,"Total, all persons",Rarely or never feels lonely,Percent,57.7
5199,2024-07,Manitoba,"Total, all persons",Rarely or never feels lonely,Number,594.0
5200,2024-07,Manitoba,"Total, all persons",Rarely or never feels lonely,Number,534.0
5201,2024-07,Manitoba,"Total, all persons",Rarely or never feels lonely,Number,654.0
5202,2024-07,Manitoba,Men,Always or often feels lonely,Percent,9.4
5203,2024-07,Manitoba,Men,Always or often feels lonely,Percent,6.0
5204,2024-07,Manitoba,Men,Always or often feels lonely,Percent,14.3
5205,2024-07,Manitoba,Men,Always or often feels lonely,Number,
5206,2024-07,Manitoba,Men,Always or often feels lonely,Number,
5207,2024-07,Manitoba,Men,Always or often feels lonely,Number,
5208,2024-07,Manitoba,Men,Sometimes feels lonely,Percent,32.8
5209,2024-07,Manitoba,Men,Sometimes feels lonely,Percent,26.1
5210,2024-07,Manitoba,Men,Sometimes feels lonely,Percent,40.4
5211,2024-07,Manitoba,Men,Sometimes feels lonely,Number,186.0
5212,2024-07,Manitoba,Men,Sometimes feels lonely,Number,145.0
5213,2024-07,Manitoba,Men,Sometimes feels lonely,Number,227.0
5214,2024-07,Manitoba,Men,Rarely or never feels lonely,Percent,57.8
5215,2024-07,Manitoba,Men,Rarely or never feels lonely,Percent,50.4
5216,2024-07,Manitoba,Men,Rarely or never feels lonely,Percent,64.8
5217,2024-07,Manitoba,Men,Rarely or never feels lonely,Number,327.0
5218,2024-07,Manitoba,Men,Rarely or never feels lonely,Number,286.0
5219,2024-07,Manitoba,Men,Rarely or never feels lonely,Number,369.0
5220,2024-07,Manitoba,Women,Always or often feels lonely,Percent,10.1
5221,2024-07,Manitoba,Women,Always or often feels lonely,Percent,6.5
5222,2024-07,Manitoba,Women,Always or often feels lonely,Percent,15.4
5223,2024-07,Manitoba,Women,Always or often feels lonely,Number,
5224,2024-07,Manitoba,Women,Always or often feels lonely,Number,
5225,2024-07,Manitoba,Women,Always or often feels lonely,Number,
5226,2024-07,Manitoba,Women,Sometimes feels lonely,Percent,42.7
5227,2024-07,Manitoba,Women,Sometimes feels lonely,Percent,35.8
5228,2024-07,Manitoba,Women,Sometimes feels lonely,Percent,49.8
5229,2024-07,Manitoba,Women,Sometimes feels lonely,Number,241.0
5230,2024-07,Manitoba,Women,Sometimes feels lonely,Number,201.0
5231,2024-07,Manitoba,Women,Sometimes feels lonely,Number,280.0
5232,2024-07,Manitoba,Women,Rarely or never feels lonely,Percent,47.2
5233,2024-07,Manitoba,Women,Rarely or never feels lonely,Percent,40.0
5234,2024-07,Manitoba,Women,Rarely or never feels lonely,Percent,54.5
5235,2024-07,Manitoba,Women,Rarely or never feels lonely,Number,266.0
5236,2024-07,Manitoba,Women,Rarely or never feels lonely,Number,225.0
5237,2024-07,Manitoba,Women,Rarely or never feels lonely,Number,308.0
5238,2024-07,Saskatchewan,"Total, all persons",Always or often feels lonely,Percent,13.2
5239,2024-07,Saskatchewan,"Total, all persons",Always or often feels lonely,Percent,9.9
5240,2024-07,Saskatchewan,"Total, all persons",Always or often feels lonely,Percent,17.4
5241,2024-07,Saskatchewan,"Total, all persons",Always or often feels lonely,Number,
5242,2024-07,Saskatchewan,"Total, all persons",Always or often feels lonely,Number,
5243,2024-07,Saskatchewan,"Total, all persons",Always or often feels lonely,Number,
5244,2024-07,Saskatchewan,"Total, all persons",Sometimes feels lonely,Percent,35.2
5245,2024-07,Saskatchewan,"Total, all persons",Sometimes feels lonely,Percent,30.3
5246,2024-07,Saskatchewan,"Total, all persons",Sometimes feels lonely,Percent,40.4
5247,2024-07,Saskatchewan,"Total, all persons",Sometimes feels lonely,Number,336.0
5248,2024-07,Saskatchewan,"Total, all persons",Sometimes feels lonely,Number,288.0
5249,2024-07,Saskatchewan,"Total, all persons",Sometimes feels lonely,Number,384.0
5250,2024-07,Saskatchewan,"Total, all persons",Rarely or never feels lonely,Percent,51.6
5251,2024-07,Saskatchewan,"Total, all persons",Rarely or never feels lonely,Percent,46.6
5252,2024-07,Saskatchewan,"Total, all persons",Rarely or never feels lonely,Percent,56.6
5253,2024-07,Saskatchewan,"Total, all persons",Rarely or never feels lonely,Number,493.0
5254,2024-07,Saskatchewan,"Total, all persons",Rarely or never feels lonely,Number,446.0
5255,2024-07,Saskatchewan,"Total, all persons",Rarely or never feels lonely,Number,541.0
5256,2024-07,Saskatchewan,Men,Always or often feels lonely,Percent,12.6
5257,2024-07,Saskatchewan,Men,Always or often feels lonely,Percent,8.6
5258,2024-07,Saskatchewan,Men,Always or often feels lonely,Percent,18.1
5259,2024-07,Saskatchewan,Men,Always or often feels lonely,Number,
5260,2024-07,Saskatchewan,Men,Always or often feels lonely,Number,
5261,2024-07,Saskatchewan,Men,Always or often feels lonely,Number,
5262,2024-07,Saskatchewan,Men,Sometimes feels lonely,Percent,30.1
5263,2024-07,Saskatchewan,Men,Sometimes feels lonely,Percent,23.8
5264,2024-07,Saskatchewan,Men,Sometimes feels lonely,Percent,37.4
5265,2024-07,Saskatchewan,Men,Sometimes feels lonely,Number,145.0
5266,2024-07,Saskatchewan,Men,Sometimes feels lonely,Number,112.0
5267,2024-07,Saskatchewan,Men,Sometimes feels lonely,Number,178.0
5268,2024-07,Saskatchewan,Men,Rarely or never feels lonely,Percent,57.3
5269,2024-07,Saskatchewan,Men,Rarely or never feels lonely,Percent,49.7
5270,2024-07,Saskatchewan,Men,Rarely or never feels lonely,Percent,64.5
5271,2024-07,Saskatchewan,Men,Rarely or never feels lonely,Number,276.0
5272,2024-07,Saskatchewan,Men,Rarely or never feels lonely,Number,240.0
5273,2024-07,Saskatchewan,Men,Rarely or never feels lonely,Number,312.0
5274,2024-07,Saskatchewan,Women,Always or often feels lonely,Percent,13.8
5275,2024-07,Saskatchewan,Women,Always or often feels lonely,Percent,8.9
5276,2024-07,Saskatchewan,Women,Always or often feels lonely,Percent,20.9
5277,2024-07,Saskatchewan,Women,Always or often feels lonely,Number,
5278,2024-07,Saskatchewan,Women,Always or often feels lonely,Number,
5279,2024-07,Saskatchewan,Women,Always or often feels lonely,Number,
5280,2024-07,Saskatchewan,Women,Sometimes feels lonely,Percent,40.3
5281,2024-07,Saskatchewan,Women,Sometimes feels lonely,Percent,33.2
5282,2024-07,Saskatchewan,Women,Sometimes feels lonely,Percent,47.9
5283,2024-07,Saskatchewan,Women,Sometimes feels lonely,Number,191.0
5284,2024-07,Saskatchewan,Women,Sometimes feels lonely,Number,156.0
5285,2024-07,Saskatchewan,Women,Sometimes feels lonely,Number,226.0
5286,2024-07,Saskatchewan,Women,Rarely or never feels lonely,Percent,45.9
5287,2024-07,Saskatchewan,Women,Rarely or never feels lonely,Percent,38.9
5288,2024-07,Saskatchewan,Women,Rarely or never feels lonely,Percent,53.0
5289,2024-07,Saskatchewan,Women,Rarely or never feels lonely,Number,217.0
5290,2024-07,Saskatchewan,Women,Rarely or never feels lonely,Number,184.0
5291,2024-07,Saskatchewan,Women,Rarely or never feels lonely,Number,251.0
5292,2024-07,Alberta,"Total, all persons",Always or often feels lonely,Percent,13.1
5293,2024-07,Alberta,"Total, all persons",Always or often feels lonely,Percent,10.8
5294,2024-07,Alberta,"Total, all persons",Always or often feels lonely,Percent,15.8
5295,2024-07,Alberta,"Total, all persons",Always or often feels lonely,Number,516.0
5296,2024-07,Alberta,"Total, all persons",Always or often feels lonely,Number,418.0
5297,2024-07,Alberta,"Total, all persons",Always or often feels lonely,Number,614.0
5298,2024-07,Alberta,"Total, all persons",Sometimes feels lonely,Percent,37.9
5299,2024-07,Alberta,"Total, all persons",Sometimes feels lonely,Percent,34.1
5300,2024-07,Alberta,"Total, all persons",Sometimes feels lonely,Percent,41.8
5301,2024-07,Alberta,"Total, all persons",Sometimes feels lonely,Number,1494.0
5302,2024-07,Alberta,"Total, all persons",Sometimes feels lonely,Number,1342.0
5303,2024-07,Alberta,"Total, all persons",Sometimes feels lonely,Number,1646.0
5304,2024-07,Alberta,"Total, all persons",Rarely or never feels lonely,Percent,49.0
5305,2024-07,Alberta,"Total, all persons",Rarely or never feels lonely,Percent,45.2
5306,2024-07,Alberta,"Total, all persons",Rarely or never feels lonely,Percent,52.7
5307,2024-07,Alberta,"Total, all persons",Rarely or never feels lonely,Number,1930.0
5308,2024-07,Alberta,"Total, all persons",Rarely or never feels lonely,Number,1782.0
5309,2024-07,Alberta,"Total, all persons",Rarely or never feels lonely,Number,2079.0
5310,2024-07,Alberta,Men,Always or often feels lonely,Percent,10.0
5311,2024-07,Alberta,Men,Always or often feels lonely,Percent,7.3
5312,2024-07,Alberta,Men,Always or often feels lonely,Percent,13.5
5313,2024-07,Alberta,Men,Always or often feels lonely,Number,
5314,2024-07,Alberta,Men,Always or often feels lonely,Number,
5315,2024-07,Alberta,Men,Always or often feels lonely,Number,
5316,2024-07,Alberta,Men,Sometimes feels lonely,Percent,35.6
5317,2024-07,Alberta,Men,Sometimes feels lonely,Percent,30.4
5318,2024-07,Alberta,Men,Sometimes feels lonely,Percent,41.0
5319,2024-07,Alberta,Men,Sometimes feels lonely,Number,696.0
5320,2024-07,Alberta,Men,Sometimes feels lonely,Number,592.0
5321,2024-07,Alberta,Men,Sometimes feels lonely,Number,801.0
5322,2024-07,Alberta,Men,Rarely or never feels lonely,Percent,54.5
5323,2024-07,Alberta,Men,Rarely or never feels lonely,Percent,49.0
5324,2024-07,Alberta,Men,Rarely or never feels lonely,Percent,59.9
5325,2024-07,Alberta,Men,Rarely or never feels lonely,Number,1067.0
5326,2024-07,Alberta,Men,Rarely or never feels lonely,Number,959.0
5327,2024-07,Alberta,Men,Rarely or never feels lonely,Number,1175.0
5328,2024-07,Alberta,Women,Always or often feels lonely,Percent,16.2
5329,2024-07,Alberta,Women,Always or often feels lonely,Percent,12.7
5330,2024-07,Alberta,Women,Always or often feels lonely,Percent,20.4
5331,2024-07,Alberta,Women,Always or often feels lonely,Number,321.0
5332,2024-07,Alberta,Women,Always or often feels lonely,Number,244.0
5333,2024-07,Alberta,Women,Always or often feels lonely,Number,398.0
5334,2024-07,Alberta,Women,Sometimes feels lonely,Percent,40.3
5335,2024-07,Alberta,Women,Sometimes feels lonely,Percent,35.1
5336,2024-07,Alberta,Women,Sometimes feels lonely,Percent,45.6
5337,2024-07,Alberta,Women,Sometimes feels lonely,Number,798.0
5338,2024-07,Alberta,Women,Sometimes feels lonely,Number,693.0
5339,2024-07,Alberta,Women,Sometimes feels lonely,Number,903.0
5340,2024-07,Alberta,Women,Rarely or never feels lonely,Percent,43.6
5341,2024-07,Alberta,Women,Rarely or never feels lonely,Percent,38.4
5342,2024-07,Alberta,Women,Rarely or never feels lonely,Percent,48.9
5343,2024-07,Alberta,Women,Rarely or never feels lonely,Number,863.0
5344,2024-07,Alberta,Women,Rarely or never feels lonely,Number,759.0
5345,2024-07,Alberta,Women,Rarely or never feels lonely,Number,968.0
5346,2024-07,British Columbia,"Total, all persons",Always or often feels lonely,Percent,13.6
5347,2024-07,British Columbia,"Total, all persons",Always or often feels lonely,Percent,11.1
5348,2024-07,British Columbia,"Total, all persons",Always or often feels lonely,Percent,16.5
5349,2024-07,British Columbia,"Total, all persons",Always or often feels lonely,Number,634.0
5350,2024-07,British Columbia,"Total, all persons",Always or often feels lonely,Number,509.0
5351,2024-07,British Columbia,"Total, all persons",Always or often feels lonely,Number,758.0
5352,2024-07,British Columbia,"Total, all persons",Sometimes feels lonely,Percent,34.3
5353,2024-07,British Columbia,"Total, all persons",Sometimes feels lonely,Percent,31.1
5354,2024-07,British Columbia,"Total, all persons",Sometimes feels lonely,Percent,37.6
5355,2024-07,British Columbia,"Total, all persons",Sometimes feels lonely,Number,1601.0
5356,2024-07,British Columbia,"Total, all persons",Sometimes feels lonely,Number,1447.0
5357,2024-07,British Columbia,"Total, all persons",Sometimes feels lonely,Number,1754.0
5358,2024-07,British Columbia,"Total, all persons",Rarely or never feels lonely,Percent,52.2
5359,2024-07,British Columbia,"Total, all persons",Rarely or never feels lonely,Percent,48.6
5360,2024-07,British Columbia,"Total, all persons",Rarely or never feels lonely,Percent,55.8
5361,2024-07,British Columbia,"Total, all persons",Rarely or never feels lonely,Number,2437.0
5362,2024-07,British Columbia,"Total, all persons",Rarely or never feels lonely,Number,2268.0
5363,2024-07,British Columbia,"Total, all persons",Rarely or never feels lonely,Number,2607.0
5364,2024-07,British Columbia,Men,Always or often feels lonely,Percent,13.9
5365,2024-07,British Columbia,Men,Always or often feels lonely,Percent,10.4
5366,2024-07,British Columbia,Men,Always or often feels lonely,Percent,18.3
5367,2024-07,British Columbia,Men,Always or often feels lonely,Number,321.0
5368,2024-07,British Columbia,Men,Always or often feels lonely,Number,230.0
5369,2024-07,British Columbia,Men,Always or often feels lonely,Number,412.0
5370,2024-07,British Columbia,Men,Sometimes feels lonely,Percent,28.9
5371,2024-07,British Columbia,Men,Sometimes feels lonely,Percent,24.5
5372,2024-07,British Columbia,Men,Sometimes feels lonely,Percent,33.7
5373,2024-07,British Columbia,Men,Sometimes feels lonely,Number,665.0
5374,2024-07,British Columbia,Men,Sometimes feels lonely,Number,558.0
5375,2024-07,British Columbia,Men,Sometimes feels lonely,Number,772.0
5376,2024-07,British Columbia,Men,Rarely or never feels lonely,Percent,57.2
5377,2024-07,British Columbia,Men,Rarely or never feels lonely,Percent,51.7
5378,2024-07,British Columbia,Men,Rarely or never feels lonely,Percent,62.5
5379,2024-07,British Columbia,Men,Rarely or never feels lonely,Number,1317.0
5380,2024-07,British Columbia,Men,Rarely or never feels lonely,Number,1194.0
5381,2024-07,British Columbia,Men,Rarely or never feels lonely,Number,1440.0
5382,2024-07,British Columbia,Women,Always or often feels lonely,Percent,13.2
5383,2024-07,British Columbia,Women,Always or often feels lonely,Percent,10.0
5384,2024-07,British Columbia,Women,Always or often feels lonely,Percent,17.2
5385,2024-07,British Columbia,Women,Always or often feels lonely,Number,313.0
5386,2024-07,British Columbia,Women,Always or often feels lonely,Number,229.0
5387,2024-07,British Columbia,Women,Always or often feels lonely,Number,397.0
5388,2024-07,British Columbia,Women,Sometimes feels lonely,Percent,39.5
5389,2024-07,British Columbia,Women,Sometimes feels lonely,Percent,34.9
5390,2024-07,British Columbia,Women,Sometimes feels lonely,Percent,44.3
5391,2024-07,British Columbia,Women,Sometimes feels lonely,Number,936.0
5392,2024-07,British Columbia,Women,Sometimes feels lonely,Number,820.0
5393,2024-07,British Columbia,Women,Sometimes feels lonely,Number,1051.0
5394,2024-07,British Columbia,Women,Rarely or never feels lonely,Percent,47.3
5395,2024-07,British Columbia,Women,Rarely or never feels lonely,Percent,42.5
5396,2024-07,British Columbia,Women,Rarely or never feels lonely,Percent,52.1
5397,2024-07,British Columbia,Women,Rarely or never feels lonely,Number,1120.0
5398,2024-07,British Columbia,Women,Rarely or never feels lonely,Number,1006.0
5399,2024-07,British Columbia,Women,Rarely or never feels lonely,Number,1235.0
5400,2024-10,Newfoundland and Labrador,"Total, all persons",Always or often feels lonely,Percent,10.7
5401,2024-10,Newfoundland and Labrador,"Total, all persons",Always or often feels lonely,Percent,7.5
5402,2024-10,Newfoundland and Labrador,"Total, all persons",Always or often feels lonely,Percent,15.0
5403,2024-10,Newfoundland and Labrador,"Total, all persons",Always or often feels lonely,Number,
5404,2024-10,Newfoundland and Labrador,"Total, all persons",Always or often feels lonely,Number,
5405,2024-10,Newfoundland and Labrador,"Total, all persons",Always or often feels lonely,Number,
5406,2024-10,Newfoundland and Labrador,"Total, all persons",Sometimes feels lonely,Percent,37.3
5407,2024-10,Newfoundland and Labrador,"Total, all persons",Sometimes feels lonely,Percent,31.3
5408,2024-10,Newfoundland and Labrador,"Total, all persons",Sometimes feels lonely,Percent,43.6
5409,2024-10,Newfoundland and Labrador,"Total, all persons",Sometimes feels lonely,Number,173.0
5410,2024-10,Newfoundland and Labrador,"Total, all persons",Sometimes feels lonely,Number,144.0
5411,2024-10,Newfoundland and Labrador,"Total, all persons",Sometimes feels lonely,Number,201.0
5412,2024-10,Newfoundland and Labrador,"Total, all persons",Rarely or never feels lonely,Percent,52.0
5413,2024-10,Newfoundland and Labrador,"Total, all persons",Rarely or never feels lonely,Percent,45.7
5414,2024-10,Newfoundland and Labrador,"Total, all persons",Rarely or never feels lonely,Percent,58.3
5415,2024-10,Newfoundland and Labrador,"Total, all persons",Rarely or never feels lonely,Number,241.0
5416,2024-10,Newfoundland and Labrador,"Total, all persons",Rarely or never feels lonely,Number,212.0
5417,2024-10,Newfoundland and Labrador,"Total, all persons",Rarely or never feels lonely,Number,270.0
5418,2024-10,Newfoundland and Labrador,Men,Always or often feels lonely,Percent,10.3
5419,2024-10,Newfoundland and Labrador,Men,Always or often feels lonely,Percent,5.8
5420,2024-10,Newfoundland and Labrador,Men,Always or often feels lonely,Percent,17.9
5421,2024-10,Newfoundland and Labrador,Men,Always or often feels lonely,Number,
5422,2024-10,Newfoundland and Labrador,Men,Always or often feels lonely,Number,
5423,2024-10,Newfoundland and Labrador,Men,Always or often feels lonely,Number,
5424,2024-10,Newfoundland and Labrador,Men,Sometimes feels lonely,Percent,31.5
5425,2024-10,Newfoundland and Labrador,Men,Sometimes feels lonely,Percent,22.5
5426,2024-10,Newfoundland and Labrador,Men,Sometimes feels lonely,Percent,42.2
5427,2024-10,Newfoundland and Labrador,Men,Sometimes feels lonely,Number,
5428,2024-10,Newfoundland and Labrador,Men,Sometimes feels lonely,Number,
5429,2024-10,Newfoundland and Labrador,Men,Sometimes feels lonely,Number,
5430,2024-10,Newfoundland and Labrador,Men,Rarely or never feels lonely,Percent,58.1
5431,2024-10,Newfoundland and Labrador,Men,Rarely or never feels lonely,Percent,47.7
5432,2024-10,Newfoundland and Labrador,Men,Rarely or never feels lonely,Percent,67.9
5433,2024-10,Newfoundland and Labrador,Men,Rarely or never feels lonely,Number,132.0
5434,2024-10,Newfoundland and Labrador,Men,Rarely or never feels lonely,Number,109.0
5435,2024-10,Newfoundland and Labrador,Men,Rarely or never feels lonely,Number,156.0
5436,2024-10,Newfoundland and Labrador,Women,Always or often feels lonely,Percent,11.0
5437,2024-10,Newfoundland and Labrador,Women,Always or often feels lonely,Percent,7.2
5438,2024-10,Newfoundland and Labrador,Women,Always or often feels lonely,Percent,16.4
5439,2024-10,Newfoundland and Labrador,Women,Always or often feels lonely,Number,
5440,2024-10,Newfoundland and Labrador,Women,Always or often feels lonely,Number,
5441,2024-10,Newfoundland and Labrador,Women,Always or often feels lonely,Number,
5442,2024-10,Newfoundland and Labrador,Women,Sometimes feels lonely,Percent,42.9
5443,2024-10,Newfoundland and Labrador,Women,Sometimes feels lonely,Percent,35.4
5444,2024-10,Newfoundland and Labrador,Women,Sometimes feels lonely,Percent,50.7
5445,2024-10,Newfoundland and Labrador,Women,Sometimes feels lonely,Number,101.0
5446,2024-10,Newfoundland and Labrador,Women,Sometimes feels lonely,Number,83.0
5447,2024-10,Newfoundland and Labrador,Women,Sometimes feels lonely,Number,119.0
5448,2024-10,Newfoundland and Labrador,Women,Rarely or never feels lonely,Percent,46.1
5449,2024-10,Newfoundland and Labrador,Women,Rarely or never feels lonely,Percent,38.4
5450,2024-10,Newfoundland and Labrador,Women,Rarely or never feels lonely,Percent,54.1
5451,2024-10,Newfoundland and Labrador,Women,Rarely or never feels lonely,Number,108.0
5452,2024-10,Newfoundland and Labrador,Women,Rarely or never feels lonely,Number,90.0
5453,2024-10,Newfoundland and Labrador,Women,Rarely or never feels lonely,Number,127.0
5454,2024-10,Prince Edward Island,"Total, all persons",Always or often feels lonely,Percent,16.7
5455,2024-10,Prince Edward Island,"Total, all persons",Always or often feels lonely,Percent,12.0
5456,2024-10,Prince Edward Island,"Total, all persons",Always or often feels lonely,Percent,22.8
5457,2024-10,Prince Edward Island,"Total, all persons",Always or often feels lonely,Number,
5458,2024-10,Prince Edward Island,"Total, all persons",Always or often feels lonely,Number,
5459,2024-10,Prince Edward Island,"Total, all persons",Always or often feels lonely,Number,
5460,2024-10,Prince Edward Island,"Total, all persons",Sometimes feels lonely,Percent,37.7
5461,2024-10,Prince Edward Island,"Total, all persons",Sometimes feels lonely,Percent,31.5
5462,2024-10,Prince Edward Island,"Total, all persons",Sometimes feels lonely,Percent,44.3
5463,2024-10,Prince Edward Island,"Total, all persons",Sometimes feels lonely,Number,57.0
5464,2024-10,Prince Edward Island,"Total, all persons",Sometimes feels lonely,Number,48.0
5465,2024-10,Prince Edward Island,"Total, all persons",Sometimes feels lonely,Number,67.0
5466,2024-10,Prince Edward Island,"Total, all persons",Rarely or never feels lonely,Percent,45.6
5467,2024-10,Prince Edward Island,"Total, all persons",Rarely or never feels lonely,Percent,39.1
5468,2024-10,Prince Edward Island,"Total, all persons",Rarely or never feels lonely,Percent,52.4
5469,2024-10,Prince Edward Island,"Total, all persons",Rarely or never feels lonely,Number,69.0
5470,2024-10,Prince Edward Island,"Total, all persons",Rarely or never feels lonely,Number,59.0
5471,2024-10,Prince Edward Island,"Total, all persons",Rarely or never feels lonely,Number,80.0
5472,2024-10,Prince Edward Island,Men,Always or often feels lonely,Percent,17.2
5473,2024-10,Prince Edward Island,Men,Always or often feels lonely,Percent,10.7
5474,2024-10,Prince Edward Island,Men,Always or often feels lonely,Percent,26.5
5475,2024-10,Prince Edward Island,Men,Always or often feels lonely,Number,
5476,2024-10,Prince Edward Island,Men,Always or often feels lonely,Number,
5477,2024-10,Prince Edward Island,Men,Always or often feels lonely,Number,
5478,2024-10,Prince Edward Island,Men,Sometimes feels lonely,Percent,36.8
5479,2024-10,Prince Edward Island,Men,Sometimes feels lonely,Percent,27.7
5480,2024-10,Prince Edward Island,Men,Sometimes feels lonely,Percent,47.1
5481,2024-10,Prince Edward Island,Men,Sometimes feels lonely,Number,
5482,2024-10,Prince Edward Island,Men,Sometimes feels lonely,Number,
5483,2024-10,Prince Edward Island,Men,Sometimes feels lonely,Number,
5484,2024-10,Prince Edward Island,Men,Rarely or never feels lonely,Percent,46.0
5485,2024-10,Prince Edward Island,Men,Rarely or never feels lonely,Percent,36.0
5486,2024-10,Prince Edward Island,Men,Rarely or never feels lonely,Percent,56.3
5487,2024-10,Prince Edward Island,Men,Rarely or never feels lonely,Number,35.0
5488,2024-10,Prince Edward Island,Men,Rarely or never feels lonely,Number,27.0
5489,2024-10,Prince Edward Island,Men,Rarely or never feels lonely,Number,43.0
5490,2024-10,Prince Edward Island,Women,Always or often feels lonely,Percent,16.2
5491,2024-10,Prince Edward Island,Women,Always or often feels lonely,Percent,9.9
5492,2024-10,Prince Edward Island,Women,Always or often feels lonely,Percent,25.3
5493,2024-10,Prince Edward Island,Women,Always or often feels lonely,Number,
5494,2024-10,Prince Edward Island,Women,Always or often feels lonely,Number,
5495,2024-10,Prince Edward Island,Women,Always or often feels lonely,Number,
5496,2024-10,Prince Edward Island,Women,Sometimes feels lonely,Percent,38.5
5497,2024-10,Prince Edward Island,Women,Sometimes feels lonely,Percent,30.3
5498,2024-10,Prince Edward Island,Women,Sometimes feels lonely,Percent,47.4
5499,2024-10,Prince Edward Island,Women,Sometimes feels lonely,Number,29.0
5500,2024-10,Prince Edward Island,Women,Sometimes feels lonely,Number,22.0
5501,2024-10,Prince Edward Island,Women,Sometimes feels lonely,Number,36.0
5502,2024-10,Prince Edward Island,Women,Rarely or never feels lonely,Percent,45.3
5503,2024-10,Prince Edward Island,Women,Rarely or never feels lonely,Percent,36.5
5504,2024-10,Prince Edward Island,Women,Rarely or never feels lonely,Percent,54.4
5505,2024-10,Prince Edward Island,Women,Rarely or never feels lonely,Number,34.0
5506,2024-10,Prince Edward Island,Women,Rarely or never feels lonely,Number,28.0
5507,2024-10,Prince Edward Island,Women,Rarely or never feels lonely,Number,41.0
5508,2024-10,Nova Scotia,"Total, all persons",Always or often feels lonely,Percent,16.2
5509,2024-10,Nova Scotia,"Total, all persons",Always or often feels lonely,Percent,11.9
5510,2024-10,Nova Scotia,"Total, all persons",Always or often feels lonely,Percent,21.7
5511,2024-10,Nova Scotia,"Total, all persons",Always or often feels lonely,Number,
5512,2024-10,Nova Scotia,"Total, all persons",Always or often feels lonely,Number,
5513,2024-10,Nova Scotia,"Total, all persons",Always or often feels lonely,Number,
5514,2024-10,Nova Scotia,"Total, all persons",Sometimes feels lonely,Percent,35.3
5515,2024-10,Nova Scotia,"Total, all persons",Sometimes feels lonely,Percent,29.1
5516,2024-10,Nova Scotia,"Total, all persons",Sometimes feels lonely,Percent,42.1
5517,2024-10,Nova Scotia,"Total, all persons",Sometimes feels lonely,Number,318.0
5518,2024-10,Nova Scotia,"Total, all persons",Sometimes feels lonely,Number,259.0
5519,2024-10,Nova Scotia,"Total, all persons",Sometimes feels lonely,Number,377.0
5520,2024-10,Nova Scotia,"Total, all persons",Rarely or never feels lonely,Percent,48.5
5521,2024-10,Nova Scotia,"Total, all persons",Rarely or never feels lonely,Percent,42.0
5522,2024-10,Nova Scotia,"Total, all persons",Rarely or never feels lonely,Percent,55.0
5523,2024-10,Nova Scotia,"Total, all persons",Rarely or never feels lonely,Number,437.0
5524,2024-10,Nova Scotia,"Total, all persons",Rarely or never feels lonely,Number,379.0
5525,2024-10,Nova Scotia,"Total, all persons",Rarely or never feels lonely,Number,496.0
5526,2024-10,Nova Scotia,Men,Always or often feels lonely,Percent,18.7
5527,2024-10,Nova Scotia,Men,Always or often feels lonely,Percent,11.9
5528,2024-10,Nova Scotia,Men,Always or often feels lonely,Percent,28.3
5529,2024-10,Nova Scotia,Men,Always or often feels lonely,Number,
5530,2024-10,Nova Scotia,Men,Always or often feels lonely,Number,
5531,2024-10,Nova Scotia,Men,Always or often feels lonely,Number,
5532,2024-10,Nova Scotia,Men,Sometimes feels lonely,Percent,30.9
5533,2024-10,Nova Scotia,Men,Sometimes feels lonely,Percent,22.4
5534,2024-10,Nova Scotia,Men,Sometimes feels lonely,Percent,40.9
5535,2024-10,Nova Scotia,Men,Sometimes feels lonely,Number,
5536,2024-10,Nova Scotia,Men,Sometimes feels lonely,Number,
5537,2024-10,Nova Scotia,Men,Sometimes feels lonely,Number,
5538,2024-10,Nova Scotia,Men,Rarely or never feels lonely,Percent,50.4
5539,2024-10,Nova Scotia,Men,Rarely or never feels lonely,Percent,41.4
5540,2024-10,Nova Scotia,Men,Rarely or never feels lonely,Percent,59.4
5541,2024-10,Nova Scotia,Men,Rarely or never feels lonely,Number,224.0
5542,2024-10,Nova Scotia,Men,Rarely or never feels lonely,Number,183.0
5543,2024-10,Nova Scotia,Men,Rarely or never feels lonely,Number,264.0
5544,2024-10,Nova Scotia,Women,Always or often feels lonely,Percent,13.7
5545,2024-10,Nova Scotia,Women,Always or often feels lonely,Percent,8.8
5546,2024-10,Nova Scotia,Women,Always or often feels lonely,Percent,20.8
5547,2024-10,Nova Scotia,Women,Always or often feels lonely,Number,
5548,2024-10,Nova Scotia,Women,Always or often feels lonely,Number,
5549,2024-10,Nova Scotia,Women,Always or often feels lonely,Number,
5550,2024-10,Nova Scotia,Women,Sometimes feels lonely,Percent,39.6
5551,2024-10,Nova Scotia,Women,Sometimes feels lonely,Percent,30.6
5552,2024-10,Nova Scotia,Women,Sometimes feels lonely,Percent,49.4
5553,2024-10,Nova Scotia,Women,Sometimes feels lonely,Number,181.0
5554,2024-10,Nova Scotia,Women,Sometimes feels lonely,Number,138.0
5555,2024-10,Nova Scotia,Women,Sometimes feels lonely,Number,225.0
5556,2024-10,Nova Scotia,Women,Rarely or never feels lonely,Percent,46.7
5557,2024-10,Nova Scotia,Women,Rarely or never feels lonely,Percent,37.4
5558,2024-10,Nova Scotia,Women,Rarely or never feels lonely,Percent,56.2
5559,2024-10,Nova Scotia,Women,Rarely or never feels lonely,Number,214.0
5560,2024-10,Nova Scotia,Women,Rarely or never feels lonely,Number,170.0
5561,2024-10,Nova Scotia,Women,Rarely or never feels lonely,Number,257.0
5562,2024-10,New Brunswick,"Total, all persons",Always or often feels lonely,Percent,13.9
5563,2024-10,New Brunswick,"Total, all persons",Always or often feels lonely,Percent,10.5
5564,2024-10,New Brunswick,"Total, all persons",Always or often feels lonely,Percent,18.3
5565,2024-10,New Brunswick,"Total, all persons",Always or often feels lonely,Number,
5566,2024-10,New Brunswick,"Total, all persons",Always or often feels lonely,Number,
5567,2024-10,New Brunswick,"Total, all persons",Always or often feels lonely,Number,
5568,2024-10,New Brunswick,"Total, all persons",Sometimes feels lonely,Percent,35.7
5569,2024-10,New Brunswick,"Total, all persons",Sometimes feels lonely,Percent,30.4
5570,2024-10,New Brunswick,"Total, all persons",Sometimes feels lonely,Percent,41.3
5571,2024-10,New Brunswick,"Total, all persons",Sometimes feels lonely,Number,256.0
5572,2024-10,New Brunswick,"Total, all persons",Sometimes feels lonely,Number,217.0
5573,2024-10,New Brunswick,"Total, all persons",Sometimes feels lonely,Number,295.0
5574,2024-10,New Brunswick,"Total, all persons",Rarely or never feels lonely,Percent,50.4
5575,2024-10,New Brunswick,"Total, all persons",Rarely or never feels lonely,Percent,44.9
5576,2024-10,New Brunswick,"Total, all persons",Rarely or never feels lonely,Percent,55.9
5577,2024-10,New Brunswick,"Total, all persons",Rarely or never feels lonely,Number,362.0
5578,2024-10,New Brunswick,"Total, all persons",Rarely or never feels lonely,Number,322.0
5579,2024-10,New Brunswick,"Total, all persons",Rarely or never feels lonely,Number,402.0
5580,2024-10,New Brunswick,Men,Always or often feels lonely,Percent,17.3
5581,2024-10,New Brunswick,Men,Always or often feels lonely,Percent,11.8
5582,2024-10,New Brunswick,Men,Always or often feels lonely,Percent,24.9
5583,2024-10,New Brunswick,Men,Always or often feels lonely,Number,
5584,2024-10,New Brunswick,Men,Always or often feels lonely,Number,
5585,2024-10,New Brunswick,Men,Always or often feels lonely,Number,
5586,2024-10,New Brunswick,Men,Sometimes feels lonely,Percent,29.0
5587,2024-10,New Brunswick,Men,Sometimes feels lonely,Percent,21.8
5588,2024-10,New Brunswick,Men,Sometimes feels lonely,Percent,37.4
5589,2024-10,New Brunswick,Men,Sometimes feels lonely,Number,104.0
5590,2024-10,New Brunswick,Men,Sometimes feels lonely,Number,76.0
5591,2024-10,New Brunswick,Men,Sometimes feels lonely,Number,132.0
5592,2024-10,New Brunswick,Men,Rarely or never feels lonely,Percent,53.7
5593,2024-10,New Brunswick,Men,Rarely or never feels lonely,Percent,45.7
5594,2024-10,New Brunswick,Men,Rarely or never feels lonely,Percent,61.4
5595,2024-10,New Brunswick,Men,Rarely or never feels lonely,Number,192.0
5596,2024-10,New Brunswick,Men,Rarely or never feels lonely,Number,164.0
5597,2024-10,New Brunswick,Men,Rarely or never feels lonely,Number,220.0
5598,2024-10,New Brunswick,Women,Always or often feels lonely,Percent,10.5
5599,2024-10,New Brunswick,Women,Always or often feels lonely,Percent,7.2
5600,2024-10,New Brunswick,Women,Always or often feels lonely,Percent,15.3
5601,2024-10,New Brunswick,Women,Always or often feels lonely,Number,
5602,2024-10,New Brunswick,Women,Always or often feels lonely,Number,
5603,2024-10,New Brunswick,Women,Always or often feels lonely,Number,
5604,2024-10,New Brunswick,Women,Sometimes feels lonely,Percent,42.3
5605,2024-10,New Brunswick,Women,Sometimes feels lonely,Percent,35.0
5606,2024-10,New Brunswick,Women,Sometimes feels lonely,Percent,49.9
5607,2024-10,New Brunswick,Women,Sometimes feels lonely,Number,152.0
5608,2024-10,New Brunswick,Women,Sometimes feels lonely,Number,125.0
5609,2024-10,New Brunswick,Women,Sometimes feels lonely,Number,180.0
5610,2024-10,New Brunswick,Women,Rarely or never feels lonely,Percent,47.2
5611,2024-10,New Brunswick,Women,Rarely or never feels lonely,Percent,39.6
5612,2024-10,New Brunswick,Women,Rarely or never feels lonely,Percent,54.9
5613,2024-10,New Brunswick,Women,Rarely or never feels lonely,Number,170.0
5614,2024-10,New Brunswick,Women,Rarely or never feels lonely,Number,142.0
5615,2024-10,New Brunswick,Women,Rarely or never feels lonely,Number,198.0
5616,2024-10,Quebec,"Total, all persons",Always or often feels lonely,Percent,13.1
5617,2024-10,Quebec,"Total, all persons",Always or often feels lonely,Percent,11.3
5618,2024-10,Quebec,"Total, all persons",Always or often feels lonely,Percent,15.3
5619,2024-10,Quebec,"Total, all persons",Always or often feels lonely,Number,986.0
5620,2024-10,Quebec,"Total, all persons",Always or often feels lonely,Number,835.0
5621,2024-10,Quebec,"Total, all persons",Always or often feels lonely,Number,1137.0
5622,2024-10,Quebec,"Total, all persons",Sometimes feels lonely,Percent,30.7
5623,2024-10,Quebec,"Total, all persons",Sometimes feels lonely,Percent,27.9
5624,2024-10,Quebec,"Total, all persons",Sometimes feels lonely,Percent,33.7
5625,2024-10,Quebec,"Total, all persons",Sometimes feels lonely,Number,2306.0
5626,2024-10,Quebec,"Total, all persons",Sometimes feels lonely,Number,2090.0
5627,2024-10,Quebec,"Total, all persons",Sometimes feels lonely,Number,2522.0
5628,2024-10,Quebec,"Total, all persons",Rarely or never feels lonely,Percent,56.1
5629,2024-10,Quebec,"Total, all persons",Rarely or never feels lonely,Percent,53.1
5630,2024-10,Quebec,"Total, all persons",Rarely or never feels lonely,Percent,59.2
5631,2024-10,Quebec,"Total, all persons",Rarely or never feels lonely,Number,4212.0
5632,2024-10,Quebec,"Total, all persons",Rarely or never feels lonely,Number,3984.0
5633,2024-10,Quebec,"Total, all persons",Rarely or never feels lonely,Number,4440.0
5634,2024-10,Quebec,Men,Always or often feels lonely,Percent,12.8
5635,2024-10,Quebec,Men,Always or often feels lonely,Percent,10.0
5636,2024-10,Quebec,Men,Always or often feels lonely,Percent,16.1
5637,2024-10,Quebec,Men,Always or often feels lonely,Number,481.0
5638,2024-10,Quebec,Men,Always or often feels lonely,Number,366.0
5639,2024-10,Quebec,Men,Always or often feels lonely,Number,596.0
5640,2024-10,Quebec,Men,Sometimes feels lonely,Percent,27.8
5641,2024-10,Quebec,Men,Sometimes feels lonely,Percent,23.8
5642,2024-10,Quebec,Men,Sometimes feels lonely,Percent,32.2
5643,2024-10,Quebec,Men,Sometimes feels lonely,Number,1048.0
5644,2024-10,Quebec,Men,Sometimes feels lonely,Number,889.0
5645,2024-10,Quebec,Men,Sometimes feels lonely,Number,1207.0
5646,2024-10,Quebec,Men,Rarely or never feels lonely,Percent,59.5
5647,2024-10,Quebec,Men,Rarely or never feels lonely,Percent,54.9
5648,2024-10,Quebec,Men,Rarely or never feels lonely,Percent,63.8
5649,2024-10,Quebec,Men,Rarely or never feels lonely,Number,2242.0
5650,2024-10,Quebec,Men,Rarely or never feels lonely,Number,2074.0
5651,2024-10,Quebec,Men,Rarely or never feels lonely,Number,2410.0
5652,2024-10,Quebec,Women,Always or often feels lonely,Percent,13.5
5653,2024-10,Quebec,Women,Always or often feels lonely,Percent,11.1
5654,2024-10,Quebec,Women,Always or often feels lonely,Percent,16.4
5655,2024-10,Quebec,Women,Always or often feels lonely,Number,505.0
5656,2024-10,Quebec,Women,Always or often feels lonely,Number,407.0
5657,2024-10,Quebec,Women,Always or often feels lonely,Number,603.0
5658,2024-10,Quebec,Women,Sometimes feels lonely,Percent,33.7
5659,2024-10,Quebec,Women,Sometimes feels lonely,Percent,29.8
5660,2024-10,Quebec,Women,Sometimes feels lonely,Percent,37.8
5661,2024-10,Quebec,Women,Sometimes feels lonely,Number,1258.0
5662,2024-10,Quebec,Women,Sometimes feels lonely,Number,1109.0
5663,2024-10,Quebec,Women,Sometimes feels lonely,Number,1408.0
5664,2024-10,Quebec,Women,Rarely or never feels lonely,Percent,52.8
5665,2024-10,Quebec,Women,Rarely or never feels lonely,Percent,48.6
5666,2024-10,Quebec,Women,Rarely or never feels lonely,Percent,56.9
5667,2024-10,Quebec,Women,Rarely or never feels lonely,Number,1970.0
5668,2024-10,Quebec,Women,Rarely or never feels lonely,Number,1814.0
5669,2024-10,Quebec,Women,Rarely or never feels lonely,Number,2125.0
5670,2024-10,Ontario,"Total, all persons",Always or often feels lonely,Percent,13.7
5671,2024-10,Ontario,"Total, all persons",Always or often feels lonely,Percent,12.1
5672,2024-10,Ontario,"Total, all persons",Always or often feels lonely,Percent,15.6
5673,2024-10,Ontario,"Total, all persons",Always or often feels lonely,Number,1848.0
5674,2024-10,Ontario,"Total, all persons",Always or often feels lonely,Number,1609.0
5675,2024-10,Ontario,"Total, all persons",Always or often feels lonely,Number,2087.0
5676,2024-10,Ontario,"Total, all persons",Sometimes feels lonely,Percent,38.9
5677,2024-10,Ontario,"Total, all persons",Sometimes feels lonely,Percent,36.4
5678,2024-10,Ontario,"Total, all persons",Sometimes feels lonely,Percent,41.4
5679,2024-10,Ontario,"Total, all persons",Sometimes feels lonely,Number,5229.0
5680,2024-10,Ontario,"Total, all persons",Sometimes feels lonely,Number,4897.0
5681,2024-10,Ontario,"Total, all persons",Sometimes feels lonely,Number,5562.0
5682,2024-10,Ontario,"Total, all persons",Rarely or never feels lonely,Percent,47.4
5683,2024-10,Ontario,"Total, all persons",Rarely or never feels lonely,Percent,44.9
5684,2024-10,Ontario,"Total, all persons",Rarely or never feels lonely,Percent,49.9
5685,2024-10,Ontario,"Total, all persons",Rarely or never feels lonely,Number,6380.0
5686,2024-10,Ontario,"Total, all persons",Rarely or never feels lonely,Number,6045.0
5687,2024-10,Ontario,"Total, all persons",Rarely or never feels lonely,Number,6715.0
5688,2024-10,Ontario,Men,Always or often feels lonely,Percent,11.5
5689,2024-10,Ontario,Men,Always or often feels lonely,Percent,9.3
5690,2024-10,Ontario,Men,Always or often feels lonely,Percent,14.1
5691,2024-10,Ontario,Men,Always or often feels lonely,Number,766.0
5692,2024-10,Ontario,Men,Always or often feels lonely,Number,609.0
5693,2024-10,Ontario,Men,Always or often feels lonely,Number,924.0
5694,2024-10,Ontario,Men,Sometimes feels lonely,Percent,37.3
5695,2024-10,Ontario,Men,Sometimes feels lonely,Percent,33.7
5696,2024-10,Ontario,Men,Sometimes feels lonely,Percent,41.0
5697,2024-10,Ontario,Men,Sometimes feels lonely,Number,2482.0
5698,2024-10,Ontario,Men,Sometimes feels lonely,Number,2235.0
5699,2024-10,Ontario,Men,Sometimes feels lonely,Number,2729.0
5700,2024-10,Ontario,Men,Rarely or never feels lonely,Percent,51.2
5701,2024-10,Ontario,Men,Rarely or never feels lonely,Percent,47.6
5702,2024-10,Ontario,Men,Rarely or never feels lonely,Percent,54.8
5703,2024-10,Ontario,Men,Rarely or never feels lonely,Number,3410.0
5704,2024-10,Ontario,Men,Rarely or never feels lonely,Number,3166.0
5705,2024-10,Ontario,Men,Rarely or never feels lonely,Number,3653.0
5706,2024-10,Ontario,Women,Always or often feels lonely,Percent,15.9
5707,2024-10,Ontario,Women,Always or often feels lonely,Percent,13.5
5708,2024-10,Ontario,Women,Always or often feels lonely,Percent,18.7
5709,2024-10,Ontario,Women,Always or often feels lonely,Number,1082.0
5710,2024-10,Ontario,Women,Always or often feels lonely,Number,907.0
5711,2024-10,Ontario,Women,Always or often feels lonely,Number,1257.0
5712,2024-10,Ontario,Women,Sometimes feels lonely,Percent,40.4
5713,2024-10,Ontario,Women,Sometimes feels lonely,Percent,37.3
5714,2024-10,Ontario,Women,Sometimes feels lonely,Percent,43.6
5715,2024-10,Ontario,Women,Sometimes feels lonely,Number,2747.0
5716,2024-10,Ontario,Women,Sometimes feels lonely,Number,2530.0
5717,2024-10,Ontario,Women,Sometimes feels lonely,Number,2964.0
5718,2024-10,Ontario,Women,Rarely or never feels lonely,Percent,43.7
5719,2024-10,Ontario,Women,Rarely or never feels lonely,Percent,40.4
5720,2024-10,Ontario,Women,Rarely or never feels lonely,Percent,47.0
5721,2024-10,Ontario,Women,Rarely or never feels lonely,Number,2970.0
5722,2024-10,Ontario,Women,Rarely or never feels lonely,Number,2746.0
5723,2024-10,Ontario,Women,Rarely or never feels lonely,Number,3195.0
5724,2024-10,Manitoba,"Total, all persons",Always or often feels lonely,Percent,12.8
5725,2024-10,Manitoba,"Total, all persons",Always or often feels lonely,Percent,9.5
5726,2024-10,Manitoba,"Total, all persons",Always or often feels lonely,Percent,17.0
5727,2024-10,Manitoba,"Total, all persons",Always or often feels lonely,Number,147.0
5728,2024-10,Manitoba,"Total, all persons",Always or often feels lonely,Number,104.0
5729,2024-10,Manitoba,"Total, all persons",Always or often feels lonely,Number,190.0
5730,2024-10,Manitoba,"Total, all persons",Sometimes feels lonely,Percent,41.7
5731,2024-10,Manitoba,"Total, all persons",Sometimes feels lonely,Percent,36.5
5732,2024-10,Manitoba,"Total, all persons",Sometimes feels lonely,Percent,47.1
5733,2024-10,Manitoba,"Total, all persons",Sometimes feels lonely,Number,477.0
5734,2024-10,Manitoba,"Total, all persons",Sometimes feels lonely,Number,417.0
5735,2024-10,Manitoba,"Total, all persons",Sometimes feels lonely,Number,538.0
5736,2024-10,Manitoba,"Total, all persons",Rarely or never feels lonely,Percent,45.5
5737,2024-10,Manitoba,"Total, all persons",Rarely or never feels lonely,Percent,40.3
5738,2024-10,Manitoba,"Total, all persons",Rarely or never feels lonely,Percent,50.7
5739,2024-10,Manitoba,"Total, all persons",Rarely or never feels lonely,Number,520.0
5740,2024-10,Manitoba,"Total, all persons",Rarely or never feels lonely,Number,461.0
5741,2024-10,Manitoba,"Total, all persons",Rarely or never feels lonely,Number,580.0
5742,2024-10,Manitoba,Men,Always or often feels lonely,Percent,14.2
5743,2024-10,Manitoba,Men,Always or often feels lonely,Percent,9.3
5744,2024-10,Manitoba,Men,Always or often feels lonely,Percent,20.9
5745,2024-10,Manitoba,Men,Always or often feels lonely,Number,
5746,2024-10,Manitoba,Men,Always or often feels lonely,Number,
5747,2024-10,Manitoba,Men,Always or often feels lonely,Number,
5748,2024-10,Manitoba,Men,Sometimes feels lonely,Percent,33.5
5749,2024-10,Manitoba,Men,Sometimes feels lonely,Percent,26.8
5750,2024-10,Manitoba,Men,Sometimes feels lonely,Percent,40.9
5751,2024-10,Manitoba,Men,Sometimes feels lonely,Number,191.0
5752,2024-10,Manitoba,Men,Sometimes feels lonely,Number,151.0
5753,2024-10,Manitoba,Men,Sometimes feels lonely,Number,232.0
5754,2024-10,Manitoba,Men,Rarely or never feels lonely,Percent,52.3
5755,2024-10,Manitoba,Men,Rarely or never feels lonely,Percent,45.3
5756,2024-10,Manitoba,Men,Rarely or never feels lonely,Percent,59.3
5757,2024-10,Manitoba,Men,Rarely or never feels lonely,Number,299.0
5758,2024-10,Manitoba,Men,Rarely or never feels lonely,Number,259.0
5759,2024-10,Manitoba,Men,Rarely or never feels lonely,Number,339.0
5760,2024-10,Manitoba,Women,Always or often feels lonely,Percent,11.5
5761,2024-10,Manitoba,Women,Always or often feels lonely,Percent,7.4
5762,2024-10,Manitoba,Women,Always or often feels lonely,Percent,17.5
5763,2024-10,Manitoba,Women,Always or often feels lonely,Number,
5764,2024-10,Manitoba,Women,Always or often feels lonely,Number,
5765,2024-10,Manitoba,Women,Always or often feels lonely,Number,
5766,2024-10,Manitoba,Women,Sometimes feels lonely,Percent,49.9
5767,2024-10,Manitoba,Women,Sometimes feels lonely,Percent,42.1
5768,2024-10,Manitoba,Women,Sometimes feels lonely,Percent,57.7
5769,2024-10,Manitoba,Women,Sometimes feels lonely,Number,286.0
5770,2024-10,Manitoba,Women,Sometimes feels lonely,Number,241.0
5771,2024-10,Manitoba,Women,Sometimes feels lonely,Number,331.0
5772,2024-10,Manitoba,Women,Rarely or never feels lonely,Percent,38.6
5773,2024-10,Manitoba,Women,Rarely or never feels lonely,Percent,31.4
5774,2024-10,Manitoba,Women,Rarely or never feels lonely,Percent,46.4
5775,2024-10,Manitoba,Women,Rarely or never feels lonely,Number,221.0
5776,2024-10,Manitoba,Women,Rarely or never feels lonely,Number,178.0
5777,2024-10,Manitoba,Women,Rarely or never feels lonely,Number,265.0
5778,2024-10,Saskatchewan,"Total, all persons",Always or often feels lonely,Percent,11.6
5779,2024-10,Saskatchewan,"Total, all persons",Always or often feels lonely,Percent,8.2
5780,2024-10,Saskatchewan,"Total, all persons",Always or often feels lonely,Percent,16.0
5781,2024-10,Saskatchewan,"Total, all persons",Always or often feels lonely,Number,
5782,2024-10,Saskatchewan,"Total, all persons",Always or often feels lonely,Number,
5783,2024-10,Saskatchewan,"Total, all persons",Always or often feels lonely,Number,
5784,2024-10,Saskatchewan,"Total, all persons",Sometimes feels lonely,Percent,36.4
5785,2024-10,Saskatchewan,"Total, all persons",Sometimes feels lonely,Percent,31.0
5786,2024-10,Saskatchewan,"Total, all persons",Sometimes feels lonely,Percent,42.2
5787,2024-10,Saskatchewan,"Total, all persons",Sometimes feels lonely,Number,350.0
5788,2024-10,Saskatchewan,"Total, all persons",Sometimes feels lonely,Number,296.0
5789,2024-10,Saskatchewan,"Total, all persons",Sometimes feels lonely,Number,404.0
5790,2024-10,Saskatchewan,"Total, all persons",Rarely or never feels lonely,Percent,52.0
5791,2024-10,Saskatchewan,"Total, all persons",Rarely or never feels lonely,Percent,46.3
5792,2024-10,Saskatchewan,"Total, all persons",Rarely or never feels lonely,Percent,57.7
5793,2024-10,Saskatchewan,"Total, all persons",Rarely or never feels lonely,Number,500.0
5794,2024-10,Saskatchewan,"Total, all persons",Rarely or never feels lonely,Number,445.0
5795,2024-10,Saskatchewan,"Total, all persons",Rarely or never feels lonely,Number,555.0
5796,2024-10,Saskatchewan,Men,Always or often feels lonely,Percent,12.9
5797,2024-10,Saskatchewan,Men,Always or often feels lonely,Percent,8.1
5798,2024-10,Saskatchewan,Men,Always or often feels lonely,Percent,19.9
5799,2024-10,Saskatchewan,Men,Always or often feels lonely,Number,
5800,2024-10,Saskatchewan,Men,Always or often feels lonely,Number,
5801,2024-10,Saskatchewan,Men,Always or often feels lonely,Number,
5802,2024-10,Saskatchewan,Men,Sometimes feels lonely,Percent,32.8
5803,2024-10,Saskatchewan,Men,Sometimes feels lonely,Percent,25.7
5804,2024-10,Saskatchewan,Men,Sometimes feels lonely,Percent,40.9
5805,2024-10,Saskatchewan,Men,Sometimes feels lonely,Number,164.0
5806,2024-10,Saskatchewan,Men,Sometimes feels lonely,Number,124.0
5807,2024-10,Saskatchewan,Men,Sometimes feels lonely,Number,204.0
5808,2024-10,Saskatchewan,Men,Rarely or never feels lonely,Percent,54.3
5809,2024-10,Saskatchewan,Men,Rarely or never feels lonely,Percent,46.1
5810,2024-10,Saskatchewan,Men,Rarely or never feels lonely,Percent,62.2
5811,2024-10,Saskatchewan,Men,Rarely or never feels lonely,Number,271.0
5812,2024-10,Saskatchewan,Men,Rarely or never feels lonely,Number,233.0
5813,2024-10,Saskatchewan,Men,Rarely or never feels lonely,Number,310.0
5814,2024-10,Saskatchewan,Women,Always or often feels lonely,Percent,10.1
5815,2024-10,Saskatchewan,Women,Always or often feels lonely,Percent,6.1
5816,2024-10,Saskatchewan,Women,Always or often feels lonely,Percent,16.3
5817,2024-10,Saskatchewan,Women,Always or often feels lonely,Number,
5818,2024-10,Saskatchewan,Women,Always or often feels lonely,Number,
5819,2024-10,Saskatchewan,Women,Always or often feels lonely,Number,
5820,2024-10,Saskatchewan,Women,Sometimes feels lonely,Percent,40.3
5821,2024-10,Saskatchewan,Women,Sometimes feels lonely,Percent,32.5
5822,2024-10,Saskatchewan,Women,Sometimes feels lonely,Percent,48.6
5823,2024-10,Saskatchewan,Women,Sometimes feels lonely,Number,186.0
5824,2024-10,Saskatchewan,Women,Sometimes feels lonely,Number,147.0
5825,2024-10,Saskatchewan,Women,Sometimes feels lonely,Number,225.0
5826,2024-10,Saskatchewan,Women,Rarely or never feels lonely,Percent,49.6
5827,2024-10,Saskatchewan,Women,Rarely or never feels lonely,Percent,41.4
5828,2024-10,Saskatchewan,Women,Rarely or never feels lonely,Percent,57.9
5829,2024-10,Saskatchewan,Women,Rarely or never feels lonely,Number,229.0
5830,2024-10,Saskatchewan,Women,Rarely or never feels lonely,Number,189.0
5831,2024-10,Saskatchewan,Women,Rarely or never feels lonely,Number,268.0
5832,2024-10,Alberta,"Total, all persons",Always or often feels lonely,Percent,13.7
5833,2024-10,Alberta,"Total, all persons",Always or often feels lonely,Percent,11.2
5834,2024-10,Alberta,"Total, all persons",Always or often feels lonely,Percent,16.7
5835,2024-10,Alberta,"Total, all persons",Always or often feels lonely,Number,549.0
5836,2024-10,Alberta,"Total, all persons",Always or often feels lonely,Number,439.0
5837,2024-10,Alberta,"Total, all persons",Always or often feels lonely,Number,659.0
5838,2024-10,Alberta,"Total, all persons",Sometimes feels lonely,Percent,39.5
5839,2024-10,Alberta,"Total, all persons",Sometimes feels lonely,Percent,35.4
5840,2024-10,Alberta,"Total, all persons",Sometimes feels lonely,Percent,43.6
5841,2024-10,Alberta,"Total, all persons",Sometimes feels lonely,Number,1581.0
5842,2024-10,Alberta,"Total, all persons",Sometimes feels lonely,Number,1416.0
5843,2024-10,Alberta,"Total, all persons",Sometimes feels lonely,Number,1745.0
5844,2024-10,Alberta,"Total, all persons",Rarely or never feels lonely,Percent,46.8
5845,2024-10,Alberta,"Total, all persons",Rarely or never feels lonely,Percent,42.8
5846,2024-10,Alberta,"Total, all persons",Rarely or never feels lonely,Percent,50.9
5847,2024-10,Alberta,"Total, all persons",Rarely or never feels lonely,Number,1877.0
5848,2024-10,Alberta,"Total, all persons",Rarely or never feels lonely,Number,1714.0
5849,2024-10,Alberta,"Total, all persons",Rarely or never feels lonely,Number,2040.0
5850,2024-10,Alberta,Men,Always or often feels lonely,Percent,14.0
5851,2024-10,Alberta,Men,Always or often feels lonely,Percent,10.4
5852,2024-10,Alberta,Men,Always or often feels lonely,Percent,18.6
5853,2024-10,Alberta,Men,Always or often feels lonely,Number,
5854,2024-10,Alberta,Men,Always or often feels lonely,Number,
5855,2024-10,Alberta,Men,Always or often feels lonely,Number,
5856,2024-10,Alberta,Men,Sometimes feels lonely,Percent,38.9
5857,2024-10,Alberta,Men,Sometimes feels lonely,Percent,33.1
5858,2024-10,Alberta,Men,Sometimes feels lonely,Percent,45.1
5859,2024-10,Alberta,Men,Sometimes feels lonely,Number,783.0
5860,2024-10,Alberta,Men,Sometimes feels lonely,Number,662.0
5861,2024-10,Alberta,Men,Sometimes feels lonely,Number,904.0
5862,2024-10,Alberta,Men,Rarely or never feels lonely,Percent,47.0
5863,2024-10,Alberta,Men,Rarely or never feels lonely,Percent,41.0
5864,2024-10,Alberta,Men,Rarely or never feels lonely,Percent,53.1
5865,2024-10,Alberta,Men,Rarely or never feels lonely,Number,945.0
5866,2024-10,Alberta,Men,Rarely or never feels lonely,Number,823.0
5867,2024-10,Alberta,Men,Rarely or never feels lonely,Number,1067.0
5868,2024-10,Alberta,Women,Always or often feels lonely,Percent,13.4
5869,2024-10,Alberta,Women,Always or often feels lonely,Percent,10.0
5870,2024-10,Alberta,Women,Always or often feels lonely,Percent,17.7
5871,2024-10,Alberta,Women,Always or often feels lonely,Number,
5872,2024-10,Alberta,Women,Always or often feels lonely,Number,
5873,2024-10,Alberta,Women,Always or often feels lonely,Number,
5874,2024-10,Alberta,Women,Sometimes feels lonely,Percent,40.0
5875,2024-10,Alberta,Women,Sometimes feels lonely,Percent,34.5
5876,2024-10,Alberta,Women,Sometimes feels lonely,Percent,45.7
5877,2024-10,Alberta,Women,Sometimes feels lonely,Number,798.0
5878,2024-10,Alberta,Women,Sometimes feels lonely,Number,684.0
5879,2024-10,Alberta,Women,Sometimes feels lonely,Number,912.0
5880,2024-10,Alberta,Women,Rarely or never feels lonely,Percent,46.6
5881,2024-10,Alberta,Women,Rarely or never feels lonely,Percent,41.3
5882,2024-10,Alberta,Women,Rarely or never feels lonely,Percent,52.1
5883,2024-10,Alberta,Women,Rarely or never feels lonely,Number,931.0
5884,2024-10,Alberta,Women,Rarely or never feels lonely,Number,824.0
5885,2024-10,Alberta,Women,Rarely or never feels lonely,Number,1039.0
5886,2024-10,British Columbia,"Total, all persons",Always or often feels lonely,Percent,12.7
5887,2024-10,British Columbia,"Total, all persons",Always or often feels lonely,Percent,10.3
5888,2024-10,British Columbia,"Total, all persons",Always or often feels lonely,Percent,15.7
5889,2024-10,British Columbia,"Total, all persons",Always or often feels lonely,Number,602.0
5890,2024-10,British Columbia,"Total, all persons",Always or often feels lonely,Number,476.0
5891,2024-10,British Columbia,"Total, all persons",Always or often feels lonely,Number,729.0
5892,2024-10,British Columbia,"Total, all persons",Sometimes feels lonely,Percent,38.4
5893,2024-10,British Columbia,"Total, all persons",Sometimes feels lonely,Percent,34.8
5894,2024-10,British Columbia,"Total, all persons",Sometimes feels lonely,Percent,42.1
5895,2024-10,British Columbia,"Total, all persons",Sometimes feels lonely,Number,1815.0
5896,2024-10,British Columbia,"Total, all persons",Sometimes feels lonely,Number,1640.0
5897,2024-10,British Columbia,"Total, all persons",Sometimes feels lonely,Number,1990.0
5898,2024-10,British Columbia,"Total, all persons",Rarely or never feels lonely,Percent,48.9
5899,2024-10,British Columbia,"Total, all persons",Rarely or never feels lonely,Percent,45.0
5900,2024-10,British Columbia,"Total, all persons",Rarely or never feels lonely,Percent,52.8
5901,2024-10,British Columbia,"Total, all persons",Rarely or never feels lonely,Number,2312.0
5902,2024-10,British Columbia,"Total, all persons",Rarely or never feels lonely,Number,2128.0
5903,2024-10,British Columbia,"Total, all persons",Rarely or never feels lonely,Number,2496.0
5904,2024-10,British Columbia,Men,Always or often feels lonely,Percent,13.8
5905,2024-10,British Columbia,Men,Always or often feels lonely,Percent,10.2
5906,2024-10,British Columbia,Men,Always or often feels lonely,Percent,18.5
5907,2024-10,British Columbia,Men,Always or often feels lonely,Number,
5908,2024-10,British Columbia,Men,Always or often feels lonely,Number,
5909,2024-10,British Columbia,Men,Always or often feels lonely,Number,
5910,2024-10,British Columbia,Men,Sometimes feels lonely,Percent,33.2
5911,2024-10,British Columbia,Men,Sometimes feels lonely,Percent,28.3
5912,2024-10,British Columbia,Men,Sometimes feels lonely,Percent,38.5
5913,2024-10,British Columbia,Men,Sometimes feels lonely,Number,781.0
5914,2024-10,British Columbia,Men,Sometimes feels lonely,Number,656.0
5915,2024-10,British Columbia,Men,Sometimes feels lonely,Number,906.0
5916,2024-10,British Columbia,Men,Rarely or never feels lonely,Percent,52.9
5917,2024-10,British Columbia,Men,Rarely or never feels lonely,Percent,47.3
5918,2024-10,British Columbia,Men,Rarely or never feels lonely,Percent,58.4
5919,2024-10,British Columbia,Men,Rarely or never feels lonely,Number,1243.0
5920,2024-10,British Columbia,Men,Rarely or never feels lonely,Number,1115.0
5921,2024-10,British Columbia,Men,Rarely or never feels lonely,Number,1371.0
5922,2024-10,British Columbia,Women,Always or often feels lonely,Percent,11.6
5923,2024-10,British Columbia,Women,Always or often feels lonely,Percent,8.7
5924,2024-10,British Columbia,Women,Always or often feels lonely,Percent,15.5
5925,2024-10,British Columbia,Women,Always or often feels lonely,Number,277.0
5926,2024-10,British Columbia,Women,Always or often feels lonely,Number,196.0
5927,2024-10,British Columbia,Women,Always or often feels lonely,Number,358.0
5928,2024-10,British Columbia,Women,Sometimes feels lonely,Percent,43.4
5929,2024-10,British Columbia,Women,Sometimes feels lonely,Percent,38.1
5930,2024-10,British Columbia,Women,Sometimes feels lonely,Percent,48.9
5931,2024-10,British Columbia,Women,Sometimes feels lonely,Number,1034.0
5932,2024-10,British Columbia,Women,Sometimes feels lonely,Number,904.0
5933,2024-10,British Columbia,Women,Sometimes feels lonely,Number,1165.0
5934,2024-10,British Columbia,Women,Rarely or never feels lonely,Percent,44.9
5935,2024-10,British Columbia,Women,Rarely or never feels lonely,Percent,39.7
5936,2024-10,British Columbia,Women,Rarely or never feels lonely,Percent,50.3
5937,2024-10,British Columbia,Women,Rarely or never feels lonely,Number,1069.0
5938,2024-10,British Columbia,Women,Rarely or never feels lonely,Number,940.0
5939,2024-10,British Columbia,Women,Rarely or never feels lonely,Number,1198.0
5940,2021-04,Newfoundland and Labrador,"Total, all persons",Excellent or very good perceived mental health,Percent,46.6
5941,2021-04,Newfoundland and Labrador,"Total, all persons",Excellent or very good perceived mental health,Percent,40.3
5942,2021-04,Newfoundland and Labrador,"Total, all persons",Excellent or very good perceived mental health,Percent,53.0
5943,2021-04,Newfoundland and Labrador,"Total, all persons",Excellent or very good perceived mental health,Number,207.0
5944,2021-04,Newfoundland and Labrador,"Total, all persons",Excellent or very good perceived mental health,Number,178.0
5945,2021-04,Newfoundland and Labrador,"Total, all persons",Excellent or very good perceived mental health,Number,235.0
5946,2021-04,Newfoundland and Labrador,"Total, all persons",Good perceived mental health,Percent,37.2
5947,2021-04,Newfoundland and Labrador,"Total, all persons",Good perceived mental health,Percent,31.1
5948,2021-04,Newfoundland and Labrador,"Total, all persons",Good perceived mental health,Percent,43.7
5949,2021-04,Newfoundland and Labrador,"Total, all persons",Good perceived mental health,Number,165.0
5950,2021-04,Newfoundland and Labrador,"Total, all persons",Good perceived mental health,Number,137.0
5951,2021-04,Newfoundland and Labrador,"Total, all persons",Good perceived mental health,Number,193.0
5952,2021-04,Newfoundland and Labrador,"Total, all persons",Fair or poor perceived mental health,Percent,16.2
5953,2021-04,Newfoundland and Labrador,"Total, all persons",Fair or poor perceived mental health,Percent,12.0
5954,2021-04,Newfoundland and Labrador,"Total, all persons",Fair or poor perceived mental health,Percent,21.5
5955,2021-04,Newfoundland and Labrador,"Total, all persons",Fair or poor perceived mental health,Number,
5956,2021-04,Newfoundland and Labrador,"Total, all persons",Fair or poor perceived mental health,Number,
5957,2021-04,Newfoundland and Labrador,"Total, all persons",Fair or poor perceived mental health,Number,
5958,2021-04,Newfoundland and Labrador,Men,Excellent or very good perceived mental health,Percent,45.4
5959,2021-04,Newfoundland and Labrador,Men,Excellent or very good perceived mental health,Percent,36.3
5960,2021-04,Newfoundland and Labrador,Men,Excellent or very good perceived mental health,Percent,54.7
5961,2021-04,Newfoundland and Labrador,Men,Excellent or very good perceived mental health,Number,99.0
5962,2021-04,Newfoundland and Labrador,Men,Excellent or very good perceived mental health,Number,79.0
5963,2021-04,Newfoundland and Labrador,Men,Excellent or very good perceived mental health,Number,119.0
5964,2021-04,Newfoundland and Labrador,Men,Good perceived mental health,Percent,38.4
5965,2021-04,Newfoundland and Labrador,Men,Good perceived mental health,Percent,29.6
5966,2021-04,Newfoundland and Labrador,Men,Good perceived mental health,Percent,48.1
5967,2021-04,Newfoundland and Labrador,Men,Good perceived mental health,Number,84.0
5968,2021-04,Newfoundland and Labrador,Men,Good perceived mental health,Number,64.0
5969,2021-04,Newfoundland and Labrador,Men,Good perceived mental health,Number,104.0
5970,2021-04,Newfoundland and Labrador,Men,Fair or poor perceived mental health,Percent,16.2
5971,2021-04,Newfoundland and Labrador,Men,Fair or poor perceived mental health,Percent,10.5
5972,2021-04,Newfoundland and Labrador,Men,Fair or poor perceived mental health,Percent,24.2
5973,2021-04,Newfoundland and Labrador,Men,Fair or poor perceived mental health,Number,
5974,2021-04,Newfoundland and Labrador,Men,Fair or poor perceived mental health,Number,
5975,2021-04,Newfoundland and Labrador,Men,Fair or poor perceived mental health,Number,
5976,2021-04,Newfoundland and Labrador,Women,Excellent or very good perceived mental health,Percent,47.8
5977,2021-04,Newfoundland and Labrador,Women,Excellent or very good perceived mental health,Percent,39.3
5978,2021-04,Newfoundland and Labrador,Women,Excellent or very good perceived mental health,Percent,56.5
5979,2021-04,Newfoundland and Labrador,Women,Excellent or very good perceived mental health,Number,108.0
5980,2021-04,Newfoundland and Labrador,Women,Excellent or very good perceived mental health,Number,88.0
5981,2021-04,Newfoundland and Labrador,Women,Excellent or very good perceived mental health,Number,127.0
5982,2021-04,Newfoundland and Labrador,Women,Good perceived mental health,Percent,35.9
5983,2021-04,Newfoundland and Labrador,Women,Good perceived mental health,Percent,28.0
5984,2021-04,Newfoundland and Labrador,Women,Good perceived mental health,Percent,44.7
5985,2021-04,Newfoundland and Labrador,Women,Good perceived mental health,Number,81.0
5986,2021-04,Newfoundland and Labrador,Women,Good perceived mental health,Number,62.0
5987,2021-04,Newfoundland and Labrador,Women,Good perceived mental health,Number,100.0
5988,2021-04,Newfoundland and Labrador,Women,Fair or poor perceived mental health,Percent,16.3
5989,2021-04,Newfoundland and Labrador,Women,Fair or poor perceived mental health,Percent,10.7
5990,2021-04,Newfoundland and Labrador,Women,Fair or poor perceived mental health,Percent,24.0
5991,2021-04,Newfoundland and Labrador,Women,Fair or poor perceived mental health,Number,
5992,2021-04,Newfoundland and Labrador,Women,Fair or poor perceived mental health,Number,
5993,2021-04,Newfoundland and Labrador,Women,Fair or poor perceived mental health,Number,
5994,2021-04,Prince Edward Island,"Total, all persons",Excellent or very good perceived mental health,Percent,48.7
5995,2021-04,Prince Edward Island,"Total, all persons",Excellent or very good perceived mental health,Percent,43.2
5996,2021-04,Prince Edward Island,"Total, all persons",Excellent or very good perceived mental health,Percent,54.3
5997,2021-04,Prince Edward Island,"Total, all persons",Excellent or very good perceived mental health,Number,65.0
5998,2021-04,Prince Edward Island,"Total, all persons",Excellent or very good perceived mental health,Number,57.0
5999,2021-04,Prince Edward Island,"Total, all persons",Excellent or very good perceived mental health,Number,72.0
6000,2021-04,Prince Edward Island,"Total, all persons",Good perceived mental health,Percent,33.1
6001,2021-04,Prince Edward Island,"Total, all persons",Good perceived mental health,Percent,28.2
6002,2021-04,Prince Edward Island,"Total, all persons",Good perceived mental health,Percent,38.5
6003,2021-04,Prince Edward Island,"Total, all persons",Good perceived mental health,Number,44.0
6004,2021-04,Prince Edward Island,"Total, all persons",Good perceived mental health,Number,37.0
6005,2021-04,Prince Edward Island,"Total, all persons",Good perceived mental health,Number,51.0
6006,2021-04,Prince Edward Island,"Total, all persons",Fair or poor perceived mental health,Percent,18.1
6007,2021-04,Prince Edward Island,"Total, all persons",Fair or poor perceived mental health,Percent,14.0
6008,2021-04,Prince Edward Island,"Total, all persons",Fair or poor perceived mental health,Percent,23.2
6009,2021-04,Prince Edward Island,"Total, all persons",Fair or poor perceived mental health,Number,24.0
6010,2021-04,Prince Edward Island,"Total, all persons",Fair or poor perceived mental health,Number,18.0
6011,2021-04,Prince Edward Island,"Total, all persons",Fair or poor perceived mental health,Number,30.0
6012,2021-04,Prince Edward Island,Men,Excellent or very good perceived mental health,Percent,54.7
6013,2021-04,Prince Edward Island,Men,Excellent or very good perceived mental health,Percent,45.7
6014,2021-04,Prince Edward Island,Men,Excellent or very good perceived mental health,Percent,63.4
6015,2021-04,Prince Edward Island,Men,Excellent or very good perceived mental health,Number,35.0
6016,2021-04,Prince Edward Island,Men,Excellent or very good perceived mental health,Number,29.0
6017,2021-04,Prince Edward Island,Men,Excellent or very good perceived mental health,Number,41.0
6018,2021-04,Prince Edward Island,Men,Good perceived mental health,Percent,27.3
6019,2021-04,Prince Edward Island,Men,Good perceived mental health,Percent,20.3
6020,2021-04,Prince Edward Island,Men,Good perceived mental health,Percent,35.5
6021,2021-04,Prince Edward Island,Men,Good perceived mental health,Number,
6022,2021-04,Prince Edward Island,Men,Good perceived mental health,Number,
6023,2021-04,Prince Edward Island,Men,Good perceived mental health,Number,
6024,2021-04,Prince Edward Island,Men,Fair or poor perceived mental health,Percent,18.1
6025,2021-04,Prince Edward Island,Men,Fair or poor perceived mental health,Percent,11.9
6026,2021-04,Prince Edward Island,Men,Fair or poor perceived mental health,Percent,26.5
6027,2021-04,Prince Edward Island,Men,Fair or poor perceived mental health,Number,
6028,2021-04,Prince Edward Island,Men,Fair or poor perceived mental health,Number,
6029,2021-04,Prince Edward Island,Men,Fair or poor perceived mental health,Number,
6030,2021-04,Prince Edward Island,Women,Excellent or very good perceived mental health,Percent,43.3
6031,2021-04,Prince Edward Island,Women,Excellent or very good perceived mental health,Percent,36.5
6032,2021-04,Prince Edward Island,Women,Excellent or very good perceived mental health,Percent,50.3
6033,2021-04,Prince Edward Island,Women,Excellent or very good perceived mental health,Number,30.0
6034,2021-04,Prince Edward Island,Women,Excellent or very good perceived mental health,Number,25.0
6035,2021-04,Prince Edward Island,Women,Excellent or very good perceived mental health,Number,35.0
6036,2021-04,Prince Edward Island,Women,Good perceived mental health,Percent,38.5
6037,2021-04,Prince Edward Island,Women,Good perceived mental health,Percent,31.8
6038,2021-04,Prince Edward Island,Women,Good perceived mental health,Percent,45.6
6039,2021-04,Prince Edward Island,Women,Good perceived mental health,Number,27.0
6040,2021-04,Prince Edward Island,Women,Good perceived mental health,Number,22.0
6041,2021-04,Prince Edward Island,Women,Good perceived mental health,Number,31.0
6042,2021-04,Prince Edward Island,Women,Fair or poor perceived mental health,Percent,18.2
6043,2021-04,Prince Edward Island,Women,Fair or poor perceived mental health,Percent,13.2
6044,2021-04,Prince Edward Island,Women,Fair or poor perceived mental health,Percent,24.5
6045,2021-04,Prince Edward Island,Women,Fair or poor perceived mental health,Number,
6046,2021-04,Prince Edward Island,Women,Fair or poor perceived mental health,Number,
6047,2021-04,Prince Edward Island,Women,Fair or poor perceived mental health,Number,
6048,2021-04,Nova Scotia,"Total, all persons",Excellent or very good perceived mental health,Percent,47.0
6049,2021-04,Nova Scotia,"Total, all persons",Excellent or very good perceived mental health,Percent,42.1
6050,2021-04,Nova Scotia,"Total, all persons",Excellent or very good perceived mental health,Percent,51.9
6051,2021-04,Nova Scotia,"Total, all persons",Excellent or very good perceived mental health,Number,385.0
6052,2021-04,Nova Scotia,"Total, all persons",Excellent or very good perceived mental health,Number,345.0
6053,2021-04,Nova Scotia,"Total, all persons",Excellent or very good perceived mental health,Number,426.0
6054,2021-04,Nova Scotia,"Total, all persons",Good perceived mental health,Percent,29.3
6055,2021-04,Nova Scotia,"Total, all persons",Good perceived mental health,Percent,25.5
6056,2021-04,Nova Scotia,"Total, all persons",Good perceived mental health,Percent,33.4
6057,2021-04,Nova Scotia,"Total, all persons",Good perceived mental health,Number,240.0
6058,2021-04,Nova Scotia,"Total, all persons",Good perceived mental health,Number,208.0
6059,2021-04,Nova Scotia,"Total, all persons",Good perceived mental health,Number,273.0
6060,2021-04,Nova Scotia,"Total, all persons",Fair or poor perceived mental health,Percent,23.7
6061,2021-04,Nova Scotia,"Total, all persons",Fair or poor perceived mental health,Percent,20.1
6062,2021-04,Nova Scotia,"Total, all persons",Fair or poor perceived mental health,Percent,27.7
6063,2021-04,Nova Scotia,"Total, all persons",Fair or poor perceived mental health,Number,194.0
6064,2021-04,Nova Scotia,"Total, all persons",Fair or poor perceived mental health,Number,163.0
6065,2021-04,Nova Scotia,"Total, all persons",Fair or poor perceived mental health,Number,225.0
6066,2021-04,Nova Scotia,Men,Excellent or very good perceived mental health,Percent,55.3
6067,2021-04,Nova Scotia,Men,Excellent or very good perceived mental health,Percent,47.6
6068,2021-04,Nova Scotia,Men,Excellent or very good perceived mental health,Percent,62.8
6069,2021-04,Nova Scotia,Men,Excellent or very good perceived mental health,Number,218.0
6070,2021-04,Nova Scotia,Men,Excellent or very good perceived mental health,Number,188.0
6071,2021-04,Nova Scotia,Men,Excellent or very good perceived mental health,Number,249.0
6072,2021-04,Nova Scotia,Men,Good perceived mental health,Percent,28.9
6073,2021-04,Nova Scotia,Men,Good perceived mental health,Percent,22.9
6074,2021-04,Nova Scotia,Men,Good perceived mental health,Percent,35.8
6075,2021-04,Nova Scotia,Men,Good perceived mental health,Number,114.0
6076,2021-04,Nova Scotia,Men,Good perceived mental health,Number,89.0
6077,2021-04,Nova Scotia,Men,Good perceived mental health,Number,140.0
6078,2021-04,Nova Scotia,Men,Fair or poor perceived mental health,Percent,15.7
6079,2021-04,Nova Scotia,Men,Fair or poor perceived mental health,Percent,11.1
6080,2021-04,Nova Scotia,Men,Fair or poor perceived mental health,Percent,21.7
6081,2021-04,Nova Scotia,Men,Fair or poor perceived mental health,Number,
6082,2021-04,Nova Scotia,Men,Fair or poor perceived mental health,Number,
6083,2021-04,Nova Scotia,Men,Fair or poor perceived mental health,Number,
6084,2021-04,Nova Scotia,Women,Excellent or very good perceived mental health,Percent,39.2
6085,2021-04,Nova Scotia,Women,Excellent or very good perceived mental health,Percent,33.3
6086,2021-04,Nova Scotia,Women,Excellent or very good perceived mental health,Percent,45.5
6087,2021-04,Nova Scotia,Women,Excellent or very good perceived mental health,Number,167.0
6088,2021-04,Nova Scotia,Women,Excellent or very good perceived mental health,Number,141.0
6089,2021-04,Nova Scotia,Women,Excellent or very good perceived mental health,Number,193.0
6090,2021-04,Nova Scotia,Women,Good perceived mental health,Percent,29.7
6091,2021-04,Nova Scotia,Women,Good perceived mental health,Percent,24.9
6092,2021-04,Nova Scotia,Women,Good perceived mental health,Percent,34.9
6093,2021-04,Nova Scotia,Women,Good perceived mental health,Number,126.0
6094,2021-04,Nova Scotia,Women,Good perceived mental health,Number,105.0
6095,2021-04,Nova Scotia,Women,Good perceived mental health,Number,148.0
6096,2021-04,Nova Scotia,Women,Fair or poor perceived mental health,Percent,31.1
6097,2021-04,Nova Scotia,Women,Fair or poor perceived mental health,Percent,25.9
6098,2021-04,Nova Scotia,Women,Fair or poor perceived mental health,Percent,36.8
6099,2021-04,Nova Scotia,Women,Fair or poor perceived mental health,Number,132.0
6100,2021-04,Nova Scotia,Women,Fair or poor perceived mental health,Number,109.0
6101,2021-04,Nova Scotia,Women,Fair or poor perceived mental health,Number,156.0
6102,2021-04,New Brunswick,"Total, all persons",Excellent or very good perceived mental health,Percent,46.9
6103,2021-04,New Brunswick,"Total, all persons",Excellent or very good perceived mental health,Percent,41.6
6104,2021-04,New Brunswick,"Total, all persons",Excellent or very good perceived mental health,Percent,52.3
6105,2021-04,New Brunswick,"Total, all persons",Excellent or very good perceived mental health,Number,303.0
6106,2021-04,New Brunswick,"Total, all persons",Excellent or very good perceived mental health,Number,268.0
6107,2021-04,New Brunswick,"Total, all persons",Excellent or very good perceived mental health,Number,338.0
6108,2021-04,New Brunswick,"Total, all persons",Good perceived mental health,Percent,37.8
6109,2021-04,New Brunswick,"Total, all persons",Good perceived mental health,Percent,32.8
6110,2021-04,New Brunswick,"Total, all persons",Good perceived mental health,Percent,43.2
6111,2021-04,New Brunswick,"Total, all persons",Good perceived mental health,Number,244.0
6112,2021-04,New Brunswick,"Total, all persons",Good perceived mental health,Number,210.0
6113,2021-04,New Brunswick,"Total, all persons",Good perceived mental health,Number,278.0
6114,2021-04,New Brunswick,"Total, all persons",Fair or poor perceived mental health,Percent,15.2
6115,2021-04,New Brunswick,"Total, all persons",Fair or poor perceived mental health,Percent,12.2
6116,2021-04,New Brunswick,"Total, all persons",Fair or poor perceived mental health,Percent,18.9
6117,2021-04,New Brunswick,"Total, all persons",Fair or poor perceived mental health,Number,98.0
6118,2021-04,New Brunswick,"Total, all persons",Fair or poor perceived mental health,Number,77.0
6119,2021-04,New Brunswick,"Total, all persons",Fair or poor perceived mental health,Number,120.0
6120,2021-04,New Brunswick,Men,Excellent or very good perceived mental health,Percent,50.1
6121,2021-04,New Brunswick,Men,Excellent or very good perceived mental health,Percent,41.7
6122,2021-04,New Brunswick,Men,Excellent or very good perceived mental health,Percent,58.5
6123,2021-04,New Brunswick,Men,Excellent or very good perceived mental health,Number,160.0
6124,2021-04,New Brunswick,Men,Excellent or very good perceived mental health,Number,133.0
6125,2021-04,New Brunswick,Men,Excellent or very good perceived mental health,Number,187.0
6126,2021-04,New Brunswick,Men,Good perceived mental health,Percent,38.2
6127,2021-04,New Brunswick,Men,Good perceived mental health,Percent,30.1
6128,2021-04,New Brunswick,Men,Good perceived mental health,Percent,47.0
6129,2021-04,New Brunswick,Men,Good perceived mental health,Number,122.0
6130,2021-04,New Brunswick,Men,Good perceived mental health,Number,94.0
6131,2021-04,New Brunswick,Men,Good perceived mental health,Number,149.0
6132,2021-04,New Brunswick,Men,Fair or poor perceived mental health,Percent,11.7
6133,2021-04,New Brunswick,Men,Fair or poor perceived mental health,Percent,7.9
6134,2021-04,New Brunswick,Men,Fair or poor perceived mental health,Percent,17.1
6135,2021-04,New Brunswick,Men,Fair or poor perceived mental health,Number,
6136,2021-04,New Brunswick,Men,Fair or poor perceived mental health,Number,
6137,2021-04,New Brunswick,Men,Fair or poor perceived mental health,Number,
6138,2021-04,New Brunswick,Women,Excellent or very good perceived mental health,Percent,43.8
6139,2021-04,New Brunswick,Women,Excellent or very good perceived mental health,Percent,37.5
6140,2021-04,New Brunswick,Women,Excellent or very good perceived mental health,Percent,50.4
6141,2021-04,New Brunswick,Women,Excellent or very good perceived mental health,Number,143.0
6142,2021-04,New Brunswick,Women,Excellent or very good perceived mental health,Number,122.0
6143,2021-04,New Brunswick,Women,Excellent or very good perceived mental health,Number,165.0
6144,2021-04,New Brunswick,Women,Good perceived mental health,Percent,37.5
6145,2021-04,New Brunswick,Women,Good perceived mental health,Percent,31.4
6146,2021-04,New Brunswick,Women,Good perceived mental health,Percent,44.0
6147,2021-04,New Brunswick,Women,Good perceived mental health,Number,122.0
6148,2021-04,New Brunswick,Women,Good perceived mental health,Number,102.0
6149,2021-04,New Brunswick,Women,Good perceived mental health,Number,143.0
6150,2021-04,New Brunswick,Women,Fair or poor perceived mental health,Percent,18.7
6151,2021-04,New Brunswick,Women,Fair or poor perceived mental health,Percent,14.2
6152,2021-04,New Brunswick,Women,Fair or poor perceived mental health,Percent,24.2
6153,2021-04,New Brunswick,Women,Fair or poor perceived mental health,Number,
6154,2021-04,New Brunswick,Women,Fair or poor perceived mental health,Number,
6155,2021-04,New Brunswick,Women,Fair or poor perceived mental health,Number,
6156,2021-04,Quebec,"Total, all persons",Excellent or very good perceived mental health,Percent,53.0
6157,2021-04,Quebec,"Total, all persons",Excellent or very good perceived mental health,Percent,50.4
6158,2021-04,Quebec,"Total, all persons",Excellent or very good perceived mental health,Percent,55.5
6159,2021-04,Quebec,"Total, all persons",Excellent or very good perceived mental health,Number,3743.0
6160,2021-04,Quebec,"Total, all persons",Excellent or very good perceived mental health,Number,3560.0
6161,2021-04,Quebec,"Total, all persons",Excellent or very good perceived mental health,Number,3927.0
6162,2021-04,Quebec,"Total, all persons",Good perceived mental health,Percent,34.3
6163,2021-04,Quebec,"Total, all persons",Good perceived mental health,Percent,31.9
6164,2021-04,Quebec,"Total, all persons",Good perceived mental health,Percent,36.9
6165,2021-04,Quebec,"Total, all persons",Good perceived mental health,Number,2426.0
6166,2021-04,Quebec,"Total, all persons",Good perceived mental health,Number,2250.0
6167,2021-04,Quebec,"Total, all persons",Good perceived mental health,Number,2603.0
6168,2021-04,Quebec,"Total, all persons",Fair or poor perceived mental health,Percent,12.7
6169,2021-04,Quebec,"Total, all persons",Fair or poor perceived mental health,Percent,11.1
6170,2021-04,Quebec,"Total, all persons",Fair or poor perceived mental health,Percent,14.5
6171,2021-04,Quebec,"Total, all persons",Fair or poor perceived mental health,Number,899.0
6172,2021-04,Quebec,"Total, all persons",Fair or poor perceived mental health,Number,780.0
6173,2021-04,Quebec,"Total, all persons",Fair or poor perceived mental health,Number,1018.0
6174,2021-04,Quebec,Men,Excellent or very good perceived mental health,Percent,60.1
6175,2021-04,Quebec,Men,Excellent or very good perceived mental health,Percent,56.3
6176,2021-04,Quebec,Men,Excellent or very good perceived mental health,Percent,63.9
6177,2021-04,Quebec,Men,Excellent or very good perceived mental health,Number,2129.0
6178,2021-04,Quebec,Men,Excellent or very good perceived mental health,Number,1994.0
6179,2021-04,Quebec,Men,Excellent or very good perceived mental health,Number,2265.0
6180,2021-04,Quebec,Men,Good perceived mental health,Percent,29.3
6181,2021-04,Quebec,Men,Good perceived mental health,Percent,26.0
6182,2021-04,Quebec,Men,Good perceived mental health,Percent,32.9
6183,2021-04,Quebec,Men,Good perceived mental health,Number,1039.0
6184,2021-04,Quebec,Men,Good perceived mental health,Number,917.0
6185,2021-04,Quebec,Men,Good perceived mental health,Number,1160.0
6186,2021-04,Quebec,Men,Fair or poor perceived mental health,Percent,10.5
6187,2021-04,Quebec,Men,Fair or poor perceived mental health,Percent,8.6
6188,2021-04,Quebec,Men,Fair or poor perceived mental health,Percent,12.8
6189,2021-04,Quebec,Men,Fair or poor perceived mental health,Number,373.0
6190,2021-04,Quebec,Men,Fair or poor perceived mental health,Number,298.0
6191,2021-04,Quebec,Men,Fair or poor perceived mental health,Number,447.0
6192,2021-04,Quebec,Women,Excellent or very good perceived mental health,Percent,45.8
6193,2021-04,Quebec,Women,Excellent or very good perceived mental health,Percent,42.4
6194,2021-04,Quebec,Women,Excellent or very good perceived mental health,Percent,49.1
6195,2021-04,Quebec,Women,Excellent or very good perceived mental health,Number,1614.0
6196,2021-04,Quebec,Women,Excellent or very good perceived mental health,Number,1495.0
6197,2021-04,Quebec,Women,Excellent or very good perceived mental health,Number,1733.0
6198,2021-04,Quebec,Women,Good perceived mental health,Percent,39.3
6199,2021-04,Quebec,Women,Good perceived mental health,Percent,35.8
6200,2021-04,Quebec,Women,Good perceived mental health,Percent,43.0
6201,2021-04,Quebec,Women,Good perceived mental health,Number,1387.0
6202,2021-04,Quebec,Women,Good perceived mental health,Number,1259.0
6203,2021-04,Quebec,Women,Good perceived mental health,Number,1516.0
6204,2021-04,Quebec,Women,Fair or poor perceived mental health,Percent,14.9
6205,2021-04,Quebec,Women,Fair or poor perceived mental health,Percent,12.5
6206,2021-04,Quebec,Women,Fair or poor perceived mental health,Percent,17.7
6207,2021-04,Quebec,Women,Fair or poor perceived mental health,Number,526.0
6208,2021-04,Quebec,Women,Fair or poor perceived mental health,Number,434.0
6209,2021-04,Quebec,Women,Fair or poor perceived mental health,Number,618.0
6210,2021-04,Ontario,"Total, all persons",Excellent or very good perceived mental health,Percent,38.7
6211,2021-04,Ontario,"Total, all persons",Excellent or very good perceived mental health,Percent,36.7
6212,2021-04,Ontario,"Total, all persons",Excellent or very good perceived mental health,Percent,40.7
6213,2021-04,Ontario,"Total, all persons",Excellent or very good perceived mental health,Number,4744.0
6214,2021-04,Ontario,"Total, all persons",Excellent or very good perceived mental health,Number,4496.0
6215,2021-04,Ontario,"Total, all persons",Excellent or very good perceived mental health,Number,4991.0
6216,2021-04,Ontario,"Total, all persons",Good perceived mental health,Percent,36.7
6217,2021-04,Ontario,"Total, all persons",Good perceived mental health,Percent,34.6
6218,2021-04,Ontario,"Total, all persons",Good perceived mental health,Percent,38.8
6219,2021-04,Ontario,"Total, all persons",Good perceived mental health,Number,4500.0
6220,2021-04,Ontario,"Total, all persons",Good perceived mental health,Number,4241.0
6221,2021-04,Ontario,"Total, all persons",Good perceived mental health,Number,4758.0
6222,2021-04,Ontario,"Total, all persons",Fair or poor perceived mental health,Percent,24.7
6223,2021-04,Ontario,"Total, all persons",Fair or poor perceived mental health,Percent,22.7
6224,2021-04,Ontario,"Total, all persons",Fair or poor perceived mental health,Percent,26.7
6225,2021-04,Ontario,"Total, all persons",Fair or poor perceived mental health,Number,3025.0
6226,2021-04,Ontario,"Total, all persons",Fair or poor perceived mental health,Number,2783.0
6227,2021-04,Ontario,"Total, all persons",Fair or poor perceived mental health,Number,3267.0
6228,2021-04,Ontario,Men,Excellent or very good perceived mental health,Percent,43.6
6229,2021-04,Ontario,Men,Excellent or very good perceived mental health,Percent,40.6
6230,2021-04,Ontario,Men,Excellent or very good perceived mental health,Percent,46.7
6231,2021-04,Ontario,Men,Excellent or very good perceived mental health,Number,2637.0
6232,2021-04,Ontario,Men,Excellent or very good perceived mental health,Number,2452.0
6233,2021-04,Ontario,Men,Excellent or very good perceived mental health,Number,2822.0
6234,2021-04,Ontario,Men,Good perceived mental health,Percent,37.1
6235,2021-04,Ontario,Men,Good perceived mental health,Percent,33.9
6236,2021-04,Ontario,Men,Good perceived mental health,Percent,40.4
6237,2021-04,Ontario,Men,Good perceived mental health,Number,2244.0
6238,2021-04,Ontario,Men,Good perceived mental health,Number,2047.0
6239,2021-04,Ontario,Men,Good perceived mental health,Number,2441.0
6240,2021-04,Ontario,Men,Fair or poor perceived mental health,Percent,19.2
6241,2021-04,Ontario,Men,Fair or poor perceived mental health,Percent,16.7
6242,2021-04,Ontario,Men,Fair or poor perceived mental health,Percent,22.1
6243,2021-04,Ontario,Men,Fair or poor perceived mental health,Number,1163.0
6244,2021-04,Ontario,Men,Fair or poor perceived mental health,Number,1000.0
6245,2021-04,Ontario,Men,Fair or poor perceived mental health,Number,1326.0
6246,2021-04,Ontario,Women,Excellent or very good perceived mental health,Percent,33.8
6247,2021-04,Ontario,Women,Excellent or very good perceived mental health,Percent,31.1
6248,2021-04,Ontario,Women,Excellent or very good perceived mental health,Percent,36.6
6249,2021-04,Ontario,Women,Excellent or very good perceived mental health,Number,2106.0
6250,2021-04,Ontario,Women,Excellent or very good perceived mental health,Number,1936.0
6251,2021-04,Ontario,Women,Excellent or very good perceived mental health,Number,2277.0
6252,2021-04,Ontario,Women,Good perceived mental health,Percent,36.2
6253,2021-04,Ontario,Women,Good perceived mental health,Percent,33.6
6254,2021-04,Ontario,Women,Good perceived mental health,Percent,39.0
6255,2021-04,Ontario,Women,Good perceived mental health,Number,2256.0
6256,2021-04,Ontario,Women,Good perceived mental health,Number,2084.0
6257,2021-04,Ontario,Women,Good perceived mental health,Number,2427.0
6258,2021-04,Ontario,Women,Fair or poor perceived mental health,Percent,29.9
6259,2021-04,Ontario,Women,Fair or poor perceived mental health,Percent,27.2
6260,2021-04,Ontario,Women,Fair or poor perceived mental health,Percent,32.8
6261,2021-04,Ontario,Women,Fair or poor perceived mental health,Number,1862.0
6262,2021-04,Ontario,Women,Fair or poor perceived mental health,Number,1687.0
6263,2021-04,Ontario,Women,Fair or poor perceived mental health,Number,2037.0
6264,2021-04,Manitoba,"Total, all persons",Excellent or very good perceived mental health,Percent,43.2
6265,2021-04,Manitoba,"Total, all persons",Excellent or very good perceived mental health,Percent,38.8
6266,2021-04,Manitoba,"Total, all persons",Excellent or very good perceived mental health,Percent,47.7
6267,2021-04,Manitoba,"Total, all persons",Excellent or very good perceived mental health,Number,454.0
6268,2021-04,Manitoba,"Total, all persons",Excellent or very good perceived mental health,Number,407.0
6269,2021-04,Manitoba,"Total, all persons",Excellent or very good perceived mental health,Number,502.0
6270,2021-04,Manitoba,"Total, all persons",Good perceived mental health,Percent,33.2
6271,2021-04,Manitoba,"Total, all persons",Good perceived mental health,Percent,29.1
6272,2021-04,Manitoba,"Total, all persons",Good perceived mental health,Percent,37.5
6273,2021-04,Manitoba,"Total, all persons",Good perceived mental health,Number,349.0
6274,2021-04,Manitoba,"Total, all persons",Good perceived mental health,Number,305.0
6275,2021-04,Manitoba,"Total, all persons",Good perceived mental health,Number,393.0
6276,2021-04,Manitoba,"Total, all persons",Fair or poor perceived mental health,Percent,23.6
6277,2021-04,Manitoba,"Total, all persons",Fair or poor perceived mental health,Percent,20.1
6278,2021-04,Manitoba,"Total, all persons",Fair or poor perceived mental health,Percent,27.6
6279,2021-04,Manitoba,"Total, all persons",Fair or poor perceived mental health,Number,249.0
6280,2021-04,Manitoba,"Total, all persons",Fair or poor perceived mental health,Number,209.0
6281,2021-04,Manitoba,"Total, all persons",Fair or poor perceived mental health,Number,288.0
6282,2021-04,Manitoba,Men,Excellent or very good perceived mental health,Percent,47.5
6283,2021-04,Manitoba,Men,Excellent or very good perceived mental health,Percent,40.8
6284,2021-04,Manitoba,Men,Excellent or very good perceived mental health,Percent,54.2
6285,2021-04,Manitoba,Men,Excellent or very good perceived mental health,Number,250.0
6286,2021-04,Manitoba,Men,Excellent or very good perceived mental health,Number,214.0
6287,2021-04,Manitoba,Men,Excellent or very good perceived mental health,Number,286.0
6288,2021-04,Manitoba,Men,Good perceived mental health,Percent,35.7
6289,2021-04,Manitoba,Men,Good perceived mental health,Percent,29.7
6290,2021-04,Manitoba,Men,Good perceived mental health,Percent,42.3
6291,2021-04,Manitoba,Men,Good perceived mental health,Number,188.0
6292,2021-04,Manitoba,Men,Good perceived mental health,Number,155.0
6293,2021-04,Manitoba,Men,Good perceived mental health,Number,221.0
6294,2021-04,Manitoba,Men,Fair or poor perceived mental health,Percent,16.8
6295,2021-04,Manitoba,Men,Fair or poor perceived mental health,Percent,12.3
6296,2021-04,Manitoba,Men,Fair or poor perceived mental health,Percent,22.5
6297,2021-04,Manitoba,Men,Fair or poor perceived mental health,Number,
6298,2021-04,Manitoba,Men,Fair or poor perceived mental health,Number,
6299,2021-04,Manitoba,Men,Fair or poor perceived mental health,Number,
6300,2021-04,Manitoba,Women,Excellent or very good perceived mental health,Percent,38.9
6301,2021-04,Manitoba,Women,Excellent or very good perceived mental health,Percent,33.1
6302,2021-04,Manitoba,Women,Excellent or very good perceived mental health,Percent,45.1
6303,2021-04,Manitoba,Women,Excellent or very good perceived mental health,Number,204.0
6304,2021-04,Manitoba,Women,Excellent or very good perceived mental health,Number,173.0
6305,2021-04,Manitoba,Women,Excellent or very good perceived mental health,Number,236.0
6306,2021-04,Manitoba,Women,Good perceived mental health,Percent,30.6
6307,2021-04,Manitoba,Women,Good perceived mental health,Percent,25.2
6308,2021-04,Manitoba,Women,Good perceived mental health,Percent,36.6
6309,2021-04,Manitoba,Women,Good perceived mental health,Number,161.0
6310,2021-04,Manitoba,Women,Good perceived mental health,Number,131.0
6311,2021-04,Manitoba,Women,Good perceived mental health,Number,191.0
6312,2021-04,Manitoba,Women,Fair or poor perceived mental health,Percent,30.5
6313,2021-04,Manitoba,Women,Fair or poor perceived mental health,Percent,25.1
6314,2021-04,Manitoba,Women,Fair or poor perceived mental health,Percent,36.5
6315,2021-04,Manitoba,Women,Fair or poor perceived mental health,Number,160.0
6316,2021-04,Manitoba,Women,Fair or poor perceived mental health,Number,130.0
6317,2021-04,Manitoba,Women,Fair or poor perceived mental health,Number,190.0
6318,2021-04,Saskatchewan,"Total, all persons",Excellent or very good perceived mental health,Percent,42.3
6319,2021-04,Saskatchewan,"Total, all persons",Excellent or very good perceived mental health,Percent,37.6
6320,2021-04,Saskatchewan,"Total, all persons",Excellent or very good perceived mental health,Percent,47.1
6321,2021-04,Saskatchewan,"Total, all persons",Excellent or very good perceived mental health,Number,374.0
6322,2021-04,Saskatchewan,"Total, all persons",Excellent or very good perceived mental health,Number,332.0
6323,2021-04,Saskatchewan,"Total, all persons",Excellent or very good perceived mental health,Number,416.0
6324,2021-04,Saskatchewan,"Total, all persons",Good perceived mental health,Percent,35.9
6325,2021-04,Saskatchewan,"Total, all persons",Good perceived mental health,Percent,31.2
6326,2021-04,Saskatchewan,"Total, all persons",Good perceived mental health,Percent,41.0
6327,2021-04,Saskatchewan,"Total, all persons",Good perceived mental health,Number,318.0
6328,2021-04,Saskatchewan,"Total, all persons",Good perceived mental health,Number,275.0
6329,2021-04,Saskatchewan,"Total, all persons",Good perceived mental health,Number,361.0
6330,2021-04,Saskatchewan,"Total, all persons",Fair or poor perceived mental health,Percent,21.8
6331,2021-04,Saskatchewan,"Total, all persons",Fair or poor perceived mental health,Percent,17.6
6332,2021-04,Saskatchewan,"Total, all persons",Fair or poor perceived mental health,Percent,26.6
6333,2021-04,Saskatchewan,"Total, all persons",Fair or poor perceived mental health,Number,192.0
6334,2021-04,Saskatchewan,"Total, all persons",Fair or poor perceived mental health,Number,152.0
6335,2021-04,Saskatchewan,"Total, all persons",Fair or poor perceived mental health,Number,232.0
6336,2021-04,Saskatchewan,Men,Excellent or very good perceived mental health,Percent,48.8
6337,2021-04,Saskatchewan,Men,Excellent or very good perceived mental health,Percent,41.4
6338,2021-04,Saskatchewan,Men,Excellent or very good perceived mental health,Percent,56.2
6339,2021-04,Saskatchewan,Men,Excellent or very good perceived mental health,Number,216.0
6340,2021-04,Saskatchewan,Men,Excellent or very good perceived mental health,Number,183.0
6341,2021-04,Saskatchewan,Men,Excellent or very good perceived mental health,Number,249.0
6342,2021-04,Saskatchewan,Men,Good perceived mental health,Percent,30.9
6343,2021-04,Saskatchewan,Men,Good perceived mental health,Percent,24.5
6344,2021-04,Saskatchewan,Men,Good perceived mental health,Percent,38.2
6345,2021-04,Saskatchewan,Men,Good perceived mental health,Number,137.0
6346,2021-04,Saskatchewan,Men,Good perceived mental health,Number,107.0
6347,2021-04,Saskatchewan,Men,Good perceived mental health,Number,167.0
6348,2021-04,Saskatchewan,Men,Fair or poor perceived mental health,Percent,20.3
6349,2021-04,Saskatchewan,Men,Fair or poor perceived mental health,Percent,14.4
6350,2021-04,Saskatchewan,Men,Fair or poor perceived mental health,Percent,27.9
6351,2021-04,Saskatchewan,Men,Fair or poor perceived mental health,Number,
6352,2021-04,Saskatchewan,Men,Fair or poor perceived mental health,Number,
6353,2021-04,Saskatchewan,Men,Fair or poor perceived mental health,Number,
6354,2021-04,Saskatchewan,Women,Excellent or very good perceived mental health,Percent,35.8
6355,2021-04,Saskatchewan,Women,Excellent or very good perceived mental health,Percent,30.0
6356,2021-04,Saskatchewan,Women,Excellent or very good perceived mental health,Percent,42.0
6357,2021-04,Saskatchewan,Women,Excellent or very good perceived mental health,Number,158.0
6358,2021-04,Saskatchewan,Women,Excellent or very good perceived mental health,Number,131.0
6359,2021-04,Saskatchewan,Women,Excellent or very good perceived mental health,Number,185.0
6360,2021-04,Saskatchewan,Women,Good perceived mental health,Percent,41.0
6361,2021-04,Saskatchewan,Women,Good perceived mental health,Percent,34.3
6362,2021-04,Saskatchewan,Women,Good perceived mental health,Percent,48.0
6363,2021-04,Saskatchewan,Women,Good perceived mental health,Number,181.0
6364,2021-04,Saskatchewan,Women,Good perceived mental health,Number,150.0
6365,2021-04,Saskatchewan,Women,Good perceived mental health,Number,211.0
6366,2021-04,Saskatchewan,Women,Fair or poor perceived mental health,Percent,23.2
6367,2021-04,Saskatchewan,Women,Fair or poor perceived mental health,Percent,17.8
6368,2021-04,Saskatchewan,Women,Fair or poor perceived mental health,Percent,29.8
6369,2021-04,Saskatchewan,Women,Fair or poor perceived mental health,Number,
6370,2021-04,Saskatchewan,Women,Fair or poor perceived mental health,Number,
6371,2021-04,Saskatchewan,Women,Fair or poor perceived mental health,Number,
6372,2021-04,Alberta,"Total, all persons",Excellent or very good perceived mental health,Percent,41.1
6373,2021-04,Alberta,"Total, all persons",Excellent or very good perceived mental health,Percent,37.4
6374,2021-04,Alberta,"Total, all persons",Excellent or very good perceived mental health,Percent,44.8
6375,2021-04,Alberta,"Total, all persons",Excellent or very good perceived mental health,Number,1443.0
6376,2021-04,Alberta,"Total, all persons",Excellent or very good perceived mental health,Number,1312.0
6377,2021-04,Alberta,"Total, all persons",Excellent or very good perceived mental health,Number,1574.0
6378,2021-04,Alberta,"Total, all persons",Good perceived mental health,Percent,34.3
6379,2021-04,Alberta,"Total, all persons",Good perceived mental health,Percent,31.0
6380,2021-04,Alberta,"Total, all persons",Good perceived mental health,Percent,37.8
6381,2021-04,Alberta,"Total, all persons",Good perceived mental health,Number,1206.0
6382,2021-04,Alberta,"Total, all persons",Good perceived mental health,Number,1086.0
6383,2021-04,Alberta,"Total, all persons",Good perceived mental health,Number,1326.0
6384,2021-04,Alberta,"Total, all persons",Fair or poor perceived mental health,Percent,24.6
6385,2021-04,Alberta,"Total, all persons",Fair or poor perceived mental health,Percent,21.4
6386,2021-04,Alberta,"Total, all persons",Fair or poor perceived mental health,Percent,28.2
6387,2021-04,Alberta,"Total, all persons",Fair or poor perceived mental health,Number,866.0
6388,2021-04,Alberta,"Total, all persons",Fair or poor perceived mental health,Number,747.0
6389,2021-04,Alberta,"Total, all persons",Fair or poor perceived mental health,Number,984.0
6390,2021-04,Alberta,Men,Excellent or very good perceived mental health,Percent,46.7
6391,2021-04,Alberta,Men,Excellent or very good perceived mental health,Percent,41.1
6392,2021-04,Alberta,Men,Excellent or very good perceived mental health,Percent,52.4
6393,2021-04,Alberta,Men,Excellent or very good perceived mental health,Number,817.0
6394,2021-04,Alberta,Men,Excellent or very good perceived mental health,Number,716.0
6395,2021-04,Alberta,Men,Excellent or very good perceived mental health,Number,918.0
6396,2021-04,Alberta,Men,Good perceived mental health,Percent,32.6
6397,2021-04,Alberta,Men,Good perceived mental health,Percent,27.7
6398,2021-04,Alberta,Men,Good perceived mental health,Percent,38.0
6399,2021-04,Alberta,Men,Good perceived mental health,Number,571.0
6400,2021-04,Alberta,Men,Good perceived mental health,Number,480.0
6401,2021-04,Alberta,Men,Good perceived mental health,Number,662.0
6402,2021-04,Alberta,Men,Fair or poor perceived mental health,Percent,20.7
6403,2021-04,Alberta,Men,Fair or poor perceived mental health,Percent,16.3
6404,2021-04,Alberta,Men,Fair or poor perceived mental health,Percent,25.9
6405,2021-04,Alberta,Men,Fair or poor perceived mental health,Number,362.0
6406,2021-04,Alberta,Men,Fair or poor perceived mental health,Number,277.0
6407,2021-04,Alberta,Men,Fair or poor perceived mental health,Number,447.0
6408,2021-04,Alberta,Women,Excellent or very good perceived mental health,Percent,35.5
6409,2021-04,Alberta,Women,Excellent or very good perceived mental health,Percent,30.9
6410,2021-04,Alberta,Women,Excellent or very good perceived mental health,Percent,40.4
6411,2021-04,Alberta,Women,Excellent or very good perceived mental health,Number,626.0
6412,2021-04,Alberta,Women,Excellent or very good perceived mental health,Number,541.0
6413,2021-04,Alberta,Women,Excellent or very good perceived mental health,Number,711.0
6414,2021-04,Alberta,Women,Good perceived mental health,Percent,36.0
6415,2021-04,Alberta,Women,Good perceived mental health,Percent,31.6
6416,2021-04,Alberta,Women,Good perceived mental health,Percent,40.7
6417,2021-04,Alberta,Women,Good perceived mental health,Number,635.0
6418,2021-04,Alberta,Women,Good perceived mental health,Number,555.0
6419,2021-04,Alberta,Women,Good perceived mental health,Number,716.0
6420,2021-04,Alberta,Women,Fair or poor perceived mental health,Percent,28.5
6421,2021-04,Alberta,Women,Fair or poor perceived mental health,Percent,24.2
6422,2021-04,Alberta,Women,Fair or poor perceived mental health,Percent,33.3
6423,2021-04,Alberta,Women,Fair or poor perceived mental health,Number,504.0
6424,2021-04,Alberta,Women,Fair or poor perceived mental health,Number,422.0
6425,2021-04,Alberta,Women,Fair or poor perceived mental health,Number,585.0
6426,2021-04,British Columbia,"Total, all persons",Excellent or very good perceived mental health,Percent,41.7
6427,2021-04,British Columbia,"Total, all persons",Excellent or very good perceived mental health,Percent,38.3
6428,2021-04,British Columbia,"Total, all persons",Excellent or very good perceived mental health,Percent,45.2
6429,2021-04,British Columbia,"Total, all persons",Excellent or very good perceived mental health,Number,1804.0
6430,2021-04,British Columbia,"Total, all persons",Excellent or very good perceived mental health,Number,1655.0
6431,2021-04,British Columbia,"Total, all persons",Excellent or very good perceived mental health,Number,1954.0
6432,2021-04,British Columbia,"Total, all persons",Good perceived mental health,Percent,35.0
6433,2021-04,British Columbia,"Total, all persons",Good perceived mental health,Percent,31.7
6434,2021-04,British Columbia,"Total, all persons",Good perceived mental health,Percent,38.4
6435,2021-04,British Columbia,"Total, all persons",Good perceived mental health,Number,1513.0
6436,2021-04,British Columbia,"Total, all persons",Good perceived mental health,Number,1367.0
6437,2021-04,British Columbia,"Total, all persons",Good perceived mental health,Number,1658.0
6438,2021-04,British Columbia,"Total, all persons",Fair or poor perceived mental health,Percent,23.3
6439,2021-04,British Columbia,"Total, all persons",Fair or poor perceived mental health,Percent,20.4
6440,2021-04,British Columbia,"Total, all persons",Fair or poor perceived mental health,Percent,26.4
6441,2021-04,British Columbia,"Total, all persons",Fair or poor perceived mental health,Number,1006.0
6442,2021-04,British Columbia,"Total, all persons",Fair or poor perceived mental health,Number,878.0
6443,2021-04,British Columbia,"Total, all persons",Fair or poor perceived mental health,Number,1134.0
6444,2021-04,British Columbia,Men,Excellent or very good perceived mental health,Percent,43.3
6445,2021-04,British Columbia,Men,Excellent or very good perceived mental health,Percent,38.3
6446,2021-04,British Columbia,Men,Excellent or very good perceived mental health,Percent,48.5
6447,2021-04,British Columbia,Men,Excellent or very good perceived mental health,Number,917.0
6448,2021-04,British Columbia,Men,Excellent or very good perceived mental health,Number,809.0
6449,2021-04,British Columbia,Men,Excellent or very good perceived mental health,Number,1026.0
6450,2021-04,British Columbia,Men,Good perceived mental health,Percent,35.4
6451,2021-04,British Columbia,Men,Good perceived mental health,Percent,30.6
6452,2021-04,British Columbia,Men,Good perceived mental health,Percent,40.5
6453,2021-04,British Columbia,Men,Good perceived mental health,Number,749.0
6454,2021-04,British Columbia,Men,Good perceived mental health,Number,643.0
6455,2021-04,British Columbia,Men,Good perceived mental health,Number,854.0
6456,2021-04,British Columbia,Men,Fair or poor perceived mental health,Percent,21.3
6457,2021-04,British Columbia,Men,Fair or poor perceived mental health,Percent,17.5
6458,2021-04,British Columbia,Men,Fair or poor perceived mental health,Percent,25.7
6459,2021-04,British Columbia,Men,Fair or poor perceived mental health,Number,452.0
6460,2021-04,British Columbia,Men,Fair or poor perceived mental health,Number,365.0
6461,2021-04,British Columbia,Men,Fair or poor perceived mental health,Number,539.0
6462,2021-04,British Columbia,Women,Excellent or very good perceived mental health,Percent,40.2
6463,2021-04,British Columbia,Women,Excellent or very good perceived mental health,Percent,35.8
6464,2021-04,British Columbia,Women,Excellent or very good perceived mental health,Percent,44.8
6465,2021-04,British Columbia,Women,Excellent or very good perceived mental health,Number,887.0
6466,2021-04,British Columbia,Women,Excellent or very good perceived mental health,Number,788.0
6467,2021-04,British Columbia,Women,Excellent or very good perceived mental health,Number,986.0
6468,2021-04,British Columbia,Women,Good perceived mental health,Percent,34.6
6469,2021-04,British Columbia,Women,Good perceived mental health,Percent,30.4
6470,2021-04,British Columbia,Women,Good perceived mental health,Percent,39.1
6471,2021-04,British Columbia,Women,Good perceived mental health,Number,764.0
6472,2021-04,British Columbia,Women,Good perceived mental health,Number,668.0
6473,2021-04,British Columbia,Women,Good perceived mental health,Number,860.0
6474,2021-04,British Columbia,Women,Fair or poor perceived mental health,Percent,25.1
6475,2021-04,British Columbia,Women,Fair or poor perceived mental health,Percent,21.1
6476,2021-04,British Columbia,Women,Fair or poor perceived mental health,Percent,29.6
6477,2021-04,British Columbia,Women,Fair or poor perceived mental health,Number,554.0
6478,2021-04,British Columbia,Women,Fair or poor perceived mental health,Number,460.0
6479,2021-04,British Columbia,Women,Fair or poor perceived mental health,Number,649.0
6480,2021-07,Newfoundland and Labrador,"Total, all persons",Excellent or very good perceived mental health,Percent,57.0
6481,2021-07,Newfoundland and Labrador,"Total, all persons",Excellent or very good perceived mental health,Percent,51.3
6482,2021-07,Newfoundland and Labrador,"Total, all persons",Excellent or very good perceived mental health,Percent,62.6
6483,2021-07,Newfoundland and Labrador,"Total, all persons",Excellent or very good perceived mental health,Number,254.0
6484,2021-07,Newfoundland and Labrador,"Total, all persons",Excellent or very good perceived mental health,Number,229.0
6485,2021-07,Newfoundland and Labrador,"Total, all persons",Excellent or very good perceived mental health,Number,279.0
6486,2021-07,Newfoundland and Labrador,"Total, all persons",Good perceived mental health,Percent,30.2
6487,2021-07,Newfoundland and Labrador,"Total, all persons",Good perceived mental health,Percent,25.3
6488,2021-07,Newfoundland and Labrador,"Total, all persons",Good perceived mental health,Percent,35.6
6489,2021-07,Newfoundland and Labrador,"Total, all persons",Good perceived mental health,Number,134.0
6490,2021-07,Newfoundland and Labrador,"Total, all persons",Good perceived mental health,Number,111.0
6491,2021-07,Newfoundland and Labrador,"Total, all persons",Good perceived mental health,Number,157.0
6492,2021-07,Newfoundland and Labrador,"Total, all persons",Fair or poor perceived mental health,Percent,12.8
6493,2021-07,Newfoundland and Labrador,"Total, all persons",Fair or poor perceived mental health,Percent,9.3
6494,2021-07,Newfoundland and Labrador,"Total, all persons",Fair or poor perceived mental health,Percent,17.3
6495,2021-07,Newfoundland and Labrador,"Total, all persons",Fair or poor perceived mental health,Number,57.0
6496,2021-07,Newfoundland and Labrador,"Total, all persons",Fair or poor perceived mental health,Number,39.0
6497,2021-07,Newfoundland and Labrador,"Total, all persons",Fair or poor perceived mental health,Number,74.0
6498,2021-07,Newfoundland and Labrador,Men,Excellent or very good perceived mental health,Percent,63.9
6499,2021-07,Newfoundland and Labrador,Men,Excellent or very good perceived mental health,Percent,55.4
6500,2021-07,Newfoundland and Labrador,Men,Excellent or very good perceived mental health,Percent,71.6
6501,2021-07,Newfoundland and Labrador,Men,Excellent or very good perceived mental health,Number,138.0
6502,2021-07,Newfoundland and Labrador,Men,Excellent or very good perceived mental health,Number,120.0
6503,2021-07,Newfoundland and Labrador,Men,Excellent or very good perceived mental health,Number,155.0
6504,2021-07,Newfoundland and Labrador,Men,Good perceived mental health,Percent,27.6
6505,2021-07,Newfoundland and Labrador,Men,Good perceived mental health,Percent,20.9
6506,2021-07,Newfoundland and Labrador,Men,Good perceived mental health,Percent,35.4
6507,2021-07,Newfoundland and Labrador,Men,Good perceived mental health,Number,
6508,2021-07,Newfoundland and Labrador,Men,Good perceived mental health,Number,
6509,2021-07,Newfoundland and Labrador,Men,Good perceived mental health,Number,
6510,2021-07,Newfoundland and Labrador,Men,Fair or poor perceived mental health,Percent,8.5
6511,2021-07,Newfoundland and Labrador,Men,Fair or poor perceived mental health,Percent,4.6
6512,2021-07,Newfoundland and Labrador,Men,Fair or poor perceived mental health,Percent,15.2
6513,2021-07,Newfoundland and Labrador,Men,Fair or poor perceived mental health,Number,
6514,2021-07,Newfoundland and Labrador,Men,Fair or poor perceived mental health,Number,
6515,2021-07,Newfoundland and Labrador,Men,Fair or poor perceived mental health,Number,
6516,2021-07,Newfoundland and Labrador,Women,Excellent or very good perceived mental health,Percent,50.6
6517,2021-07,Newfoundland and Labrador,Women,Excellent or very good perceived mental health,Percent,42.8
6518,2021-07,Newfoundland and Labrador,Women,Excellent or very good perceived mental health,Percent,58.3
6519,2021-07,Newfoundland and Labrador,Women,Excellent or very good perceived mental health,Number,116.0
6520,2021-07,Newfoundland and Labrador,Women,Excellent or very good perceived mental health,Number,98.0
6521,2021-07,Newfoundland and Labrador,Women,Excellent or very good perceived mental health,Number,135.0
6522,2021-07,Newfoundland and Labrador,Women,Good perceived mental health,Percent,32.6
6523,2021-07,Newfoundland and Labrador,Women,Good perceived mental health,Percent,25.8
6524,2021-07,Newfoundland and Labrador,Women,Good perceived mental health,Percent,40.3
6525,2021-07,Newfoundland and Labrador,Women,Good perceived mental health,Number,75.0
6526,2021-07,Newfoundland and Labrador,Women,Good perceived mental health,Number,58.0
6527,2021-07,Newfoundland and Labrador,Women,Good perceived mental health,Number,92.0
6528,2021-07,Newfoundland and Labrador,Women,Fair or poor perceived mental health,Percent,16.8
6529,2021-07,Newfoundland and Labrador,Women,Fair or poor perceived mental health,Percent,11.9
6530,2021-07,Newfoundland and Labrador,Women,Fair or poor perceived mental health,Percent,23.2
6531,2021-07,Newfoundland and Labrador,Women,Fair or poor perceived mental health,Number,
6532,2021-07,Newfoundland and Labrador,Women,Fair or poor perceived mental health,Number,
6533,2021-07,Newfoundland and Labrador,Women,Fair or poor perceived mental health,Number,
6534,2021-07,Prince Edward Island,"Total, all persons",Excellent or very good perceived mental health,Percent,52.1
6535,2021-07,Prince Edward Island,"Total, all persons",Excellent or very good perceived mental health,Percent,46.8
6536,2021-07,Prince Edward Island,"Total, all persons",Excellent or very good perceived mental health,Percent,57.4
6537,2021-07,Prince Edward Island,"Total, all persons",Excellent or very good perceived mental health,Number,70.0
6538,2021-07,Prince Edward Island,"Total, all persons",Excellent or very good perceived mental health,Number,63.0
6539,2021-07,Prince Edward Island,"Total, all persons",Excellent or very good perceived mental health,Number,77.0
6540,2021-07,Prince Edward Island,"Total, all persons",Good perceived mental health,Percent,31.4
6541,2021-07,Prince Edward Island,"Total, all persons",Good perceived mental health,Percent,26.6
6542,2021-07,Prince Edward Island,"Total, all persons",Good perceived mental health,Percent,36.7
6543,2021-07,Prince Edward Island,"Total, all persons",Good perceived mental health,Number,42.0
6544,2021-07,Prince Edward Island,"Total, all persons",Good perceived mental health,Number,35.0
6545,2021-07,Prince Edward Island,"Total, all persons",Good perceived mental health,Number,49.0
6546,2021-07,Prince Edward Island,"Total, all persons",Fair or poor perceived mental health,Percent,16.4
6547,2021-07,Prince Edward Island,"Total, all persons",Fair or poor perceived mental health,Percent,12.8
6548,2021-07,Prince Edward Island,"Total, all persons",Fair or poor perceived mental health,Percent,20.8
6549,2021-07,Prince Edward Island,"Total, all persons",Fair or poor perceived mental health,Number,22.0
6550,2021-07,Prince Edward Island,"Total, all persons",Fair or poor perceived mental health,Number,17.0
6551,2021-07,Prince Edward Island,"Total, all persons",Fair or poor perceived mental health,Number,28.0
6552,2021-07,Prince Edward Island,Men,Excellent or very good perceived mental health,Percent,59.0
6553,2021-07,Prince Edward Island,Men,Excellent or very good perceived mental health,Percent,50.7
6554,2021-07,Prince Edward Island,Men,Excellent or very good perceived mental health,Percent,66.9
6555,2021-07,Prince Edward Island,Men,Excellent or very good perceived mental health,Number,39.0
6556,2021-07,Prince Edward Island,Men,Excellent or very good perceived mental health,Number,34.0
6557,2021-07,Prince Edward Island,Men,Excellent or very good perceived mental health,Number,45.0
6558,2021-07,Prince Edward Island,Men,Good perceived mental health,Percent,28.6
6559,2021-07,Prince Edward Island,Men,Good perceived mental health,Percent,21.5
6560,2021-07,Prince Edward Island,Men,Good perceived mental health,Percent,37.0
6561,2021-07,Prince Edward Island,Men,Good perceived mental health,Number,19.0
6562,2021-07,Prince Edward Island,Men,Good perceived mental health,Number,14.0
6563,2021-07,Prince Edward Island,Men,Good perceived mental health,Number,24.0
6564,2021-07,Prince Edward Island,Men,Fair or poor perceived mental health,Percent,12.3
6565,2021-07,Prince Edward Island,Men,Fair or poor perceived mental health,Percent,7.7
6566,2021-07,Prince Edward Island,Men,Fair or poor perceived mental health,Percent,19.1
6567,2021-07,Prince Edward Island,Men,Fair or poor perceived mental health,Number,
6568,2021-07,Prince Edward Island,Men,Fair or poor perceived mental health,Number,
6569,2021-07,Prince Edward Island,Men,Fair or poor perceived mental health,Number,
6570,2021-07,Prince Edward Island,Women,Excellent or very good perceived mental health,Percent,45.4
6571,2021-07,Prince Edward Island,Women,Excellent or very good perceived mental health,Percent,38.3
6572,2021-07,Prince Edward Island,Women,Excellent or very good perceived mental health,Percent,52.7
6573,2021-07,Prince Edward Island,Women,Excellent or very good perceived mental health,Number,31.0
6574,2021-07,Prince Edward Island,Women,Excellent or very good perceived mental health,Number,26.0
6575,2021-07,Prince Edward Island,Women,Excellent or very good perceived mental health,Number,36.0
6576,2021-07,Prince Edward Island,Women,Good perceived mental health,Percent,34.2
6577,2021-07,Prince Edward Island,Women,Good perceived mental health,Percent,28.1
6578,2021-07,Prince Edward Island,Women,Good perceived mental health,Percent,40.8
6579,2021-07,Prince Edward Island,Women,Good perceived mental health,Number,23.0
6580,2021-07,Prince Edward Island,Women,Good perceived mental health,Number,19.0
6581,2021-07,Prince Edward Island,Women,Good perceived mental health,Number,28.0
6582,2021-07,Prince Edward Island,Women,Fair or poor perceived mental health,Percent,20.5
6583,2021-07,Prince Edward Island,Women,Fair or poor perceived mental health,Percent,15.2
6584,2021-07,Prince Edward Island,Women,Fair or poor perceived mental health,Percent,26.9
6585,2021-07,Prince Edward Island,Women,Fair or poor perceived mental health,Number,
6586,2021-07,Prince Edward Island,Women,Fair or poor perceived mental health,Number,
6587,2021-07,Prince Edward Island,Women,Fair or poor perceived mental health,Number,
6588,2021-07,Nova Scotia,"Total, all persons",Excellent or very good perceived mental health,Percent,50.8
6589,2021-07,Nova Scotia,"Total, all persons",Excellent or very good perceived mental health,Percent,45.6
6590,2021-07,Nova Scotia,"Total, all persons",Excellent or very good perceived mental health,Percent,56.0
6591,2021-07,Nova Scotia,"Total, all persons",Excellent or very good perceived mental health,Number,422.0
6592,2021-07,Nova Scotia,"Total, all persons",Excellent or very good perceived mental health,Number,378.0
6593,2021-07,Nova Scotia,"Total, all persons",Excellent or very good perceived mental health,Number,465.0
6594,2021-07,Nova Scotia,"Total, all persons",Good perceived mental health,Percent,30.0
6595,2021-07,Nova Scotia,"Total, all persons",Good perceived mental health,Percent,25.3
6596,2021-07,Nova Scotia,"Total, all persons",Good perceived mental health,Percent,35.2
6597,2021-07,Nova Scotia,"Total, all persons",Good perceived mental health,Number,249.0
6598,2021-07,Nova Scotia,"Total, all persons",Good perceived mental health,Number,208.0
6599,2021-07,Nova Scotia,"Total, all persons",Good perceived mental health,Number,290.0
6600,2021-07,Nova Scotia,"Total, all persons",Fair or poor perceived mental health,Percent,19.2
6601,2021-07,Nova Scotia,"Total, all persons",Fair or poor perceived mental health,Percent,15.4
6602,2021-07,Nova Scotia,"Total, all persons",Fair or poor perceived mental health,Percent,23.7
6603,2021-07,Nova Scotia,"Total, all persons",Fair or poor perceived mental health,Number,159.0
6604,2021-07,Nova Scotia,"Total, all persons",Fair or poor perceived mental health,Number,125.0
6605,2021-07,Nova Scotia,"Total, all persons",Fair or poor perceived mental health,Number,194.0
6606,2021-07,Nova Scotia,Men,Excellent or very good perceived mental health,Percent,56.4
6607,2021-07,Nova Scotia,Men,Excellent or very good perceived mental health,Percent,48.2
6608,2021-07,Nova Scotia,Men,Excellent or very good perceived mental health,Percent,64.2
6609,2021-07,Nova Scotia,Men,Excellent or very good perceived mental health,Number,228.0
6610,2021-07,Nova Scotia,Men,Excellent or very good perceived mental health,Number,195.0
6611,2021-07,Nova Scotia,Men,Excellent or very good perceived mental health,Number,261.0
6612,2021-07,Nova Scotia,Men,Good perceived mental health,Percent,28.9
6613,2021-07,Nova Scotia,Men,Good perceived mental health,Percent,22.0
6614,2021-07,Nova Scotia,Men,Good perceived mental health,Percent,36.8
6615,2021-07,Nova Scotia,Men,Good perceived mental health,Number,117.0
6616,2021-07,Nova Scotia,Men,Good perceived mental health,Number,87.0
6617,2021-07,Nova Scotia,Men,Good perceived mental health,Number,147.0
6618,2021-07,Nova Scotia,Men,Fair or poor perceived mental health,Percent,14.7
6619,2021-07,Nova Scotia,Men,Fair or poor perceived mental health,Percent,10.0
6620,2021-07,Nova Scotia,Men,Fair or poor perceived mental health,Percent,21.1
6621,2021-07,Nova Scotia,Men,Fair or poor perceived mental health,Number,
6622,2021-07,Nova Scotia,Men,Fair or poor perceived mental health,Number,
6623,2021-07,Nova Scotia,Men,Fair or poor perceived mental health,Number,
6624,2021-07,Nova Scotia,Women,Excellent or very good perceived mental health,Percent,45.5
6625,2021-07,Nova Scotia,Women,Excellent or very good perceived mental health,Percent,38.9
6626,2021-07,Nova Scotia,Women,Excellent or very good perceived mental health,Percent,52.3
6627,2021-07,Nova Scotia,Women,Excellent or very good perceived mental health,Number,194.0
6628,2021-07,Nova Scotia,Women,Excellent or very good perceived mental health,Number,165.0
6629,2021-07,Nova Scotia,Women,Excellent or very good perceived mental health,Number,223.0
6630,2021-07,Nova Scotia,Women,Good perceived mental health,Percent,31.1
6631,2021-07,Nova Scotia,Women,Good perceived mental health,Percent,24.9
6632,2021-07,Nova Scotia,Women,Good perceived mental health,Percent,38.0
6633,2021-07,Nova Scotia,Women,Good perceived mental health,Number,132.0
6634,2021-07,Nova Scotia,Women,Good perceived mental health,Number,104.0
6635,2021-07,Nova Scotia,Women,Good perceived mental health,Number,160.0
6636,2021-07,Nova Scotia,Women,Fair or poor perceived mental health,Percent,23.4
6637,2021-07,Nova Scotia,Women,Fair or poor perceived mental health,Percent,17.5
6638,2021-07,Nova Scotia,Women,Fair or poor perceived mental health,Percent,30.6
6639,2021-07,Nova Scotia,Women,Fair or poor perceived mental health,Number,
6640,2021-07,Nova Scotia,Women,Fair or poor perceived mental health,Number,
6641,2021-07,Nova Scotia,Women,Fair or poor perceived mental health,Number,
6642,2021-07,New Brunswick,"Total, all persons",Excellent or very good perceived mental health,Percent,51.9
6643,2021-07,New Brunswick,"Total, all persons",Excellent or very good perceived mental health,Percent,46.7
6644,2021-07,New Brunswick,"Total, all persons",Excellent or very good perceived mental health,Percent,57.1
6645,2021-07,New Brunswick,"Total, all persons",Excellent or very good perceived mental health,Number,341.0
6646,2021-07,New Brunswick,"Total, all persons",Excellent or very good perceived mental health,Number,307.0
6647,2021-07,New Brunswick,"Total, all persons",Excellent or very good perceived mental health,Number,375.0
6648,2021-07,New Brunswick,"Total, all persons",Good perceived mental health,Percent,31.5
6649,2021-07,New Brunswick,"Total, all persons",Good perceived mental health,Percent,27.1
6650,2021-07,New Brunswick,"Total, all persons",Good perceived mental health,Percent,36.2
6651,2021-07,New Brunswick,"Total, all persons",Good perceived mental health,Number,206.0
6652,2021-07,New Brunswick,"Total, all persons",Good perceived mental health,Number,176.0
6653,2021-07,New Brunswick,"Total, all persons",Good perceived mental health,Number,236.0
6654,2021-07,New Brunswick,"Total, all persons",Fair or poor perceived mental health,Percent,16.6
6655,2021-07,New Brunswick,"Total, all persons",Fair or poor perceived mental health,Percent,13.2
6656,2021-07,New Brunswick,"Total, all persons",Fair or poor perceived mental health,Percent,20.6
6657,2021-07,New Brunswick,"Total, all persons",Fair or poor perceived mental health,Number,109.0
6658,2021-07,New Brunswick,"Total, all persons",Fair or poor perceived mental health,Number,85.0
6659,2021-07,New Brunswick,"Total, all persons",Fair or poor perceived mental health,Number,133.0
6660,2021-07,New Brunswick,Men,Excellent or very good perceived mental health,Percent,57.6
6661,2021-07,New Brunswick,Men,Excellent or very good perceived mental health,Percent,49.9
6662,2021-07,New Brunswick,Men,Excellent or very good perceived mental health,Percent,64.9
6663,2021-07,New Brunswick,Men,Excellent or very good perceived mental health,Number,186.0
6664,2021-07,New Brunswick,Men,Excellent or very good perceived mental health,Number,162.0
6665,2021-07,New Brunswick,Men,Excellent or very good perceived mental health,Number,210.0
6666,2021-07,New Brunswick,Men,Good perceived mental health,Percent,27.0
6667,2021-07,New Brunswick,Men,Good perceived mental health,Percent,21.1
6668,2021-07,New Brunswick,Men,Good perceived mental health,Percent,34.0
6669,2021-07,New Brunswick,Men,Good perceived mental health,Number,87.0
6670,2021-07,New Brunswick,Men,Good perceived mental health,Number,66.0
6671,2021-07,New Brunswick,Men,Good perceived mental health,Number,108.0
6672,2021-07,New Brunswick,Men,Fair or poor perceived mental health,Percent,15.4
6673,2021-07,New Brunswick,Men,Fair or poor perceived mental health,Percent,10.8
6674,2021-07,New Brunswick,Men,Fair or poor perceived mental health,Percent,21.5
6675,2021-07,New Brunswick,Men,Fair or poor perceived mental health,Number,
6676,2021-07,New Brunswick,Men,Fair or poor perceived mental health,Number,
6677,2021-07,New Brunswick,Men,Fair or poor perceived mental health,Number,
6678,2021-07,New Brunswick,Women,Excellent or very good perceived mental health,Percent,46.5
6679,2021-07,New Brunswick,Women,Excellent or very good perceived mental health,Percent,39.6
6680,2021-07,New Brunswick,Women,Excellent or very good perceived mental health,Percent,53.5
6681,2021-07,New Brunswick,Women,Excellent or very good perceived mental health,Number,155.0
6682,2021-07,New Brunswick,Women,Excellent or very good perceived mental health,Number,132.0
6683,2021-07,New Brunswick,Women,Excellent or very good perceived mental health,Number,178.0
6684,2021-07,New Brunswick,Women,Good perceived mental health,Percent,35.8
6685,2021-07,New Brunswick,Women,Good perceived mental health,Percent,29.7
6686,2021-07,New Brunswick,Women,Good perceived mental health,Percent,42.3
6687,2021-07,New Brunswick,Women,Good perceived mental health,Number,119.0
6688,2021-07,New Brunswick,Women,Good perceived mental health,Number,98.0
6689,2021-07,New Brunswick,Women,Good perceived mental health,Number,140.0
6690,2021-07,New Brunswick,Women,Fair or poor perceived mental health,Percent,17.7
6691,2021-07,New Brunswick,Women,Fair or poor perceived mental health,Percent,13.2
6692,2021-07,New Brunswick,Women,Fair or poor perceived mental health,Percent,23.5
6693,2021-07,New Brunswick,Women,Fair or poor perceived mental health,Number,
6694,2021-07,New Brunswick,Women,Fair or poor perceived mental health,Number,
6695,2021-07,New Brunswick,Women,Fair or poor perceived mental health,Number,
6696,2021-07,Quebec,"Total, all persons",Excellent or very good perceived mental health,Percent,62.0
6697,2021-07,Quebec,"Total, all persons",Excellent or very good perceived mental health,Percent,59.5
6698,2021-07,Quebec,"Total, all persons",Excellent or very good perceived mental health,Percent,64.5
6699,2021-07,Quebec,"Total, all persons",Excellent or very good perceived mental health,Number,4403.0
6700,2021-07,Quebec,"Total, all persons",Excellent or very good perceived mental health,Number,4226.0
6701,2021-07,Quebec,"Total, all persons",Excellent or very good perceived mental health,Number,4579.0
6702,2021-07,Quebec,"Total, all persons",Good perceived mental health,Percent,29.2
6703,2021-07,Quebec,"Total, all persons",Good perceived mental health,Percent,26.9
6704,2021-07,Quebec,"Total, all persons",Good perceived mental health,Percent,31.7
6705,2021-07,Quebec,"Total, all persons",Good perceived mental health,Number,2076.0
6706,2021-07,Quebec,"Total, all persons",Good perceived mental health,Number,1905.0
6707,2021-07,Quebec,"Total, all persons",Good perceived mental health,Number,2247.0
6708,2021-07,Quebec,"Total, all persons",Fair or poor perceived mental health,Percent,8.7
6709,2021-07,Quebec,"Total, all persons",Fair or poor perceived mental health,Percent,7.4
6710,2021-07,Quebec,"Total, all persons",Fair or poor perceived mental health,Percent,10.3
6711,2021-07,Quebec,"Total, all persons",Fair or poor perceived mental health,Number,621.0
6712,2021-07,Quebec,"Total, all persons",Fair or poor perceived mental health,Number,518.0
6713,2021-07,Quebec,"Total, all persons",Fair or poor perceived mental health,Number,724.0
6714,2021-07,Quebec,Men,Excellent or very good perceived mental health,Percent,66.1
6715,2021-07,Quebec,Men,Excellent or very good perceived mental health,Percent,62.4
6716,2021-07,Quebec,Men,Excellent or very good perceived mental health,Percent,69.5
6717,2021-07,Quebec,Men,Excellent or very good perceived mental health,Number,2341.0
6718,2021-07,Quebec,Men,Excellent or very good perceived mental health,Number,2209.0
6719,2021-07,Quebec,Men,Excellent or very good perceived mental health,Number,2473.0
6720,2021-07,Quebec,Men,Good perceived mental health,Percent,27.1
6721,2021-07,Quebec,Men,Good perceived mental health,Percent,23.8
6722,2021-07,Quebec,Men,Good perceived mental health,Percent,30.6
6723,2021-07,Quebec,Men,Good perceived mental health,Number,959.0
6724,2021-07,Quebec,Men,Good perceived mental health,Number,838.0
6725,2021-07,Quebec,Men,Good perceived mental health,Number,1081.0
6726,2021-07,Quebec,Men,Fair or poor perceived mental health,Percent,6.9
6727,2021-07,Quebec,Men,Fair or poor perceived mental health,Percent,5.3
6728,2021-07,Quebec,Men,Fair or poor perceived mental health,Percent,8.9
6729,2021-07,Quebec,Men,Fair or poor perceived mental health,Number,244.0
6730,2021-07,Quebec,Men,Fair or poor perceived mental health,Number,179.0
6731,2021-07,Quebec,Men,Fair or poor perceived mental health,Number,308.0
6732,2021-07,Quebec,Women,Excellent or very good perceived mental health,Percent,58.0
6733,2021-07,Quebec,Women,Excellent or very good perceived mental health,Percent,54.5
6734,2021-07,Quebec,Women,Excellent or very good perceived mental health,Percent,61.4
6735,2021-07,Quebec,Women,Excellent or very good perceived mental health,Number,2062.0
6736,2021-07,Quebec,Women,Excellent or very good perceived mental health,Number,1935.0
6737,2021-07,Quebec,Women,Excellent or very good perceived mental health,Number,2188.0
6738,2021-07,Quebec,Women,Good perceived mental health,Percent,31.4
6739,2021-07,Quebec,Women,Good perceived mental health,Percent,28.2
6740,2021-07,Quebec,Women,Good perceived mental health,Percent,34.8
6741,2021-07,Quebec,Women,Good perceived mental health,Number,1117.0
6742,2021-07,Quebec,Women,Good perceived mental health,Number,998.0
6743,2021-07,Quebec,Women,Good perceived mental health,Number,1236.0
6744,2021-07,Quebec,Women,Fair or poor perceived mental health,Percent,10.6
6745,2021-07,Quebec,Women,Fair or poor perceived mental health,Percent,8.6
6746,2021-07,Quebec,Women,Fair or poor perceived mental health,Percent,13.0
6747,2021-07,Quebec,Women,Fair or poor perceived mental health,Number,377.0
6748,2021-07,Quebec,Women,Fair or poor perceived mental health,Number,298.0
6749,2021-07,Quebec,Women,Fair or poor perceived mental health,Number,456.0
6750,2021-07,Ontario,"Total, all persons",Excellent or very good perceived mental health,Percent,48.3
6751,2021-07,Ontario,"Total, all persons",Excellent or very good perceived mental health,Percent,46.1
6752,2021-07,Ontario,"Total, all persons",Excellent or very good perceived mental health,Percent,50.5
6753,2021-07,Ontario,"Total, all persons",Excellent or very good perceived mental health,Number,5974.0
6754,2021-07,Ontario,"Total, all persons",Excellent or very good perceived mental health,Number,5702.0
6755,2021-07,Ontario,"Total, all persons",Excellent or very good perceived mental health,Number,6247.0
6756,2021-07,Ontario,"Total, all persons",Good perceived mental health,Percent,31.1
6757,2021-07,Ontario,"Total, all persons",Good perceived mental health,Percent,29.0
6758,2021-07,Ontario,"Total, all persons",Good perceived mental health,Percent,33.2
6759,2021-07,Ontario,"Total, all persons",Good perceived mental health,Number,3844.0
6760,2021-07,Ontario,"Total, all persons",Good perceived mental health,Number,3584.0
6761,2021-07,Ontario,"Total, all persons",Good perceived mental health,Number,4104.0
6762,2021-07,Ontario,"Total, all persons",Fair or poor perceived mental health,Percent,20.6
6763,2021-07,Ontario,"Total, all persons",Fair or poor perceived mental health,Percent,18.9
6764,2021-07,Ontario,"Total, all persons",Fair or poor perceived mental health,Percent,22.4
6765,2021-07,Ontario,"Total, all persons",Fair or poor perceived mental health,Number,2548.0
6766,2021-07,Ontario,"Total, all persons",Fair or poor perceived mental health,Number,2330.0
6767,2021-07,Ontario,"Total, all persons",Fair or poor perceived mental health,Number,2766.0
6768,2021-07,Ontario,Men,Excellent or very good perceived mental health,Percent,52.4
6769,2021-07,Ontario,Men,Excellent or very good perceived mental health,Percent,49.1
6770,2021-07,Ontario,Men,Excellent or very good perceived mental health,Percent,55.7
6771,2021-07,Ontario,Men,Excellent or very good perceived mental health,Number,3187.0
6772,2021-07,Ontario,Men,Excellent or very good perceived mental health,Number,2987.0
6773,2021-07,Ontario,Men,Excellent or very good perceived mental health,Number,3386.0
6774,2021-07,Ontario,Men,Good perceived mental health,Percent,29.6
6775,2021-07,Ontario,Men,Good perceived mental health,Percent,26.7
6776,2021-07,Ontario,Men,Good perceived mental health,Percent,32.7
6777,2021-07,Ontario,Men,Good perceived mental health,Number,1801.0
6778,2021-07,Ontario,Men,Good perceived mental health,Number,1616.0
6779,2021-07,Ontario,Men,Good perceived mental health,Number,1986.0
6780,2021-07,Ontario,Men,Fair or poor perceived mental health,Percent,18.0
6781,2021-07,Ontario,Men,Fair or poor perceived mental health,Percent,15.5
6782,2021-07,Ontario,Men,Fair or poor perceived mental health,Percent,20.7
6783,2021-07,Ontario,Men,Fair or poor perceived mental health,Number,1093.0
6784,2021-07,Ontario,Men,Fair or poor perceived mental health,Number,935.0
6785,2021-07,Ontario,Men,Fair or poor perceived mental health,Number,1251.0
6786,2021-07,Ontario,Women,Excellent or very good perceived mental health,Percent,44.4
6787,2021-07,Ontario,Women,Excellent or very good perceived mental health,Percent,41.3
6788,2021-07,Ontario,Women,Excellent or very good perceived mental health,Percent,47.4
6789,2021-07,Ontario,Women,Excellent or very good perceived mental health,Number,2788.0
6790,2021-07,Ontario,Women,Excellent or very good perceived mental health,Number,2596.0
6791,2021-07,Ontario,Women,Excellent or very good perceived mental health,Number,2979.0
6792,2021-07,Ontario,Women,Good perceived mental health,Percent,32.5
6793,2021-07,Ontario,Women,Good perceived mental health,Percent,29.7
6794,2021-07,Ontario,Women,Good perceived mental health,Percent,35.4
6795,2021-07,Ontario,Women,Good perceived mental health,Number,2043.0
6796,2021-07,Ontario,Women,Good perceived mental health,Number,1865.0
6797,2021-07,Ontario,Women,Good perceived mental health,Number,2220.0
6798,2021-07,Ontario,Women,Fair or poor perceived mental health,Percent,23.1
6799,2021-07,Ontario,Women,Fair or poor perceived mental health,Percent,20.7
6800,2021-07,Ontario,Women,Fair or poor perceived mental health,Percent,25.7
6801,2021-07,Ontario,Women,Fair or poor perceived mental health,Number,1455.0
6802,2021-07,Ontario,Women,Fair or poor perceived mental health,Number,1296.0
6803,2021-07,Ontario,Women,Fair or poor perceived mental health,Number,1613.0
6804,2021-07,Manitoba,"Total, all persons",Excellent or very good perceived mental health,Percent,48.2
6805,2021-07,Manitoba,"Total, all persons",Excellent or very good perceived mental health,Percent,43.0
6806,2021-07,Manitoba,"Total, all persons",Excellent or very good perceived mental health,Percent,53.4
6807,2021-07,Manitoba,"Total, all persons",Excellent or very good perceived mental health,Number,508.0
6808,2021-07,Manitoba,"Total, all persons",Excellent or very good perceived mental health,Number,453.0
6809,2021-07,Manitoba,"Total, all persons",Excellent or very good perceived mental health,Number,563.0
6810,2021-07,Manitoba,"Total, all persons",Good perceived mental health,Percent,35.1
6811,2021-07,Manitoba,"Total, all persons",Good perceived mental health,Percent,30.5
6812,2021-07,Manitoba,"Total, all persons",Good perceived mental health,Percent,39.9
6813,2021-07,Manitoba,"Total, all persons",Good perceived mental health,Number,370.0
6814,2021-07,Manitoba,"Total, all persons",Good perceived mental health,Number,320.0
6815,2021-07,Manitoba,"Total, all persons",Good perceived mental health,Number,420.0
6816,2021-07,Manitoba,"Total, all persons",Fair or poor perceived mental health,Percent,16.8
6817,2021-07,Manitoba,"Total, all persons",Fair or poor perceived mental health,Percent,13.2
6818,2021-07,Manitoba,"Total, all persons",Fair or poor perceived mental health,Percent,21.1
6819,2021-07,Manitoba,"Total, all persons",Fair or poor perceived mental health,Number,177.0
6820,2021-07,Manitoba,"Total, all persons",Fair or poor perceived mental health,Number,135.0
6821,2021-07,Manitoba,"Total, all persons",Fair or poor perceived mental health,Number,219.0
6822,2021-07,Manitoba,Men,Excellent or very good perceived mental health,Percent,53.5
6823,2021-07,Manitoba,Men,Excellent or very good perceived mental health,Percent,45.9
6824,2021-07,Manitoba,Men,Excellent or very good perceived mental health,Percent,60.9
6825,2021-07,Manitoba,Men,Excellent or very good perceived mental health,Number,277.0
6826,2021-07,Manitoba,Men,Excellent or very good perceived mental health,Number,238.0
6827,2021-07,Manitoba,Men,Excellent or very good perceived mental health,Number,317.0
6828,2021-07,Manitoba,Men,Good perceived mental health,Percent,29.6
6829,2021-07,Manitoba,Men,Good perceived mental health,Percent,23.7
6830,2021-07,Manitoba,Men,Good perceived mental health,Percent,36.3
6831,2021-07,Manitoba,Men,Good perceived mental health,Number,154.0
6832,2021-07,Manitoba,Men,Good perceived mental health,Number,120.0
6833,2021-07,Manitoba,Men,Good perceived mental health,Number,187.0
6834,2021-07,Manitoba,Men,Fair or poor perceived mental health,Percent,16.9
6835,2021-07,Manitoba,Men,Fair or poor perceived mental health,Percent,11.6
6836,2021-07,Manitoba,Men,Fair or poor perceived mental health,Percent,24.1
6837,2021-07,Manitoba,Men,Fair or poor perceived mental health,Number,
6838,2021-07,Manitoba,Men,Fair or poor perceived mental health,Number,
6839,2021-07,Manitoba,Men,Fair or poor perceived mental health,Number,
6840,2021-07,Manitoba,Women,Excellent or very good perceived mental health,Percent,43.0
6841,2021-07,Manitoba,Women,Excellent or very good perceived mental health,Percent,36.1
6842,2021-07,Manitoba,Women,Excellent or very good perceived mental health,Percent,50.3
6843,2021-07,Manitoba,Women,Excellent or very good perceived mental health,Number,231.0
6844,2021-07,Manitoba,Women,Excellent or very good perceived mental health,Number,192.0
6845,2021-07,Manitoba,Women,Excellent or very good perceived mental health,Number,269.0
6846,2021-07,Manitoba,Women,Good perceived mental health,Percent,40.4
6847,2021-07,Manitoba,Women,Good perceived mental health,Percent,33.6
6848,2021-07,Manitoba,Women,Good perceived mental health,Percent,47.6
6849,2021-07,Manitoba,Women,Good perceived mental health,Number,217.0
6850,2021-07,Manitoba,Women,Good perceived mental health,Number,178.0
6851,2021-07,Manitoba,Women,Good perceived mental health,Number,255.0
6852,2021-07,Manitoba,Women,Fair or poor perceived mental health,Percent,16.6
6853,2021-07,Manitoba,Women,Fair or poor perceived mental health,Percent,12.1
6854,2021-07,Manitoba,Women,Fair or poor perceived mental health,Percent,22.3
6855,2021-07,Manitoba,Women,Fair or poor perceived mental health,Number,
6856,2021-07,Manitoba,Women,Fair or poor perceived mental health,Number,
6857,2021-07,Manitoba,Women,Fair or poor perceived mental health,Number,
6858,2021-07,Saskatchewan,"Total, all persons",Excellent or very good perceived mental health,Percent,48.6
6859,2021-07,Saskatchewan,"Total, all persons",Excellent or very good perceived mental health,Percent,43.1
6860,2021-07,Saskatchewan,"Total, all persons",Excellent or very good perceived mental health,Percent,54.1
6861,2021-07,Saskatchewan,"Total, all persons",Excellent or very good perceived mental health,Number,433.0
6862,2021-07,Saskatchewan,"Total, all persons",Excellent or very good perceived mental health,Number,384.0
6863,2021-07,Saskatchewan,"Total, all persons",Excellent or very good perceived mental health,Number,482.0
6864,2021-07,Saskatchewan,"Total, all persons",Good perceived mental health,Percent,35.0
6865,2021-07,Saskatchewan,"Total, all persons",Good perceived mental health,Percent,30.0
6866,2021-07,Saskatchewan,"Total, all persons",Good perceived mental health,Percent,40.3
6867,2021-07,Saskatchewan,"Total, all persons",Good perceived mental health,Number,312.0
6868,2021-07,Saskatchewan,"Total, all persons",Good perceived mental health,Number,266.0
6869,2021-07,Saskatchewan,"Total, all persons",Good perceived mental health,Number,357.0
6870,2021-07,Saskatchewan,"Total, all persons",Fair or poor perceived mental health,Percent,16.4
6871,2021-07,Saskatchewan,"Total, all persons",Fair or poor perceived mental health,Percent,13.0
6872,2021-07,Saskatchewan,"Total, all persons",Fair or poor perceived mental health,Percent,20.5
6873,2021-07,Saskatchewan,"Total, all persons",Fair or poor perceived mental health,Number,146.0
6874,2021-07,Saskatchewan,"Total, all persons",Fair or poor perceived mental health,Number,113.0
6875,2021-07,Saskatchewan,"Total, all persons",Fair or poor perceived mental health,Number,180.0
6876,2021-07,Saskatchewan,Men,Excellent or very good perceived mental health,Percent,50.5
6877,2021-07,Saskatchewan,Men,Excellent or very good perceived mental health,Percent,43.2
6878,2021-07,Saskatchewan,Men,Excellent or very good perceived mental health,Percent,57.8
6879,2021-07,Saskatchewan,Men,Excellent or very good perceived mental health,Number,228.0
6880,2021-07,Saskatchewan,Men,Excellent or very good perceived mental health,Number,195.0
6881,2021-07,Saskatchewan,Men,Excellent or very good perceived mental health,Number,260.0
6882,2021-07,Saskatchewan,Men,Good perceived mental health,Percent,35.4
6883,2021-07,Saskatchewan,Men,Good perceived mental health,Percent,28.7
6884,2021-07,Saskatchewan,Men,Good perceived mental health,Percent,42.7
6885,2021-07,Saskatchewan,Men,Good perceived mental health,Number,159.0
6886,2021-07,Saskatchewan,Men,Good perceived mental health,Number,127.0
6887,2021-07,Saskatchewan,Men,Good perceived mental health,Number,192.0
6888,2021-07,Saskatchewan,Men,Fair or poor perceived mental health,Percent,14.1
6889,2021-07,Saskatchewan,Men,Fair or poor perceived mental health,Percent,9.7
6890,2021-07,Saskatchewan,Men,Fair or poor perceived mental health,Percent,19.9
6891,2021-07,Saskatchewan,Men,Fair or poor perceived mental health,Number,
6892,2021-07,Saskatchewan,Men,Fair or poor perceived mental health,Number,
6893,2021-07,Saskatchewan,Men,Fair or poor perceived mental health,Number,
6894,2021-07,Saskatchewan,Women,Excellent or very good perceived mental health,Percent,46.6
6895,2021-07,Saskatchewan,Women,Excellent or very good perceived mental health,Percent,38.6
6896,2021-07,Saskatchewan,Women,Excellent or very good perceived mental health,Percent,54.8
6897,2021-07,Saskatchewan,Women,Excellent or very good perceived mental health,Number,205.0
6898,2021-07,Saskatchewan,Women,Excellent or very good perceived mental health,Number,169.0
6899,2021-07,Saskatchewan,Women,Excellent or very good perceived mental health,Number,242.0
6900,2021-07,Saskatchewan,Women,Good perceived mental health,Percent,34.6
6901,2021-07,Saskatchewan,Women,Good perceived mental health,Percent,27.4
6902,2021-07,Saskatchewan,Women,Good perceived mental health,Percent,42.5
6903,2021-07,Saskatchewan,Women,Good perceived mental health,Number,152.0
6904,2021-07,Saskatchewan,Women,Good perceived mental health,Number,119.0
6905,2021-07,Saskatchewan,Women,Good perceived mental health,Number,186.0
6906,2021-07,Saskatchewan,Women,Fair or poor perceived mental health,Percent,18.9
6907,2021-07,Saskatchewan,Women,Fair or poor perceived mental health,Percent,13.7
6908,2021-07,Saskatchewan,Women,Fair or poor perceived mental health,Percent,25.4
6909,2021-07,Saskatchewan,Women,Fair or poor perceived mental health,Number,
6910,2021-07,Saskatchewan,Women,Fair or poor perceived mental health,Number,
6911,2021-07,Saskatchewan,Women,Fair or poor perceived mental health,Number,
6912,2021-07,Alberta,"Total, all persons",Excellent or very good perceived mental health,Percent,49.0
6913,2021-07,Alberta,"Total, all persons",Excellent or very good perceived mental health,Percent,45.0
6914,2021-07,Alberta,"Total, all persons",Excellent or very good perceived mental health,Percent,53.1
6915,2021-07,Alberta,"Total, all persons",Excellent or very good perceived mental health,Number,1741.0
6916,2021-07,Alberta,"Total, all persons",Excellent or very good perceived mental health,Number,1596.0
6917,2021-07,Alberta,"Total, all persons",Excellent or very good perceived mental health,Number,1886.0
6918,2021-07,Alberta,"Total, all persons",Good perceived mental health,Percent,33.6
6919,2021-07,Alberta,"Total, all persons",Good perceived mental health,Percent,29.6
6920,2021-07,Alberta,"Total, all persons",Good perceived mental health,Percent,37.9
6921,2021-07,Alberta,"Total, all persons",Good perceived mental health,Number,1193.0
6922,2021-07,Alberta,"Total, all persons",Good perceived mental health,Number,1045.0
6923,2021-07,Alberta,"Total, all persons",Good perceived mental health,Number,1341.0
6924,2021-07,Alberta,"Total, all persons",Fair or poor perceived mental health,Percent,17.4
6925,2021-07,Alberta,"Total, all persons",Fair or poor perceived mental health,Percent,14.4
6926,2021-07,Alberta,"Total, all persons",Fair or poor perceived mental health,Percent,20.8
6927,2021-07,Alberta,"Total, all persons",Fair or poor perceived mental health,Number,618.0
6928,2021-07,Alberta,"Total, all persons",Fair or poor perceived mental health,Number,505.0
6929,2021-07,Alberta,"Total, all persons",Fair or poor perceived mental health,Number,731.0
6930,2021-07,Alberta,Men,Excellent or very good perceived mental health,Percent,51.8
6931,2021-07,Alberta,Men,Excellent or very good perceived mental health,Percent,46.0
6932,2021-07,Alberta,Men,Excellent or very good perceived mental health,Percent,57.6
6933,2021-07,Alberta,Men,Excellent or very good perceived mental health,Number,923.0
6934,2021-07,Alberta,Men,Excellent or very good perceived mental health,Number,820.0
6935,2021-07,Alberta,Men,Excellent or very good perceived mental health,Number,1026.0
6936,2021-07,Alberta,Men,Good perceived mental health,Percent,31.4
6937,2021-07,Alberta,Men,Good perceived mental health,Percent,25.9
6938,2021-07,Alberta,Men,Good perceived mental health,Percent,37.5
6939,2021-07,Alberta,Men,Good perceived mental health,Number,560.0
6940,2021-07,Alberta,Men,Good perceived mental health,Number,457.0
6941,2021-07,Alberta,Men,Good perceived mental health,Number,662.0
6942,2021-07,Alberta,Men,Fair or poor perceived mental health,Percent,16.7
6943,2021-07,Alberta,Men,Fair or poor perceived mental health,Percent,12.4
6944,2021-07,Alberta,Men,Fair or poor perceived mental health,Percent,22.2
6945,2021-07,Alberta,Men,Fair or poor perceived mental health,Number,298.0
6946,2021-07,Alberta,Men,Fair or poor perceived mental health,Number,210.0
6947,2021-07,Alberta,Men,Fair or poor perceived mental health,Number,387.0
6948,2021-07,Alberta,Women,Excellent or very good perceived mental health,Percent,46.2
6949,2021-07,Alberta,Women,Excellent or very good perceived mental health,Percent,40.5
6950,2021-07,Alberta,Women,Excellent or very good perceived mental health,Percent,52.0
6951,2021-07,Alberta,Women,Excellent or very good perceived mental health,Number,819.0
6952,2021-07,Alberta,Women,Excellent or very good perceived mental health,Number,718.0
6953,2021-07,Alberta,Women,Excellent or very good perceived mental health,Number,920.0
6954,2021-07,Alberta,Women,Good perceived mental health,Percent,35.7
6955,2021-07,Alberta,Women,Good perceived mental health,Percent,30.2
6956,2021-07,Alberta,Women,Good perceived mental health,Percent,41.7
6957,2021-07,Alberta,Women,Good perceived mental health,Number,634.0
6958,2021-07,Alberta,Women,Good perceived mental health,Number,529.0
6959,2021-07,Alberta,Women,Good perceived mental health,Number,738.0
6960,2021-07,Alberta,Women,Fair or poor perceived mental health,Percent,18.1
6961,2021-07,Alberta,Women,Fair or poor perceived mental health,Percent,14.2
6962,2021-07,Alberta,Women,Fair or poor perceived mental health,Percent,22.7
6963,2021-07,Alberta,Women,Fair or poor perceived mental health,Number,320.0
6964,2021-07,Alberta,Women,Fair or poor perceived mental health,Number,243.0
6965,2021-07,Alberta,Women,Fair or poor perceived mental health,Number,397.0
6966,2021-07,British Columbia,"Total, all persons",Excellent or very good perceived mental health,Percent,49.7
6967,2021-07,British Columbia,"Total, all persons",Excellent or very good perceived mental health,Percent,46.0
6968,2021-07,British Columbia,"Total, all persons",Excellent or very good perceived mental health,Percent,53.3
6969,2021-07,British Columbia,"Total, all persons",Excellent or very good perceived mental health,Number,2166.0
6970,2021-07,British Columbia,"Total, all persons",Excellent or very good perceived mental health,Number,2007.0
6971,2021-07,British Columbia,"Total, all persons",Excellent or very good perceived mental health,Number,2325.0
6972,2021-07,British Columbia,"Total, all persons",Good perceived mental health,Percent,32.4
6973,2021-07,British Columbia,"Total, all persons",Good perceived mental health,Percent,29.1
6974,2021-07,British Columbia,"Total, all persons",Good perceived mental health,Percent,35.9
6975,2021-07,British Columbia,"Total, all persons",Good perceived mental health,Number,1414.0
6976,2021-07,British Columbia,"Total, all persons",Good perceived mental health,Number,1266.0
6977,2021-07,British Columbia,"Total, all persons",Good perceived mental health,Number,1562.0
6978,2021-07,British Columbia,"Total, all persons",Fair or poor perceived mental health,Percent,17.9
6979,2021-07,British Columbia,"Total, all persons",Fair or poor perceived mental health,Percent,15.2
6980,2021-07,British Columbia,"Total, all persons",Fair or poor perceived mental health,Percent,20.9
6981,2021-07,British Columbia,"Total, all persons",Fair or poor perceived mental health,Number,781.0
6982,2021-07,British Columbia,"Total, all persons",Fair or poor perceived mental health,Number,656.0
6983,2021-07,British Columbia,"Total, all persons",Fair or poor perceived mental health,Number,905.0
6984,2021-07,British Columbia,Men,Excellent or very good perceived mental health,Percent,54.3
6985,2021-07,British Columbia,Men,Excellent or very good perceived mental health,Percent,49.3
6986,2021-07,British Columbia,Men,Excellent or very good perceived mental health,Percent,59.3
6987,2021-07,British Columbia,Men,Excellent or very good perceived mental health,Number,1160.0
6988,2021-07,British Columbia,Men,Excellent or very good perceived mental health,Number,1052.0
6989,2021-07,British Columbia,Men,Excellent or very good perceived mental health,Number,1268.0
6990,2021-07,British Columbia,Men,Good perceived mental health,Percent,29.3
6991,2021-07,British Columbia,Men,Good perceived mental health,Percent,25.0
6992,2021-07,British Columbia,Men,Good perceived mental health,Percent,34.2
6993,2021-07,British Columbia,Men,Good perceived mental health,Number,626.0
6994,2021-07,British Columbia,Men,Good perceived mental health,Number,528.0
6995,2021-07,British Columbia,Men,Good perceived mental health,Number,725.0
6996,2021-07,British Columbia,Men,Fair or poor perceived mental health,Percent,16.3
6997,2021-07,British Columbia,Men,Fair or poor perceived mental health,Percent,12.9
6998,2021-07,British Columbia,Men,Fair or poor perceived mental health,Percent,20.4
6999,2021-07,British Columbia,Men,Fair or poor perceived mental health,Number,348.0
7000,2021-07,British Columbia,Men,Fair or poor perceived mental health,Number,268.0
7001,2021-07,British Columbia,Men,Fair or poor perceived mental health,Number,429.0
7002,2021-07,British Columbia,Women,Excellent or very good perceived mental health,Percent,45.2
7003,2021-07,British Columbia,Women,Excellent or very good perceived mental health,Percent,40.2
7004,2021-07,British Columbia,Women,Excellent or very good perceived mental health,Percent,50.2
7005,2021-07,British Columbia,Women,Excellent or very good perceived mental health,Number,1006.0
7006,2021-07,British Columbia,Women,Excellent or very good perceived mental health,Number,895.0
7007,2021-07,British Columbia,Women,Excellent or very good perceived mental health,Number,1118.0
7008,2021-07,British Columbia,Women,Good perceived mental health,Percent,35.4
7009,2021-07,British Columbia,Women,Good perceived mental health,Percent,30.6
7010,2021-07,British Columbia,Women,Good perceived mental health,Percent,40.4
7011,2021-07,British Columbia,Women,Good perceived mental health,Number,787.0
7012,2021-07,British Columbia,Women,Good perceived mental health,Number,678.0
7013,2021-07,British Columbia,Women,Good perceived mental health,Number,896.0
7014,2021-07,British Columbia,Women,Fair or poor perceived mental health,Percent,19.4
7015,2021-07,British Columbia,Women,Fair or poor perceived mental health,Percent,15.5
7016,2021-07,British Columbia,Women,Fair or poor perceived mental health,Percent,24.0
7017,2021-07,British Columbia,Women,Fair or poor perceived mental health,Number,433.0
7018,2021-07,British Columbia,Women,Fair or poor perceived mental health,Number,338.0
7019,2021-07,British Columbia,Women,Fair or poor perceived mental health,Number,528.0
7020,2021-10,Newfoundland and Labrador,"Total, all persons",Excellent or very good perceived mental health,Percent,52.5
7021,2021-10,Newfoundland and Labrador,"Total, all persons",Excellent or very good perceived mental health,Percent,47.1
7022,2021-10,Newfoundland and Labrador,"Total, all persons",Excellent or very good perceived mental health,Percent,57.9
7023,2021-10,Newfoundland and Labrador,"Total, all persons",Excellent or very good perceived mental health,Number,234.0
7024,2021-10,Newfoundland and Labrador,"Total, all persons",Excellent or very good perceived mental health,Number,210.0
7025,2021-10,Newfoundland and Labrador,"Total, all persons",Excellent or very good perceived mental health,Number,258.0
7026,2021-10,Newfoundland and Labrador,"Total, all persons",Good perceived mental health,Percent,29.4
7027,2021-10,Newfoundland and Labrador,"Total, all persons",Good perceived mental health,Percent,24.4
7028,2021-10,Newfoundland and Labrador,"Total, all persons",Good perceived mental health,Percent,35.0
7029,2021-10,Newfoundland and Labrador,"Total, all persons",Good perceived mental health,Number,131.0
7030,2021-10,Newfoundland and Labrador,"Total, all persons",Good perceived mental health,Number,107.0
7031,2021-10,Newfoundland and Labrador,"Total, all persons",Good perceived mental health,Number,155.0
7032,2021-10,Newfoundland and Labrador,"Total, all persons",Fair or poor perceived mental health,Percent,18.1
7033,2021-10,Newfoundland and Labrador,"Total, all persons",Fair or poor perceived mental health,Percent,14.4
7034,2021-10,Newfoundland and Labrador,"Total, all persons",Fair or poor perceived mental health,Percent,22.5
7035,2021-10,Newfoundland and Labrador,"Total, all persons",Fair or poor perceived mental health,Number,81.0
7036,2021-10,Newfoundland and Labrador,"Total, all persons",Fair or poor perceived mental health,Number,63.0
7037,2021-10,Newfoundland and Labrador,"Total, all persons",Fair or poor perceived mental health,Number,99.0
7038,2021-10,Newfoundland and Labrador,Men,Excellent or very good perceived mental health,Percent,52.0
7039,2021-10,Newfoundland and Labrador,Men,Excellent or very good perceived mental health,Percent,44.1
7040,2021-10,Newfoundland and Labrador,Men,Excellent or very good perceived mental health,Percent,59.8
7041,2021-10,Newfoundland and Labrador,Men,Excellent or very good perceived mental health,Number,115.0
7042,2021-10,Newfoundland and Labrador,Men,Excellent or very good perceived mental health,Number,98.0
7043,2021-10,Newfoundland and Labrador,Men,Excellent or very good perceived mental health,Number,133.0
7044,2021-10,Newfoundland and Labrador,Men,Good perceived mental health,Percent,27.9
7045,2021-10,Newfoundland and Labrador,Men,Good perceived mental health,Percent,20.7
7046,2021-10,Newfoundland and Labrador,Men,Good perceived mental health,Percent,36.6
7047,2021-10,Newfoundland and Labrador,Men,Good perceived mental health,Number,
7048,2021-10,Newfoundland and Labrador,Men,Good perceived mental health,Number,
7049,2021-10,Newfoundland and Labrador,Men,Good perceived mental health,Number,
7050,2021-10,Newfoundland and Labrador,Men,Fair or poor perceived mental health,Percent,20.1
7051,2021-10,Newfoundland and Labrador,Men,Fair or poor perceived mental health,Percent,14.5
7052,2021-10,Newfoundland and Labrador,Men,Fair or poor perceived mental health,Percent,27.2
7053,2021-10,Newfoundland and Labrador,Men,Fair or poor perceived mental health,Number,
7054,2021-10,Newfoundland and Labrador,Men,Fair or poor perceived mental health,Number,
7055,2021-10,Newfoundland and Labrador,Men,Fair or poor perceived mental health,Number,
7056,2021-10,Newfoundland and Labrador,Women,Excellent or very good perceived mental health,Percent,53.0
7057,2021-10,Newfoundland and Labrador,Women,Excellent or very good perceived mental health,Percent,45.5
7058,2021-10,Newfoundland and Labrador,Women,Excellent or very good perceived mental health,Percent,60.4
7059,2021-10,Newfoundland and Labrador,Women,Excellent or very good perceived mental health,Number,119.0
7060,2021-10,Newfoundland and Labrador,Women,Excellent or very good perceived mental health,Number,102.0
7061,2021-10,Newfoundland and Labrador,Women,Excellent or very good perceived mental health,Number,136.0
7062,2021-10,Newfoundland and Labrador,Women,Good perceived mental health,Percent,30.9
7063,2021-10,Newfoundland and Labrador,Women,Good perceived mental health,Percent,24.3
7064,2021-10,Newfoundland and Labrador,Women,Good perceived mental health,Percent,38.3
7065,2021-10,Newfoundland and Labrador,Women,Good perceived mental health,Number,69.0
7066,2021-10,Newfoundland and Labrador,Women,Good perceived mental health,Number,53.0
7067,2021-10,Newfoundland and Labrador,Women,Good perceived mental health,Number,85.0
7068,2021-10,Newfoundland and Labrador,Women,Fair or poor perceived mental health,Percent,16.1
7069,2021-10,Newfoundland and Labrador,Women,Fair or poor perceived mental health,Percent,11.8
7070,2021-10,Newfoundland and Labrador,Women,Fair or poor perceived mental health,Percent,21.7
7071,2021-10,Newfoundland and Labrador,Women,Fair or poor perceived mental health,Number,
7072,2021-10,Newfoundland and Labrador,Women,Fair or poor perceived mental health,Number,
7073,2021-10,Newfoundland and Labrador,Women,Fair or poor perceived mental health,Number,
7074,2021-10,Prince Edward Island,"Total, all persons",Excellent or very good perceived mental health,Percent,52.2
7075,2021-10,Prince Edward Island,"Total, all persons",Excellent or very good perceived mental health,Percent,46.9
7076,2021-10,Prince Edward Island,"Total, all persons",Excellent or very good perceived mental health,Percent,57.6
7077,2021-10,Prince Edward Island,"Total, all persons",Excellent or very good perceived mental health,Number,70.0
7078,2021-10,Prince Edward Island,"Total, all persons",Excellent or very good perceived mental health,Number,63.0
7079,2021-10,Prince Edward Island,"Total, all persons",Excellent or very good perceived mental health,Number,78.0
7080,2021-10,Prince Edward Island,"Total, all persons",Good perceived mental health,Percent,29.7
7081,2021-10,Prince Edward Island,"Total, all persons",Good perceived mental health,Percent,25.3
7082,2021-10,Prince Edward Island,"Total, all persons",Good perceived mental health,Percent,34.6
7083,2021-10,Prince Edward Island,"Total, all persons",Good perceived mental health,Number,40.0
7084,2021-10,Prince Edward Island,"Total, all persons",Good perceived mental health,Number,34.0
7085,2021-10,Prince Edward Island,"Total, all persons",Good perceived mental health,Number,46.0
7086,2021-10,Prince Edward Island,"Total, all persons",Fair or poor perceived mental health,Percent,18.1
7087,2021-10,Prince Edward Island,"Total, all persons",Fair or poor perceived mental health,Percent,14.2
7088,2021-10,Prince Edward Island,"Total, all persons",Fair or poor perceived mental health,Percent,22.7
7089,2021-10,Prince Edward Island,"Total, all persons",Fair or poor perceived mental health,Number,24.0
7090,2021-10,Prince Edward Island,"Total, all persons",Fair or poor perceived mental health,Number,19.0
7091,2021-10,Prince Edward Island,"Total, all persons",Fair or poor perceived mental health,Number,30.0
7092,2021-10,Prince Edward Island,Men,Excellent or very good perceived mental health,Percent,59.5
7093,2021-10,Prince Edward Island,Men,Excellent or very good perceived mental health,Percent,51.1
7094,2021-10,Prince Edward Island,Men,Excellent or very good perceived mental health,Percent,67.3
7095,2021-10,Prince Edward Island,Men,Excellent or very good perceived mental health,Number,38.0
7096,2021-10,Prince Edward Island,Men,Excellent or very good perceived mental health,Number,32.0
7097,2021-10,Prince Edward Island,Men,Excellent or very good perceived mental health,Number,44.0
7098,2021-10,Prince Edward Island,Men,Good perceived mental health,Percent,25.6
7099,2021-10,Prince Edward Island,Men,Good perceived mental health,Percent,19.5
7100,2021-10,Prince Edward Island,Men,Good perceived mental health,Percent,32.9
7101,2021-10,Prince Edward Island,Men,Good perceived mental health,Number,16.0
7102,2021-10,Prince Edward Island,Men,Good perceived mental health,Number,12.0
7103,2021-10,Prince Edward Island,Men,Good perceived mental health,Number,21.0
7104,2021-10,Prince Edward Island,Men,Fair or poor perceived mental health,Percent,14.9
7105,2021-10,Prince Edward Island,Men,Fair or poor perceived mental health,Percent,9.8
7106,2021-10,Prince Edward Island,Men,Fair or poor perceived mental health,Percent,22.1
7107,2021-10,Prince Edward Island,Men,Fair or poor perceived mental health,Number,
7108,2021-10,Prince Edward Island,Men,Fair or poor perceived mental health,Number,
7109,2021-10,Prince Edward Island,Men,Fair or poor perceived mental health,Number,
7110,2021-10,Prince Edward Island,Women,Excellent or very good perceived mental health,Percent,45.7
7111,2021-10,Prince Edward Island,Women,Excellent or very good perceived mental health,Percent,39.1
7112,2021-10,Prince Edward Island,Women,Excellent or very good perceived mental health,Percent,52.4
7113,2021-10,Prince Edward Island,Women,Excellent or very good perceived mental health,Number,32.0
7114,2021-10,Prince Edward Island,Women,Excellent or very good perceived mental health,Number,28.0
7115,2021-10,Prince Edward Island,Women,Excellent or very good perceived mental health,Number,37.0
7116,2021-10,Prince Edward Island,Women,Good perceived mental health,Percent,33.4
7117,2021-10,Prince Edward Island,Women,Good perceived mental health,Percent,27.3
7118,2021-10,Prince Edward Island,Women,Good perceived mental health,Percent,40.2
7119,2021-10,Prince Edward Island,Women,Good perceived mental health,Number,24.0
7120,2021-10,Prince Edward Island,Women,Good perceived mental health,Number,19.0
7121,2021-10,Prince Edward Island,Women,Good perceived mental health,Number,28.0
7122,2021-10,Prince Edward Island,Women,Fair or poor perceived mental health,Percent,20.9
7123,2021-10,Prince Edward Island,Women,Fair or poor perceived mental health,Percent,15.6
7124,2021-10,Prince Edward Island,Women,Fair or poor perceived mental health,Percent,27.4
7125,2021-10,Prince Edward Island,Women,Fair or poor perceived mental health,Number,15.0
7126,2021-10,Prince Edward Island,Women,Fair or poor perceived mental health,Number,10.0
7127,2021-10,Prince Edward Island,Women,Fair or poor perceived mental health,Number,19.0
7128,2021-10,Nova Scotia,"Total, all persons",Excellent or very good perceived mental health,Percent,37.6
7129,2021-10,Nova Scotia,"Total, all persons",Excellent or very good perceived mental health,Percent,33.0
7130,2021-10,Nova Scotia,"Total, all persons",Excellent or very good perceived mental health,Percent,42.4
7131,2021-10,Nova Scotia,"Total, all persons",Excellent or very good perceived mental health,Number,313.0
7132,2021-10,Nova Scotia,"Total, all persons",Excellent or very good perceived mental health,Number,275.0
7133,2021-10,Nova Scotia,"Total, all persons",Excellent or very good perceived mental health,Number,352.0
7134,2021-10,Nova Scotia,"Total, all persons",Good perceived mental health,Percent,36.7
7135,2021-10,Nova Scotia,"Total, all persons",Good perceived mental health,Percent,32.2
7136,2021-10,Nova Scotia,"Total, all persons",Good perceived mental health,Percent,41.5
7137,2021-10,Nova Scotia,"Total, all persons",Good perceived mental health,Number,306.0
7138,2021-10,Nova Scotia,"Total, all persons",Good perceived mental health,Number,267.0
7139,2021-10,Nova Scotia,"Total, all persons",Good perceived mental health,Number,345.0
7140,2021-10,Nova Scotia,"Total, all persons",Fair or poor perceived mental health,Percent,25.7
7141,2021-10,Nova Scotia,"Total, all persons",Fair or poor perceived mental health,Percent,21.7
7142,2021-10,Nova Scotia,"Total, all persons",Fair or poor perceived mental health,Percent,30.2
7143,2021-10,Nova Scotia,"Total, all persons",Fair or poor perceived mental health,Number,214.0
7144,2021-10,Nova Scotia,"Total, all persons",Fair or poor perceived mental health,Number,179.0
7145,2021-10,Nova Scotia,"Total, all persons",Fair or poor perceived mental health,Number,250.0
7146,2021-10,Nova Scotia,Men,Excellent or very good perceived mental health,Percent,42.4
7147,2021-10,Nova Scotia,Men,Excellent or very good perceived mental health,Percent,35.3
7148,2021-10,Nova Scotia,Men,Excellent or very good perceived mental health,Percent,49.9
7149,2021-10,Nova Scotia,Men,Excellent or very good perceived mental health,Number,174.0
7150,2021-10,Nova Scotia,Men,Excellent or very good perceived mental health,Number,145.0
7151,2021-10,Nova Scotia,Men,Excellent or very good perceived mental health,Number,204.0
7152,2021-10,Nova Scotia,Men,Good perceived mental health,Percent,36.5
7153,2021-10,Nova Scotia,Men,Good perceived mental health,Percent,29.7
7154,2021-10,Nova Scotia,Men,Good perceived mental health,Percent,43.9
7155,2021-10,Nova Scotia,Men,Good perceived mental health,Number,150.0
7156,2021-10,Nova Scotia,Men,Good perceived mental health,Number,120.0
7157,2021-10,Nova Scotia,Men,Good perceived mental health,Number,180.0
7158,2021-10,Nova Scotia,Men,Fair or poor perceived mental health,Percent,21.1
7159,2021-10,Nova Scotia,Men,Fair or poor perceived mental health,Percent,15.5
7160,2021-10,Nova Scotia,Men,Fair or poor perceived mental health,Percent,28.0
7161,2021-10,Nova Scotia,Men,Fair or poor perceived mental health,Number,
7162,2021-10,Nova Scotia,Men,Fair or poor perceived mental health,Number,
7163,2021-10,Nova Scotia,Men,Fair or poor perceived mental health,Number,
7164,2021-10,Nova Scotia,Women,Excellent or very good perceived mental health,Percent,32.9
7165,2021-10,Nova Scotia,Women,Excellent or very good perceived mental health,Percent,27.4
7166,2021-10,Nova Scotia,Women,Excellent or very good perceived mental health,Percent,38.8
7167,2021-10,Nova Scotia,Women,Excellent or very good perceived mental health,Number,139.0
7168,2021-10,Nova Scotia,Women,Excellent or very good perceived mental health,Number,115.0
7169,2021-10,Nova Scotia,Women,Excellent or very good perceived mental health,Number,163.0
7170,2021-10,Nova Scotia,Women,Good perceived mental health,Percent,36.9
7171,2021-10,Nova Scotia,Women,Good perceived mental health,Percent,31.0
7172,2021-10,Nova Scotia,Women,Good perceived mental health,Percent,43.1
7173,2021-10,Nova Scotia,Women,Good perceived mental health,Number,156.0
7174,2021-10,Nova Scotia,Women,Good perceived mental health,Number,130.0
7175,2021-10,Nova Scotia,Women,Good perceived mental health,Number,182.0
7176,2021-10,Nova Scotia,Women,Fair or poor perceived mental health,Percent,30.2
7177,2021-10,Nova Scotia,Women,Fair or poor perceived mental health,Percent,24.7
7178,2021-10,Nova Scotia,Women,Fair or poor perceived mental health,Percent,36.4
7179,2021-10,Nova Scotia,Women,Fair or poor perceived mental health,Number,128.0
7180,2021-10,Nova Scotia,Women,Fair or poor perceived mental health,Number,103.0
7181,2021-10,Nova Scotia,Women,Fair or poor perceived mental health,Number,153.0
7182,2021-10,New Brunswick,"Total, all persons",Excellent or very good perceived mental health,Percent,44.8
7183,2021-10,New Brunswick,"Total, all persons",Excellent or very good perceived mental health,Percent,40.1
7184,2021-10,New Brunswick,"Total, all persons",Excellent or very good perceived mental health,Percent,49.6
7185,2021-10,New Brunswick,"Total, all persons",Excellent or very good perceived mental health,Number,295.0
7186,2021-10,New Brunswick,"Total, all persons",Excellent or very good perceived mental health,Number,264.0
7187,2021-10,New Brunswick,"Total, all persons",Excellent or very good perceived mental health,Number,326.0
7188,2021-10,New Brunswick,"Total, all persons",Good perceived mental health,Percent,35.5
7189,2021-10,New Brunswick,"Total, all persons",Good perceived mental health,Percent,30.9
7190,2021-10,New Brunswick,"Total, all persons",Good perceived mental health,Percent,40.3
7191,2021-10,New Brunswick,"Total, all persons",Good perceived mental health,Number,233.0
7192,2021-10,New Brunswick,"Total, all persons",Good perceived mental health,Number,202.0
7193,2021-10,New Brunswick,"Total, all persons",Good perceived mental health,Number,265.0
7194,2021-10,New Brunswick,"Total, all persons",Fair or poor perceived mental health,Percent,19.7
7195,2021-10,New Brunswick,"Total, all persons",Fair or poor perceived mental health,Percent,16.1
7196,2021-10,New Brunswick,"Total, all persons",Fair or poor perceived mental health,Percent,24.0
7197,2021-10,New Brunswick,"Total, all persons",Fair or poor perceived mental health,Number,130.0
7198,2021-10,New Brunswick,"Total, all persons",Fair or poor perceived mental health,Number,104.0
7199,2021-10,New Brunswick,"Total, all persons",Fair or poor perceived mental health,Number,156.0
7200,2021-10,New Brunswick,Men,Excellent or very good perceived mental health,Percent,47.3
7201,2021-10,New Brunswick,Men,Excellent or very good perceived mental health,Percent,40.4
7202,2021-10,New Brunswick,Men,Excellent or very good perceived mental health,Percent,54.3
7203,2021-10,New Brunswick,Men,Excellent or very good perceived mental health,Number,154.0
7204,2021-10,New Brunswick,Men,Excellent or very good perceived mental health,Number,131.0
7205,2021-10,New Brunswick,Men,Excellent or very good perceived mental health,Number,176.0
7206,2021-10,New Brunswick,Men,Good perceived mental health,Percent,32.7
7207,2021-10,New Brunswick,Men,Good perceived mental health,Percent,26.3
7208,2021-10,New Brunswick,Men,Good perceived mental health,Percent,39.8
7209,2021-10,New Brunswick,Men,Good perceived mental health,Number,106.0
7210,2021-10,New Brunswick,Men,Good perceived mental health,Number,84.0
7211,2021-10,New Brunswick,Men,Good perceived mental health,Number,128.0
7212,2021-10,New Brunswick,Men,Fair or poor perceived mental health,Percent,20.0
7213,2021-10,New Brunswick,Men,Fair or poor perceived mental health,Percent,14.7
7214,2021-10,New Brunswick,Men,Fair or poor perceived mental health,Percent,26.6
7215,2021-10,New Brunswick,Men,Fair or poor perceived mental health,Number,
7216,2021-10,New Brunswick,Men,Fair or poor perceived mental health,Number,
7217,2021-10,New Brunswick,Men,Fair or poor perceived mental health,Number,
7218,2021-10,New Brunswick,Women,Excellent or very good perceived mental health,Percent,42.4
7219,2021-10,New Brunswick,Women,Excellent or very good perceived mental health,Percent,36.3
7220,2021-10,New Brunswick,Women,Excellent or very good perceived mental health,Percent,48.8
7221,2021-10,New Brunswick,Women,Excellent or very good perceived mental health,Number,142.0
7222,2021-10,New Brunswick,Women,Excellent or very good perceived mental health,Number,121.0
7223,2021-10,New Brunswick,Women,Excellent or very good perceived mental health,Number,162.0
7224,2021-10,New Brunswick,Women,Good perceived mental health,Percent,38.1
7225,2021-10,New Brunswick,Women,Good perceived mental health,Percent,31.8
7226,2021-10,New Brunswick,Women,Good perceived mental health,Percent,45.0
7227,2021-10,New Brunswick,Women,Good perceived mental health,Number,127.0
7228,2021-10,New Brunswick,Women,Good perceived mental health,Number,105.0
7229,2021-10,New Brunswick,Women,Good perceived mental health,Number,149.0
7230,2021-10,New Brunswick,Women,Fair or poor perceived mental health,Percent,19.5
7231,2021-10,New Brunswick,Women,Fair or poor perceived mental health,Percent,14.9
7232,2021-10,New Brunswick,Women,Fair or poor perceived mental health,Percent,25.0
7233,2021-10,New Brunswick,Women,Fair or poor perceived mental health,Number,65.0
7234,2021-10,New Brunswick,Women,Fair or poor perceived mental health,Number,48.0
7235,2021-10,New Brunswick,Women,Fair or poor perceived mental health,Number,82.0
7236,2021-10,Quebec,"Total, all persons",Excellent or very good perceived mental health,Percent,58.9
7237,2021-10,Quebec,"Total, all persons",Excellent or very good perceived mental health,Percent,56.2
7238,2021-10,Quebec,"Total, all persons",Excellent or very good perceived mental health,Percent,61.5
7239,2021-10,Quebec,"Total, all persons",Excellent or very good perceived mental health,Number,4195.0
7240,2021-10,Quebec,"Total, all persons",Excellent or very good perceived mental health,Number,4004.0
7241,2021-10,Quebec,"Total, all persons",Excellent or very good perceived mental health,Number,4386.0
7242,2021-10,Quebec,"Total, all persons",Good perceived mental health,Percent,30.0
7243,2021-10,Quebec,"Total, all persons",Good perceived mental health,Percent,27.6
7244,2021-10,Quebec,"Total, all persons",Good perceived mental health,Percent,32.6
7245,2021-10,Quebec,"Total, all persons",Good perceived mental health,Number,2140.0
7246,2021-10,Quebec,"Total, all persons",Good perceived mental health,Number,1964.0
7247,2021-10,Quebec,"Total, all persons",Good perceived mental health,Number,2316.0
7248,2021-10,Quebec,"Total, all persons",Fair or poor perceived mental health,Percent,11.1
7249,2021-10,Quebec,"Total, all persons",Fair or poor perceived mental health,Percent,9.5
7250,2021-10,Quebec,"Total, all persons",Fair or poor perceived mental health,Percent,13.0
7251,2021-10,Quebec,"Total, all persons",Fair or poor perceived mental health,Number,792.0
7252,2021-10,Quebec,"Total, all persons",Fair or poor perceived mental health,Number,669.0
7253,2021-10,Quebec,"Total, all persons",Fair or poor perceived mental health,Number,915.0
7254,2021-10,Quebec,Men,Excellent or very good perceived mental health,Percent,61.8
7255,2021-10,Quebec,Men,Excellent or very good perceived mental health,Percent,57.9
7256,2021-10,Quebec,Men,Excellent or very good perceived mental health,Percent,65.7
7257,2021-10,Quebec,Men,Excellent or very good perceived mental health,Number,2219.0
7258,2021-10,Quebec,Men,Excellent or very good perceived mental health,Number,2081.0
7259,2021-10,Quebec,Men,Excellent or very good perceived mental health,Number,2357.0
7260,2021-10,Quebec,Men,Good perceived mental health,Percent,28.7
7261,2021-10,Quebec,Men,Good perceived mental health,Percent,25.2
7262,2021-10,Quebec,Men,Good perceived mental health,Percent,32.4
7263,2021-10,Quebec,Men,Good perceived mental health,Number,1028.0
7264,2021-10,Quebec,Men,Good perceived mental health,Number,897.0
7265,2021-10,Quebec,Men,Good perceived mental health,Number,1160.0
7266,2021-10,Quebec,Men,Fair or poor perceived mental health,Percent,9.5
7267,2021-10,Quebec,Men,Fair or poor perceived mental health,Percent,7.5
7268,2021-10,Quebec,Men,Fair or poor perceived mental health,Percent,12.0
7269,2021-10,Quebec,Men,Fair or poor perceived mental health,Number,341.0
7270,2021-10,Quebec,Men,Fair or poor perceived mental health,Number,260.0
7271,2021-10,Quebec,Men,Fair or poor perceived mental health,Number,423.0
7272,2021-10,Quebec,Women,Excellent or very good perceived mental health,Percent,55.8
7273,2021-10,Quebec,Women,Excellent or very good perceived mental health,Percent,52.2
7274,2021-10,Quebec,Women,Excellent or very good perceived mental health,Percent,59.5
7275,2021-10,Quebec,Women,Excellent or very good perceived mental health,Number,1976.0
7276,2021-10,Quebec,Women,Excellent or very good perceived mental health,Number,1844.0
7277,2021-10,Quebec,Women,Excellent or very good perceived mental health,Number,2107.0
7278,2021-10,Quebec,Women,Good perceived mental health,Percent,31.4
7279,2021-10,Quebec,Women,Good perceived mental health,Percent,28.2
7280,2021-10,Quebec,Women,Good perceived mental health,Percent,34.8
7281,2021-10,Quebec,Women,Good perceived mental health,Number,1112.0
7282,2021-10,Quebec,Women,Good perceived mental health,Number,995.0
7283,2021-10,Quebec,Women,Good perceived mental health,Number,1228.0
7284,2021-10,Quebec,Women,Fair or poor perceived mental health,Percent,12.7
7285,2021-10,Quebec,Women,Fair or poor perceived mental health,Percent,10.3
7286,2021-10,Quebec,Women,Fair or poor perceived mental health,Percent,15.6
7287,2021-10,Quebec,Women,Fair or poor perceived mental health,Number,451.0
7288,2021-10,Quebec,Women,Fair or poor perceived mental health,Number,358.0
7289,2021-10,Quebec,Women,Fair or poor perceived mental health,Number,543.0
7290,2021-10,Ontario,"Total, all persons",Excellent or very good perceived mental health,Percent,45.8
7291,2021-10,Ontario,"Total, all persons",Excellent or very good perceived mental health,Percent,43.5
7292,2021-10,Ontario,"Total, all persons",Excellent or very good perceived mental health,Percent,48.2
7293,2021-10,Ontario,"Total, all persons",Excellent or very good perceived mental health,Number,5695.0
7294,2021-10,Ontario,"Total, all persons",Excellent or very good perceived mental health,Number,5404.0
7295,2021-10,Ontario,"Total, all persons",Excellent or very good perceived mental health,Number,5986.0
7296,2021-10,Ontario,"Total, all persons",Good perceived mental health,Percent,32.1
7297,2021-10,Ontario,"Total, all persons",Good perceived mental health,Percent,30.0
7298,2021-10,Ontario,"Total, all persons",Good perceived mental health,Percent,34.3
7299,2021-10,Ontario,"Total, all persons",Good perceived mental health,Number,3992.0
7300,2021-10,Ontario,"Total, all persons",Good perceived mental health,Number,3723.0
7301,2021-10,Ontario,"Total, all persons",Good perceived mental health,Number,4262.0
7302,2021-10,Ontario,"Total, all persons",Fair or poor perceived mental health,Percent,22.0
7303,2021-10,Ontario,"Total, all persons",Fair or poor perceived mental health,Percent,20.1
7304,2021-10,Ontario,"Total, all persons",Fair or poor perceived mental health,Percent,24.0
7305,2021-10,Ontario,"Total, all persons",Fair or poor perceived mental health,Number,2736.0
7306,2021-10,Ontario,"Total, all persons",Fair or poor perceived mental health,Number,2496.0
7307,2021-10,Ontario,"Total, all persons",Fair or poor perceived mental health,Number,2976.0
7308,2021-10,Ontario,Men,Excellent or very good perceived mental health,Percent,49.8
7309,2021-10,Ontario,Men,Excellent or very good perceived mental health,Percent,46.3
7310,2021-10,Ontario,Men,Excellent or very good perceived mental health,Percent,53.3
7311,2021-10,Ontario,Men,Excellent or very good perceived mental health,Number,3038.0
7312,2021-10,Ontario,Men,Excellent or very good perceived mental health,Number,2824.0
7313,2021-10,Ontario,Men,Excellent or very good perceived mental health,Number,3252.0
7314,2021-10,Ontario,Men,Good perceived mental health,Percent,30.2
7315,2021-10,Ontario,Men,Good perceived mental health,Percent,27.2
7316,2021-10,Ontario,Men,Good perceived mental health,Percent,33.4
7317,2021-10,Ontario,Men,Good perceived mental health,Number,1844.0
7318,2021-10,Ontario,Men,Good perceived mental health,Number,1657.0
7319,2021-10,Ontario,Men,Good perceived mental health,Number,2032.0
7320,2021-10,Ontario,Men,Fair or poor perceived mental health,Percent,20.0
7321,2021-10,Ontario,Men,Fair or poor perceived mental health,Percent,17.4
7322,2021-10,Ontario,Men,Fair or poor perceived mental health,Percent,22.8
7323,2021-10,Ontario,Men,Fair or poor perceived mental health,Number,1220.0
7324,2021-10,Ontario,Men,Fair or poor perceived mental health,Number,1052.0
7325,2021-10,Ontario,Men,Fair or poor perceived mental health,Number,1388.0
7326,2021-10,Ontario,Women,Excellent or very good perceived mental health,Percent,42.0
7327,2021-10,Ontario,Women,Excellent or very good perceived mental health,Percent,38.9
7328,2021-10,Ontario,Women,Excellent or very good perceived mental health,Percent,45.2
7329,2021-10,Ontario,Women,Excellent or very good perceived mental health,Number,2657.0
7330,2021-10,Ontario,Women,Excellent or very good perceived mental health,Number,2457.0
7331,2021-10,Ontario,Women,Excellent or very good perceived mental health,Number,2858.0
7332,2021-10,Ontario,Women,Good perceived mental health,Percent,34.0
7333,2021-10,Ontario,Women,Good perceived mental health,Percent,31.0
7334,2021-10,Ontario,Women,Good perceived mental health,Percent,37.1
7335,2021-10,Ontario,Women,Good perceived mental health,Number,2148.0
7336,2021-10,Ontario,Women,Good perceived mental health,Number,1954.0
7337,2021-10,Ontario,Women,Good perceived mental health,Number,2341.0
7338,2021-10,Ontario,Women,Fair or poor perceived mental health,Percent,24.0
7339,2021-10,Ontario,Women,Fair or poor perceived mental health,Percent,21.3
7340,2021-10,Ontario,Women,Fair or poor perceived mental health,Percent,26.9
7341,2021-10,Ontario,Women,Fair or poor perceived mental health,Number,1516.0
7342,2021-10,Ontario,Women,Fair or poor perceived mental health,Number,1339.0
7343,2021-10,Ontario,Women,Fair or poor perceived mental health,Number,1693.0
7344,2021-10,Manitoba,"Total, all persons",Excellent or very good perceived mental health,Percent,46.0
7345,2021-10,Manitoba,"Total, all persons",Excellent or very good perceived mental health,Percent,40.7
7346,2021-10,Manitoba,"Total, all persons",Excellent or very good perceived mental health,Percent,51.5
7347,2021-10,Manitoba,"Total, all persons",Excellent or very good perceived mental health,Number,486.0
7348,2021-10,Manitoba,"Total, all persons",Excellent or very good perceived mental health,Number,429.0
7349,2021-10,Manitoba,"Total, all persons",Excellent or very good perceived mental health,Number,544.0
7350,2021-10,Manitoba,"Total, all persons",Good perceived mental health,Percent,34.1
7351,2021-10,Manitoba,"Total, all persons",Good perceived mental health,Percent,29.3
7352,2021-10,Manitoba,"Total, all persons",Good perceived mental health,Percent,39.4
7353,2021-10,Manitoba,"Total, all persons",Good perceived mental health,Number,361.0
7354,2021-10,Manitoba,"Total, all persons",Good perceived mental health,Number,307.0
7355,2021-10,Manitoba,"Total, all persons",Good perceived mental health,Number,414.0
7356,2021-10,Manitoba,"Total, all persons",Fair or poor perceived mental health,Percent,19.8
7357,2021-10,Manitoba,"Total, all persons",Fair or poor perceived mental health,Percent,15.8
7358,2021-10,Manitoba,"Total, all persons",Fair or poor perceived mental health,Percent,24.6
7359,2021-10,Manitoba,"Total, all persons",Fair or poor perceived mental health,Number,209.0
7360,2021-10,Manitoba,"Total, all persons",Fair or poor perceived mental health,Number,163.0
7361,2021-10,Manitoba,"Total, all persons",Fair or poor perceived mental health,Number,256.0
7362,2021-10,Manitoba,Men,Excellent or very good perceived mental health,Percent,44.9
7363,2021-10,Manitoba,Men,Excellent or very good perceived mental health,Percent,37.6
7364,2021-10,Manitoba,Men,Excellent or very good perceived mental health,Percent,52.4
7365,2021-10,Manitoba,Men,Excellent or very good perceived mental health,Number,239.0
7366,2021-10,Manitoba,Men,Excellent or very good perceived mental health,Number,201.0
7367,2021-10,Manitoba,Men,Excellent or very good perceived mental health,Number,278.0
7368,2021-10,Manitoba,Men,Good perceived mental health,Percent,36.1
7369,2021-10,Manitoba,Men,Good perceived mental health,Percent,28.4
7370,2021-10,Manitoba,Men,Good perceived mental health,Percent,44.7
7371,2021-10,Manitoba,Men,Good perceived mental health,Number,193.0
7372,2021-10,Manitoba,Men,Good perceived mental health,Number,150.0
7373,2021-10,Manitoba,Men,Good perceived mental health,Number,236.0
7374,2021-10,Manitoba,Men,Fair or poor perceived mental health,Percent,19.0
7375,2021-10,Manitoba,Men,Fair or poor perceived mental health,Percent,13.7
7376,2021-10,Manitoba,Men,Fair or poor perceived mental health,Percent,25.8
7377,2021-10,Manitoba,Men,Fair or poor perceived mental health,Number,
7378,2021-10,Manitoba,Men,Fair or poor perceived mental health,Number,
7379,2021-10,Manitoba,Men,Fair or poor perceived mental health,Number,
7380,2021-10,Manitoba,Women,Excellent or very good perceived mental health,Percent,47.3
7381,2021-10,Manitoba,Women,Excellent or very good perceived mental health,Percent,39.8
7382,2021-10,Manitoba,Women,Excellent or very good perceived mental health,Percent,54.8
7383,2021-10,Manitoba,Women,Excellent or very good perceived mental health,Number,247.0
7384,2021-10,Manitoba,Women,Excellent or very good perceived mental health,Number,206.0
7385,2021-10,Manitoba,Women,Excellent or very good perceived mental health,Number,287.0
7386,2021-10,Manitoba,Women,Good perceived mental health,Percent,32.1
7387,2021-10,Manitoba,Women,Good perceived mental health,Percent,26.2
7388,2021-10,Manitoba,Women,Good perceived mental health,Percent,38.6
7389,2021-10,Manitoba,Women,Good perceived mental health,Number,168.0
7390,2021-10,Manitoba,Women,Good perceived mental health,Number,135.0
7391,2021-10,Manitoba,Women,Good perceived mental health,Number,200.0
7392,2021-10,Manitoba,Women,Fair or poor perceived mental health,Percent,20.6
7393,2021-10,Manitoba,Women,Fair or poor perceived mental health,Percent,15.0
7394,2021-10,Manitoba,Women,Fair or poor perceived mental health,Percent,27.7
7395,2021-10,Manitoba,Women,Fair or poor perceived mental health,Number,
7396,2021-10,Manitoba,Women,Fair or poor perceived mental health,Number,
7397,2021-10,Manitoba,Women,Fair or poor perceived mental health,Number,
7398,2021-10,Saskatchewan,"Total, all persons",Excellent or very good perceived mental health,Percent,47.2
7399,2021-10,Saskatchewan,"Total, all persons",Excellent or very good perceived mental health,Percent,42.1
7400,2021-10,Saskatchewan,"Total, all persons",Excellent or very good perceived mental health,Percent,52.3
7401,2021-10,Saskatchewan,"Total, all persons",Excellent or very good perceived mental health,Number,420.0
7402,2021-10,Saskatchewan,"Total, all persons",Excellent or very good perceived mental health,Number,375.0
7403,2021-10,Saskatchewan,"Total, all persons",Excellent or very good perceived mental health,Number,465.0
7404,2021-10,Saskatchewan,"Total, all persons",Good perceived mental health,Percent,32.1
7405,2021-10,Saskatchewan,"Total, all persons",Good perceived mental health,Percent,27.5
7406,2021-10,Saskatchewan,"Total, all persons",Good perceived mental health,Percent,37.1
7407,2021-10,Saskatchewan,"Total, all persons",Good perceived mental health,Number,286.0
7408,2021-10,Saskatchewan,"Total, all persons",Good perceived mental health,Number,243.0
7409,2021-10,Saskatchewan,"Total, all persons",Good perceived mental health,Number,329.0
7410,2021-10,Saskatchewan,"Total, all persons",Fair or poor perceived mental health,Percent,20.7
7411,2021-10,Saskatchewan,"Total, all persons",Fair or poor perceived mental health,Percent,16.9
7412,2021-10,Saskatchewan,"Total, all persons",Fair or poor perceived mental health,Percent,25.2
7413,2021-10,Saskatchewan,"Total, all persons",Fair or poor perceived mental health,Number,184.0
7414,2021-10,Saskatchewan,"Total, all persons",Fair or poor perceived mental health,Number,147.0
7415,2021-10,Saskatchewan,"Total, all persons",Fair or poor perceived mental health,Number,221.0
7416,2021-10,Saskatchewan,Men,Excellent or very good perceived mental health,Percent,54.7
7417,2021-10,Saskatchewan,Men,Excellent or very good perceived mental health,Percent,47.0
7418,2021-10,Saskatchewan,Men,Excellent or very good perceived mental health,Percent,62.2
7419,2021-10,Saskatchewan,Men,Excellent or very good perceived mental health,Number,245.0
7420,2021-10,Saskatchewan,Men,Excellent or very good perceived mental health,Number,210.0
7421,2021-10,Saskatchewan,Men,Excellent or very good perceived mental health,Number,279.0
7422,2021-10,Saskatchewan,Men,Good perceived mental health,Percent,29.9
7423,2021-10,Saskatchewan,Men,Good perceived mental health,Percent,23.2
7424,2021-10,Saskatchewan,Men,Good perceived mental health,Percent,37.7
7425,2021-10,Saskatchewan,Men,Good perceived mental health,Number,134.0
7426,2021-10,Saskatchewan,Men,Good perceived mental health,Number,101.0
7427,2021-10,Saskatchewan,Men,Good perceived mental health,Number,166.0
7428,2021-10,Saskatchewan,Men,Fair or poor perceived mental health,Percent,15.3
7429,2021-10,Saskatchewan,Men,Fair or poor perceived mental health,Percent,10.8
7430,2021-10,Saskatchewan,Men,Fair or poor perceived mental health,Percent,21.2
7431,2021-10,Saskatchewan,Men,Fair or poor perceived mental health,Number,
7432,2021-10,Saskatchewan,Men,Fair or poor perceived mental health,Number,
7433,2021-10,Saskatchewan,Men,Fair or poor perceived mental health,Number,
7434,2021-10,Saskatchewan,Women,Excellent or very good perceived mental health,Percent,39.5
7435,2021-10,Saskatchewan,Women,Excellent or very good perceived mental health,Percent,33.2
7436,2021-10,Saskatchewan,Women,Excellent or very good perceived mental health,Percent,46.2
7437,2021-10,Saskatchewan,Women,Excellent or very good perceived mental health,Number,175.0
7438,2021-10,Saskatchewan,Women,Excellent or very good perceived mental health,Number,146.0
7439,2021-10,Saskatchewan,Women,Excellent or very good perceived mental health,Number,204.0
7440,2021-10,Saskatchewan,Women,Good perceived mental health,Percent,34.3
7441,2021-10,Saskatchewan,Women,Good perceived mental health,Percent,28.2
7442,2021-10,Saskatchewan,Women,Good perceived mental health,Percent,41.0
7443,2021-10,Saskatchewan,Women,Good perceived mental health,Number,152.0
7444,2021-10,Saskatchewan,Women,Good perceived mental health,Number,124.0
7445,2021-10,Saskatchewan,Women,Good perceived mental health,Number,180.0
7446,2021-10,Saskatchewan,Women,Fair or poor perceived mental health,Percent,26.1
7447,2021-10,Saskatchewan,Women,Fair or poor perceived mental health,Percent,20.3
7448,2021-10,Saskatchewan,Women,Fair or poor perceived mental health,Percent,32.9
7449,2021-10,Saskatchewan,Women,Fair or poor perceived mental health,Number,116.0
7450,2021-10,Saskatchewan,Women,Fair or poor perceived mental health,Number,88.0
7451,2021-10,Saskatchewan,Women,Fair or poor perceived mental health,Number,144.0
7452,2021-10,Alberta,"Total, all persons",Excellent or very good perceived mental health,Percent,43.7
7453,2021-10,Alberta,"Total, all persons",Excellent or very good perceived mental health,Percent,40.1
7454,2021-10,Alberta,"Total, all persons",Excellent or very good perceived mental health,Percent,47.5
7455,2021-10,Alberta,"Total, all persons",Excellent or very good perceived mental health,Number,1554.0
7456,2021-10,Alberta,"Total, all persons",Excellent or very good perceived mental health,Number,1422.0
7457,2021-10,Alberta,"Total, all persons",Excellent or very good perceived mental health,Number,1687.0
7458,2021-10,Alberta,"Total, all persons",Good perceived mental health,Percent,31.3
7459,2021-10,Alberta,"Total, all persons",Good perceived mental health,Percent,27.8
7460,2021-10,Alberta,"Total, all persons",Good perceived mental health,Percent,35.0
7461,2021-10,Alberta,"Total, all persons",Good perceived mental health,Number,1113.0
7462,2021-10,Alberta,"Total, all persons",Good perceived mental health,Number,985.0
7463,2021-10,Alberta,"Total, all persons",Good perceived mental health,Number,1241.0
7464,2021-10,Alberta,"Total, all persons",Fair or poor perceived mental health,Percent,25.0
7465,2021-10,Alberta,"Total, all persons",Fair or poor perceived mental health,Percent,21.7
7466,2021-10,Alberta,"Total, all persons",Fair or poor perceived mental health,Percent,28.6
7467,2021-10,Alberta,"Total, all persons",Fair or poor perceived mental health,Number,888.0
7468,2021-10,Alberta,"Total, all persons",Fair or poor perceived mental health,Number,766.0
7469,2021-10,Alberta,"Total, all persons",Fair or poor perceived mental health,Number,1010.0
7470,2021-10,Alberta,Men,Excellent or very good perceived mental health,Percent,49.0
7471,2021-10,Alberta,Men,Excellent or very good perceived mental health,Percent,43.3
7472,2021-10,Alberta,Men,Excellent or very good perceived mental health,Percent,54.6
7473,2021-10,Alberta,Men,Excellent or very good perceived mental health,Number,871.0
7474,2021-10,Alberta,Men,Excellent or very good perceived mental health,Number,768.0
7475,2021-10,Alberta,Men,Excellent or very good perceived mental health,Number,974.0
7476,2021-10,Alberta,Men,Good perceived mental health,Percent,27.4
7477,2021-10,Alberta,Men,Good perceived mental health,Percent,22.8
7478,2021-10,Alberta,Men,Good perceived mental health,Percent,32.5
7479,2021-10,Alberta,Men,Good perceived mental health,Number,487.0
7480,2021-10,Alberta,Men,Good perceived mental health,Number,400.0
7481,2021-10,Alberta,Men,Good perceived mental health,Number,574.0
7482,2021-10,Alberta,Men,Fair or poor perceived mental health,Percent,23.7
7483,2021-10,Alberta,Men,Fair or poor perceived mental health,Percent,18.9
7484,2021-10,Alberta,Men,Fair or poor perceived mental health,Percent,29.2
7485,2021-10,Alberta,Men,Fair or poor perceived mental health,Number,421.0
7486,2021-10,Alberta,Men,Fair or poor perceived mental health,Number,329.0
7487,2021-10,Alberta,Men,Fair or poor perceived mental health,Number,514.0
7488,2021-10,Alberta,Women,Excellent or very good perceived mental health,Percent,38.5
7489,2021-10,Alberta,Women,Excellent or very good perceived mental health,Percent,33.7
7490,2021-10,Alberta,Women,Excellent or very good perceived mental health,Percent,43.5
7491,2021-10,Alberta,Women,Excellent or very good perceived mental health,Number,683.0
7492,2021-10,Alberta,Women,Excellent or very good perceived mental health,Number,596.0
7493,2021-10,Alberta,Women,Excellent or very good perceived mental health,Number,771.0
7494,2021-10,Alberta,Women,Good perceived mental health,Percent,35.2
7495,2021-10,Alberta,Women,Good perceived mental health,Percent,30.2
7496,2021-10,Alberta,Women,Good perceived mental health,Percent,40.6
7497,2021-10,Alberta,Women,Good perceived mental health,Number,626.0
7498,2021-10,Alberta,Women,Good perceived mental health,Number,534.0
7499,2021-10,Alberta,Women,Good perceived mental health,Number,718.0
7500,2021-10,Alberta,Women,Fair or poor perceived mental health,Percent,26.3
7501,2021-10,Alberta,Women,Fair or poor perceived mental health,Percent,22.1
7502,2021-10,Alberta,Women,Fair or poor perceived mental health,Percent,31.0
7503,2021-10,Alberta,Women,Fair or poor perceived mental health,Number,467.0
7504,2021-10,Alberta,Women,Fair or poor perceived mental health,Number,388.0
7505,2021-10,Alberta,Women,Fair or poor perceived mental health,Number,547.0
7506,2021-10,British Columbia,"Total, all persons",Excellent or very good perceived mental health,Percent,44.8
7507,2021-10,British Columbia,"Total, all persons",Excellent or very good perceived mental health,Percent,41.2
7508,2021-10,British Columbia,"Total, all persons",Excellent or very good perceived mental health,Percent,48.5
7509,2021-10,British Columbia,"Total, all persons",Excellent or very good perceived mental health,Number,1968.0
7510,2021-10,British Columbia,"Total, all persons",Excellent or very good perceived mental health,Number,1807.0
7511,2021-10,British Columbia,"Total, all persons",Excellent or very good perceived mental health,Number,2129.0
7512,2021-10,British Columbia,"Total, all persons",Good perceived mental health,Percent,31.4
7513,2021-10,British Columbia,"Total, all persons",Good perceived mental health,Percent,28.1
7514,2021-10,British Columbia,"Total, all persons",Good perceived mental health,Percent,34.8
7515,2021-10,British Columbia,"Total, all persons",Good perceived mental health,Number,1376.0
7516,2021-10,British Columbia,"Total, all persons",Good perceived mental health,Number,1231.0
7517,2021-10,British Columbia,"Total, all persons",Good perceived mental health,Number,1522.0
7518,2021-10,British Columbia,"Total, all persons",Fair or poor perceived mental health,Percent,23.8
7519,2021-10,British Columbia,"Total, all persons",Fair or poor perceived mental health,Percent,20.8
7520,2021-10,British Columbia,"Total, all persons",Fair or poor perceived mental health,Percent,27.1
7521,2021-10,British Columbia,"Total, all persons",Fair or poor perceived mental health,Number,1045.0
7522,2021-10,British Columbia,"Total, all persons",Fair or poor perceived mental health,Number,905.0
7523,2021-10,British Columbia,"Total, all persons",Fair or poor perceived mental health,Number,1185.0
7524,2021-10,British Columbia,Men,Excellent or very good perceived mental health,Percent,48.4
7525,2021-10,British Columbia,Men,Excellent or very good perceived mental health,Percent,42.8
7526,2021-10,British Columbia,Men,Excellent or very good perceived mental health,Percent,54.1
7527,2021-10,British Columbia,Men,Excellent or very good perceived mental health,Number,1051.0
7528,2021-10,British Columbia,Men,Excellent or very good perceived mental health,Number,928.0
7529,2021-10,British Columbia,Men,Excellent or very good perceived mental health,Number,1174.0
7530,2021-10,British Columbia,Men,Good perceived mental health,Percent,27.4
7531,2021-10,British Columbia,Men,Good perceived mental health,Percent,23.1
7532,2021-10,British Columbia,Men,Good perceived mental health,Percent,32.2
7533,2021-10,British Columbia,Men,Good perceived mental health,Number,595.0
7534,2021-10,British Columbia,Men,Good perceived mental health,Number,496.0
7535,2021-10,British Columbia,Men,Good perceived mental health,Number,694.0
7536,2021-10,British Columbia,Men,Fair or poor perceived mental health,Percent,24.1
7537,2021-10,British Columbia,Men,Fair or poor perceived mental health,Percent,19.8
7538,2021-10,British Columbia,Men,Fair or poor perceived mental health,Percent,29.1
7539,2021-10,British Columbia,Men,Fair or poor perceived mental health,Number,524.0
7540,2021-10,British Columbia,Men,Fair or poor perceived mental health,Number,422.0
7541,2021-10,British Columbia,Men,Fair or poor perceived mental health,Number,626.0
7542,2021-10,British Columbia,Women,Excellent or very good perceived mental health,Percent,41.3
7543,2021-10,British Columbia,Women,Excellent or very good perceived mental health,Percent,36.7
7544,2021-10,British Columbia,Women,Excellent or very good perceived mental health,Percent,46.0
7545,2021-10,British Columbia,Women,Excellent or very good perceived mental health,Number,916.0
7546,2021-10,British Columbia,Women,Excellent or very good perceived mental health,Number,813.0
7547,2021-10,British Columbia,Women,Excellent or very good perceived mental health,Number,1020.0
7548,2021-10,British Columbia,Women,Good perceived mental health,Percent,35.2
7549,2021-10,British Columbia,Women,Good perceived mental health,Percent,30.7
7550,2021-10,British Columbia,Women,Good perceived mental health,Percent,40.0
7551,2021-10,British Columbia,Women,Good perceived mental health,Number,781.0
7552,2021-10,British Columbia,Women,Good perceived mental health,Number,678.0
7553,2021-10,British Columbia,Women,Good perceived mental health,Number,885.0
7554,2021-10,British Columbia,Women,Fair or poor perceived mental health,Percent,23.5
7555,2021-10,British Columbia,Women,Fair or poor perceived mental health,Percent,19.5
7556,2021-10,British Columbia,Women,Fair or poor perceived mental health,Percent,28.0
7557,2021-10,British Columbia,Women,Fair or poor perceived mental health,Number,521.0
7558,2021-10,British Columbia,Women,Fair or poor perceived mental health,Number,426.0
7559,2021-10,British Columbia,Women,Fair or poor perceived mental health,Number,616.0
7560,2022-01,Newfoundland and Labrador,"Total, all persons",Excellent or very good perceived mental health,Percent,49.8
7561,2022-01,Newfoundland and Labrador,"Total, all persons",Excellent or very good perceived mental health,Percent,44.3
7562,2022-01,Newfoundland and Labrador,"Total, all persons",Excellent or very good perceived mental health,Percent,55.2
7563,2022-01,Newfoundland and Labrador,"Total, all persons",Excellent or very good perceived mental health,Number,222.0
7564,2022-01,Newfoundland and Labrador,"Total, all persons",Excellent or very good perceived mental health,Number,198.0
7565,2022-01,Newfoundland and Labrador,"Total, all persons",Excellent or very good perceived mental health,Number,247.0
7566,2022-01,Newfoundland and Labrador,"Total, all persons",Good perceived mental health,Percent,34.5
7567,2022-01,Newfoundland and Labrador,"Total, all persons",Good perceived mental health,Percent,28.8
7568,2022-01,Newfoundland and Labrador,"Total, all persons",Good perceived mental health,Percent,40.7
7569,2022-01,Newfoundland and Labrador,"Total, all persons",Good perceived mental health,Number,154.0
7570,2022-01,Newfoundland and Labrador,"Total, all persons",Good perceived mental health,Number,128.0
7571,2022-01,Newfoundland and Labrador,"Total, all persons",Good perceived mental health,Number,181.0
7572,2022-01,Newfoundland and Labrador,"Total, all persons",Fair or poor perceived mental health,Percent,15.7
7573,2022-01,Newfoundland and Labrador,"Total, all persons",Fair or poor perceived mental health,Percent,11.9
7574,2022-01,Newfoundland and Labrador,"Total, all persons",Fair or poor perceived mental health,Percent,20.5
7575,2022-01,Newfoundland and Labrador,"Total, all persons",Fair or poor perceived mental health,Number,70.0
7576,2022-01,Newfoundland and Labrador,"Total, all persons",Fair or poor perceived mental health,Number,51.0
7577,2022-01,Newfoundland and Labrador,"Total, all persons",Fair or poor perceived mental health,Number,89.0
7578,2022-01,Newfoundland and Labrador,Men,Excellent or very good perceived mental health,Percent,53.4
7579,2022-01,Newfoundland and Labrador,Men,Excellent or very good perceived mental health,Percent,44.2
7580,2022-01,Newfoundland and Labrador,Men,Excellent or very good perceived mental health,Percent,62.4
7581,2022-01,Newfoundland and Labrador,Men,Excellent or very good perceived mental health,Number,117.0
7582,2022-01,Newfoundland and Labrador,Men,Excellent or very good perceived mental health,Number,97.0
7583,2022-01,Newfoundland and Labrador,Men,Excellent or very good perceived mental health,Number,137.0
7584,2022-01,Newfoundland and Labrador,Men,Good perceived mental health,Percent,34.7
7585,2022-01,Newfoundland and Labrador,Men,Good perceived mental health,Percent,25.8
7586,2022-01,Newfoundland and Labrador,Men,Good perceived mental health,Percent,44.9
7587,2022-01,Newfoundland and Labrador,Men,Good perceived mental health,Number,76.0
7588,2022-01,Newfoundland and Labrador,Men,Good perceived mental health,Number,55.0
7589,2022-01,Newfoundland and Labrador,Men,Good perceived mental health,Number,97.0
7590,2022-01,Newfoundland and Labrador,Men,Fair or poor perceived mental health,Percent,11.9
7591,2022-01,Newfoundland and Labrador,Men,Fair or poor perceived mental health,Percent,7.0
7592,2022-01,Newfoundland and Labrador,Men,Fair or poor perceived mental health,Percent,19.4
7593,2022-01,Newfoundland and Labrador,Men,Fair or poor perceived mental health,Number,
7594,2022-01,Newfoundland and Labrador,Men,Fair or poor perceived mental health,Number,
7595,2022-01,Newfoundland and Labrador,Men,Fair or poor perceived mental health,Number,
7596,2022-01,Newfoundland and Labrador,Women,Excellent or very good perceived mental health,Percent,46.3
7597,2022-01,Newfoundland and Labrador,Women,Excellent or very good perceived mental health,Percent,40.0
7598,2022-01,Newfoundland and Labrador,Women,Excellent or very good perceived mental health,Percent,52.6
7599,2022-01,Newfoundland and Labrador,Women,Excellent or very good perceived mental health,Number,105.0
7600,2022-01,Newfoundland and Labrador,Women,Excellent or very good perceived mental health,Number,91.0
7601,2022-01,Newfoundland and Labrador,Women,Excellent or very good perceived mental health,Number,120.0
7602,2022-01,Newfoundland and Labrador,Women,Good perceived mental health,Percent,34.3
7603,2022-01,Newfoundland and Labrador,Women,Good perceived mental health,Percent,27.7
7604,2022-01,Newfoundland and Labrador,Women,Good perceived mental health,Percent,41.5
7605,2022-01,Newfoundland and Labrador,Women,Good perceived mental health,Number,78.0
7606,2022-01,Newfoundland and Labrador,Women,Good perceived mental health,Number,62.0
7607,2022-01,Newfoundland and Labrador,Women,Good perceived mental health,Number,94.0
7608,2022-01,Newfoundland and Labrador,Women,Fair or poor perceived mental health,Percent,19.4
7609,2022-01,Newfoundland and Labrador,Women,Fair or poor perceived mental health,Percent,14.3
7610,2022-01,Newfoundland and Labrador,Women,Fair or poor perceived mental health,Percent,25.9
7611,2022-01,Newfoundland and Labrador,Women,Fair or poor perceived mental health,Number,
7612,2022-01,Newfoundland and Labrador,Women,Fair or poor perceived mental health,Number,
7613,2022-01,Newfoundland and Labrador,Women,Fair or poor perceived mental health,Number,
7614,2022-01,Prince Edward Island,"Total, all persons",Excellent or very good perceived mental health,Percent,53.2
7615,2022-01,Prince Edward Island,"Total, all persons",Excellent or very good perceived mental health,Percent,48.0
7616,2022-01,Prince Edward Island,"Total, all persons",Excellent or very good perceived mental health,Percent,58.3
7617,2022-01,Prince Edward Island,"Total, all persons",Excellent or very good perceived mental health,Number,73.0
7618,2022-01,Prince Edward Island,"Total, all persons",Excellent or very good perceived mental health,Number,66.0
7619,2022-01,Prince Edward Island,"Total, all persons",Excellent or very good perceived mental health,Number,80.0
7620,2022-01,Prince Edward Island,"Total, all persons",Good perceived mental health,Percent,31.7
7621,2022-01,Prince Edward Island,"Total, all persons",Good perceived mental health,Percent,27.2
7622,2022-01,Prince Edward Island,"Total, all persons",Good perceived mental health,Percent,36.6
7623,2022-01,Prince Edward Island,"Total, all persons",Good perceived mental health,Number,44.0
7624,2022-01,Prince Edward Island,"Total, all persons",Good perceived mental health,Number,37.0
7625,2022-01,Prince Edward Island,"Total, all persons",Good perceived mental health,Number,50.0
7626,2022-01,Prince Edward Island,"Total, all persons",Fair or poor perceived mental health,Percent,15.1
7627,2022-01,Prince Edward Island,"Total, all persons",Fair or poor perceived mental health,Percent,11.6
7628,2022-01,Prince Edward Island,"Total, all persons",Fair or poor perceived mental health,Percent,19.4
7629,2022-01,Prince Edward Island,"Total, all persons",Fair or poor perceived mental health,Number,21.0
7630,2022-01,Prince Edward Island,"Total, all persons",Fair or poor perceived mental health,Number,15.0
7631,2022-01,Prince Edward Island,"Total, all persons",Fair or poor perceived mental health,Number,26.0
7632,2022-01,Prince Edward Island,Men,Excellent or very good perceived mental health,Percent,55.8
7633,2022-01,Prince Edward Island,Men,Excellent or very good perceived mental health,Percent,47.8
7634,2022-01,Prince Edward Island,Men,Excellent or very good perceived mental health,Percent,63.5
7635,2022-01,Prince Edward Island,Men,Excellent or very good perceived mental health,Number,38.0
7636,2022-01,Prince Edward Island,Men,Excellent or very good perceived mental health,Number,32.0
7637,2022-01,Prince Edward Island,Men,Excellent or very good perceived mental health,Number,43.0
7638,2022-01,Prince Edward Island,Men,Good perceived mental health,Percent,32.0
7639,2022-01,Prince Edward Island,Men,Good perceived mental health,Percent,25.4
7640,2022-01,Prince Edward Island,Men,Good perceived mental health,Percent,39.4
7641,2022-01,Prince Edward Island,Men,Good perceived mental health,Number,22.0
7642,2022-01,Prince Edward Island,Men,Good perceived mental health,Number,17.0
7643,2022-01,Prince Edward Island,Men,Good perceived mental health,Number,26.0
7644,2022-01,Prince Edward Island,Men,Fair or poor perceived mental health,Percent,12.2
7645,2022-01,Prince Edward Island,Men,Fair or poor perceived mental health,Percent,7.9
7646,2022-01,Prince Edward Island,Men,Fair or poor perceived mental health,Percent,18.3
7647,2022-01,Prince Edward Island,Men,Fair or poor perceived mental health,Number,
7648,2022-01,Prince Edward Island,Men,Fair or poor perceived mental health,Number,
7649,2022-01,Prince Edward Island,Men,Fair or poor perceived mental health,Number,
7650,2022-01,Prince Edward Island,Women,Excellent or very good perceived mental health,Percent,50.6
7651,2022-01,Prince Edward Island,Women,Excellent or very good perceived mental health,Percent,43.8
7652,2022-01,Prince Edward Island,Women,Excellent or very good perceived mental health,Percent,57.3
7653,2022-01,Prince Edward Island,Women,Excellent or very good perceived mental health,Number,35.0
7654,2022-01,Prince Edward Island,Women,Excellent or very good perceived mental health,Number,31.0
7655,2022-01,Prince Edward Island,Women,Excellent or very good perceived mental health,Number,40.0
7656,2022-01,Prince Edward Island,Women,Good perceived mental health,Percent,31.5
7657,2022-01,Prince Edward Island,Women,Good perceived mental health,Percent,25.5
7658,2022-01,Prince Edward Island,Women,Good perceived mental health,Percent,38.2
7659,2022-01,Prince Edward Island,Women,Good perceived mental health,Number,22.0
7660,2022-01,Prince Edward Island,Women,Good perceived mental health,Number,18.0
7661,2022-01,Prince Edward Island,Women,Good perceived mental health,Number,27.0
7662,2022-01,Prince Edward Island,Women,Fair or poor perceived mental health,Percent,17.9
7663,2022-01,Prince Edward Island,Women,Fair or poor perceived mental health,Percent,13.0
7664,2022-01,Prince Edward Island,Women,Fair or poor perceived mental health,Percent,24.1
7665,2022-01,Prince Edward Island,Women,Fair or poor perceived mental health,Number,
7666,2022-01,Prince Edward Island,Women,Fair or poor perceived mental health,Number,
7667,2022-01,Prince Edward Island,Women,Fair or poor perceived mental health,Number,
7668,2022-01,Nova Scotia,"Total, all persons",Excellent or very good perceived mental health,Percent,39.0
7669,2022-01,Nova Scotia,"Total, all persons",Excellent or very good perceived mental health,Percent,34.2
7670,2022-01,Nova Scotia,"Total, all persons",Excellent or very good perceived mental health,Percent,43.9
7671,2022-01,Nova Scotia,"Total, all persons",Excellent or very good perceived mental health,Number,327.0
7672,2022-01,Nova Scotia,"Total, all persons",Excellent or very good perceived mental health,Number,286.0
7673,2022-01,Nova Scotia,"Total, all persons",Excellent or very good perceived mental health,Number,368.0
7674,2022-01,Nova Scotia,"Total, all persons",Good perceived mental health,Percent,36.6
7675,2022-01,Nova Scotia,"Total, all persons",Good perceived mental health,Percent,31.4
7676,2022-01,Nova Scotia,"Total, all persons",Good perceived mental health,Percent,42.2
7677,2022-01,Nova Scotia,"Total, all persons",Good perceived mental health,Number,307.0
7678,2022-01,Nova Scotia,"Total, all persons",Good perceived mental health,Number,262.0
7679,2022-01,Nova Scotia,"Total, all persons",Good perceived mental health,Number,353.0
7680,2022-01,Nova Scotia,"Total, all persons",Fair or poor perceived mental health,Percent,24.4
7681,2022-01,Nova Scotia,"Total, all persons",Fair or poor perceived mental health,Percent,19.7
7682,2022-01,Nova Scotia,"Total, all persons",Fair or poor perceived mental health,Percent,29.8
7683,2022-01,Nova Scotia,"Total, all persons",Fair or poor perceived mental health,Number,204.0
7684,2022-01,Nova Scotia,"Total, all persons",Fair or poor perceived mental health,Number,162.0
7685,2022-01,Nova Scotia,"Total, all persons",Fair or poor perceived mental health,Number,247.0
7686,2022-01,Nova Scotia,Men,Excellent or very good perceived mental health,Percent,42.7
7687,2022-01,Nova Scotia,Men,Excellent or very good perceived mental health,Percent,34.8
7688,2022-01,Nova Scotia,Men,Excellent or very good perceived mental health,Percent,51.0
7689,2022-01,Nova Scotia,Men,Excellent or very good perceived mental health,Number,173.0
7690,2022-01,Nova Scotia,Men,Excellent or very good perceived mental health,Number,140.0
7691,2022-01,Nova Scotia,Men,Excellent or very good perceived mental health,Number,205.0
7692,2022-01,Nova Scotia,Men,Good perceived mental health,Percent,34.0
7693,2022-01,Nova Scotia,Men,Good perceived mental health,Percent,26.1
7694,2022-01,Nova Scotia,Men,Good perceived mental health,Percent,42.9
7695,2022-01,Nova Scotia,Men,Good perceived mental health,Number,137.0
7696,2022-01,Nova Scotia,Men,Good perceived mental health,Number,103.0
7697,2022-01,Nova Scotia,Men,Good perceived mental health,Number,171.0
7698,2022-01,Nova Scotia,Men,Fair or poor perceived mental health,Percent,23.3
7699,2022-01,Nova Scotia,Men,Fair or poor perceived mental health,Percent,15.9
7700,2022-01,Nova Scotia,Men,Fair or poor perceived mental health,Percent,32.9
7701,2022-01,Nova Scotia,Men,Fair or poor perceived mental health,Number,
7702,2022-01,Nova Scotia,Men,Fair or poor perceived mental health,Number,
7703,2022-01,Nova Scotia,Men,Fair or poor perceived mental health,Number,
7704,2022-01,Nova Scotia,Women,Excellent or very good perceived mental health,Percent,35.5
7705,2022-01,Nova Scotia,Women,Excellent or very good perceived mental health,Percent,30.0
7706,2022-01,Nova Scotia,Women,Excellent or very good perceived mental health,Percent,41.4
7707,2022-01,Nova Scotia,Women,Excellent or very good perceived mental health,Number,154.0
7708,2022-01,Nova Scotia,Women,Excellent or very good perceived mental health,Number,130.0
7709,2022-01,Nova Scotia,Women,Excellent or very good perceived mental health,Number,179.0
7710,2022-01,Nova Scotia,Women,Good perceived mental health,Percent,39.1
7711,2022-01,Nova Scotia,Women,Good perceived mental health,Percent,32.3
7712,2022-01,Nova Scotia,Women,Good perceived mental health,Percent,46.4
7713,2022-01,Nova Scotia,Women,Good perceived mental health,Number,170.0
7714,2022-01,Nova Scotia,Women,Good perceived mental health,Number,140.0
7715,2022-01,Nova Scotia,Women,Good perceived mental health,Number,201.0
7716,2022-01,Nova Scotia,Women,Fair or poor perceived mental health,Percent,25.4
7717,2022-01,Nova Scotia,Women,Fair or poor perceived mental health,Percent,19.9
7718,2022-01,Nova Scotia,Women,Fair or poor perceived mental health,Percent,31.7
7719,2022-01,Nova Scotia,Women,Fair or poor perceived mental health,Number,110.0
7720,2022-01,Nova Scotia,Women,Fair or poor perceived mental health,Number,84.0
7721,2022-01,Nova Scotia,Women,Fair or poor perceived mental health,Number,137.0
7722,2022-01,New Brunswick,"Total, all persons",Excellent or very good perceived mental health,Percent,46.7
7723,2022-01,New Brunswick,"Total, all persons",Excellent or very good perceived mental health,Percent,41.3
7724,2022-01,New Brunswick,"Total, all persons",Excellent or very good perceived mental health,Percent,52.2
7725,2022-01,New Brunswick,"Total, all persons",Excellent or very good perceived mental health,Number,309.0
7726,2022-01,New Brunswick,"Total, all persons",Excellent or very good perceived mental health,Number,273.0
7727,2022-01,New Brunswick,"Total, all persons",Excellent or very good perceived mental health,Number,345.0
7728,2022-01,New Brunswick,"Total, all persons",Good perceived mental health,Percent,35.8
7729,2022-01,New Brunswick,"Total, all persons",Good perceived mental health,Percent,31.0
7730,2022-01,New Brunswick,"Total, all persons",Good perceived mental health,Percent,41.0
7731,2022-01,New Brunswick,"Total, all persons",Good perceived mental health,Number,237.0
7732,2022-01,New Brunswick,"Total, all persons",Good perceived mental health,Number,204.0
7733,2022-01,New Brunswick,"Total, all persons",Good perceived mental health,Number,271.0
7734,2022-01,New Brunswick,"Total, all persons",Fair or poor perceived mental health,Percent,17.5
7735,2022-01,New Brunswick,"Total, all persons",Fair or poor perceived mental health,Percent,13.9
7736,2022-01,New Brunswick,"Total, all persons",Fair or poor perceived mental health,Percent,21.8
7737,2022-01,New Brunswick,"Total, all persons",Fair or poor perceived mental health,Number,116.0
7738,2022-01,New Brunswick,"Total, all persons",Fair or poor perceived mental health,Number,90.0
7739,2022-01,New Brunswick,"Total, all persons",Fair or poor perceived mental health,Number,142.0
7740,2022-01,New Brunswick,Men,Excellent or very good perceived mental health,Percent,50.6
7741,2022-01,New Brunswick,Men,Excellent or very good perceived mental health,Percent,42.3
7742,2022-01,New Brunswick,Men,Excellent or very good perceived mental health,Percent,58.8
7743,2022-01,New Brunswick,Men,Excellent or very good perceived mental health,Number,165.0
7744,2022-01,New Brunswick,Men,Excellent or very good perceived mental health,Number,138.0
7745,2022-01,New Brunswick,Men,Excellent or very good perceived mental health,Number,192.0
7746,2022-01,New Brunswick,Men,Good perceived mental health,Percent,35.0
7747,2022-01,New Brunswick,Men,Good perceived mental health,Percent,27.6
7748,2022-01,New Brunswick,Men,Good perceived mental health,Percent,43.2
7749,2022-01,New Brunswick,Men,Good perceived mental health,Number,114.0
7750,2022-01,New Brunswick,Men,Good perceived mental health,Number,89.0
7751,2022-01,New Brunswick,Men,Good perceived mental health,Number,140.0
7752,2022-01,New Brunswick,Men,Fair or poor perceived mental health,Percent,14.4
7753,2022-01,New Brunswick,Men,Fair or poor perceived mental health,Percent,9.4
7754,2022-01,New Brunswick,Men,Fair or poor perceived mental health,Percent,21.5
7755,2022-01,New Brunswick,Men,Fair or poor perceived mental health,Number,
7756,2022-01,New Brunswick,Men,Fair or poor perceived mental health,Number,
7757,2022-01,New Brunswick,Men,Fair or poor perceived mental health,Number,
7758,2022-01,New Brunswick,Women,Excellent or very good perceived mental health,Percent,42.9
7759,2022-01,New Brunswick,Women,Excellent or very good perceived mental health,Percent,36.1
7760,2022-01,New Brunswick,Women,Excellent or very good perceived mental health,Percent,50.0
7761,2022-01,New Brunswick,Women,Excellent or very good perceived mental health,Number,144.0
7762,2022-01,New Brunswick,Women,Excellent or very good perceived mental health,Number,120.0
7763,2022-01,New Brunswick,Women,Excellent or very good perceived mental health,Number,168.0
7764,2022-01,New Brunswick,Women,Good perceived mental health,Percent,36.6
7765,2022-01,New Brunswick,Women,Good perceived mental health,Percent,30.3
7766,2022-01,New Brunswick,Women,Good perceived mental health,Percent,43.5
7767,2022-01,New Brunswick,Women,Good perceived mental health,Number,123.0
7768,2022-01,New Brunswick,Women,Good perceived mental health,Number,101.0
7769,2022-01,New Brunswick,Women,Good perceived mental health,Number,145.0
7770,2022-01,New Brunswick,Women,Fair or poor perceived mental health,Percent,20.5
7771,2022-01,New Brunswick,Women,Fair or poor perceived mental health,Percent,15.8
7772,2022-01,New Brunswick,Women,Fair or poor perceived mental health,Percent,26.1
7773,2022-01,New Brunswick,Women,Fair or poor perceived mental health,Number,69.0
7774,2022-01,New Brunswick,Women,Fair or poor perceived mental health,Number,51.0
7775,2022-01,New Brunswick,Women,Fair or poor perceived mental health,Number,86.0
7776,2022-01,Quebec,"Total, all persons",Excellent or very good perceived mental health,Percent,55.8
7777,2022-01,Quebec,"Total, all persons",Excellent or very good perceived mental health,Percent,53.2
7778,2022-01,Quebec,"Total, all persons",Excellent or very good perceived mental health,Percent,58.5
7779,2022-01,Quebec,"Total, all persons",Excellent or very good perceived mental health,Number,3986.0
7780,2022-01,Quebec,"Total, all persons",Excellent or very good perceived mental health,Number,3797.0
7781,2022-01,Quebec,"Total, all persons",Excellent or very good perceived mental health,Number,4175.0
7782,2022-01,Quebec,"Total, all persons",Good perceived mental health,Percent,31.1
7783,2022-01,Quebec,"Total, all persons",Good perceived mental health,Percent,28.8
7784,2022-01,Quebec,"Total, all persons",Good perceived mental health,Percent,33.6
7785,2022-01,Quebec,"Total, all persons",Good perceived mental health,Number,2222.0
7786,2022-01,Quebec,"Total, all persons",Good perceived mental health,Number,2053.0
7787,2022-01,Quebec,"Total, all persons",Good perceived mental health,Number,2392.0
7788,2022-01,Quebec,"Total, all persons",Fair or poor perceived mental health,Percent,13.0
7789,2022-01,Quebec,"Total, all persons",Fair or poor perceived mental health,Percent,11.3
7790,2022-01,Quebec,"Total, all persons",Fair or poor perceived mental health,Percent,15.0
7791,2022-01,Quebec,"Total, all persons",Fair or poor perceived mental health,Number,929.0
7792,2022-01,Quebec,"Total, all persons",Fair or poor perceived mental health,Number,796.0
7793,2022-01,Quebec,"Total, all persons",Fair or poor perceived mental health,Number,1063.0
7794,2022-01,Quebec,Men,Excellent or very good perceived mental health,Percent,57.3
7795,2022-01,Quebec,Men,Excellent or very good perceived mental health,Percent,53.2
7796,2022-01,Quebec,Men,Excellent or very good perceived mental health,Percent,61.3
7797,2022-01,Quebec,Men,Excellent or very good perceived mental health,Number,2034.0
7798,2022-01,Quebec,Men,Excellent or very good perceived mental health,Number,1889.0
7799,2022-01,Quebec,Men,Excellent or very good perceived mental health,Number,2180.0
7800,2022-01,Quebec,Men,Good perceived mental health,Percent,30.0
7801,2022-01,Quebec,Men,Good perceived mental health,Percent,26.4
7802,2022-01,Quebec,Men,Good perceived mental health,Percent,34.0
7803,2022-01,Quebec,Men,Good perceived mental health,Number,1067.0
7804,2022-01,Quebec,Men,Good perceived mental health,Number,932.0
7805,2022-01,Quebec,Men,Good perceived mental health,Number,1202.0
7806,2022-01,Quebec,Men,Fair or poor perceived mental health,Percent,12.7
7807,2022-01,Quebec,Men,Fair or poor perceived mental health,Percent,10.2
7808,2022-01,Quebec,Men,Fair or poor perceived mental health,Percent,15.7
7809,2022-01,Quebec,Men,Fair or poor perceived mental health,Number,451.0
7810,2022-01,Quebec,Men,Fair or poor perceived mental health,Number,353.0
7811,2022-01,Quebec,Men,Fair or poor perceived mental health,Number,549.0
7812,2022-01,Quebec,Women,Excellent or very good perceived mental health,Percent,54.4
7813,2022-01,Quebec,Women,Excellent or very good perceived mental health,Percent,50.8
7814,2022-01,Quebec,Women,Excellent or very good perceived mental health,Percent,58.0
7815,2022-01,Quebec,Women,Excellent or very good perceived mental health,Number,1952.0
7816,2022-01,Quebec,Women,Excellent or very good perceived mental health,Number,1823.0
7817,2022-01,Quebec,Women,Excellent or very good perceived mental health,Number,2080.0
7818,2022-01,Quebec,Women,Good perceived mental health,Percent,32.2
7819,2022-01,Quebec,Women,Good perceived mental health,Percent,29.2
7820,2022-01,Quebec,Women,Good perceived mental health,Percent,35.4
7821,2022-01,Quebec,Women,Good perceived mental health,Number,1156.0
7822,2022-01,Quebec,Women,Good perceived mental health,Number,1043.0
7823,2022-01,Quebec,Women,Good perceived mental health,Number,1268.0
7824,2022-01,Quebec,Women,Fair or poor perceived mental health,Percent,13.4
7825,2022-01,Quebec,Women,Fair or poor perceived mental health,Percent,11.0
7826,2022-01,Quebec,Women,Fair or poor perceived mental health,Percent,16.1
7827,2022-01,Quebec,Women,Fair or poor perceived mental health,Number,479.0
7828,2022-01,Quebec,Women,Fair or poor perceived mental health,Number,386.0
7829,2022-01,Quebec,Women,Fair or poor perceived mental health,Number,571.0
7830,2022-01,Ontario,"Total, all persons",Excellent or very good perceived mental health,Percent,44.9
7831,2022-01,Ontario,"Total, all persons",Excellent or very good perceived mental health,Percent,42.6
7832,2022-01,Ontario,"Total, all persons",Excellent or very good perceived mental health,Percent,47.2
7833,2022-01,Ontario,"Total, all persons",Excellent or very good perceived mental health,Number,5605.0
7834,2022-01,Ontario,"Total, all persons",Excellent or very good perceived mental health,Number,5318.0
7835,2022-01,Ontario,"Total, all persons",Excellent or very good perceived mental health,Number,5892.0
7836,2022-01,Ontario,"Total, all persons",Good perceived mental health,Percent,33.6
7837,2022-01,Ontario,"Total, all persons",Good perceived mental health,Percent,31.4
7838,2022-01,Ontario,"Total, all persons",Good perceived mental health,Percent,35.9
7839,2022-01,Ontario,"Total, all persons",Good perceived mental health,Number,4192.0
7840,2022-01,Ontario,"Total, all persons",Good perceived mental health,Number,3909.0
7841,2022-01,Ontario,"Total, all persons",Good perceived mental health,Number,4475.0
7842,2022-01,Ontario,"Total, all persons",Fair or poor perceived mental health,Percent,21.5
7843,2022-01,Ontario,"Total, all persons",Fair or poor perceived mental health,Percent,19.6
7844,2022-01,Ontario,"Total, all persons",Fair or poor perceived mental health,Percent,23.5
7845,2022-01,Ontario,"Total, all persons",Fair or poor perceived mental health,Number,2682.0
7846,2022-01,Ontario,"Total, all persons",Fair or poor perceived mental health,Number,2438.0
7847,2022-01,Ontario,"Total, all persons",Fair or poor perceived mental health,Number,2926.0
7848,2022-01,Ontario,Men,Excellent or very good perceived mental health,Percent,51.2
7849,2022-01,Ontario,Men,Excellent or very good perceived mental health,Percent,47.7
7850,2022-01,Ontario,Men,Excellent or very good perceived mental health,Percent,54.8
7851,2022-01,Ontario,Men,Excellent or very good perceived mental health,Number,3152.0
7852,2022-01,Ontario,Men,Excellent or very good perceived mental health,Number,2935.0
7853,2022-01,Ontario,Men,Excellent or very good perceived mental health,Number,3368.0
7854,2022-01,Ontario,Men,Good perceived mental health,Percent,30.9
7855,2022-01,Ontario,Men,Good perceived mental health,Percent,27.6
7856,2022-01,Ontario,Men,Good perceived mental health,Percent,34.3
7857,2022-01,Ontario,Men,Good perceived mental health,Number,1898.0
7858,2022-01,Ontario,Men,Good perceived mental health,Number,1691.0
7859,2022-01,Ontario,Men,Good perceived mental health,Number,2105.0
7860,2022-01,Ontario,Men,Fair or poor perceived mental health,Percent,17.9
7861,2022-01,Ontario,Men,Fair or poor perceived mental health,Percent,15.4
7862,2022-01,Ontario,Men,Fair or poor perceived mental health,Percent,20.8
7863,2022-01,Ontario,Men,Fair or poor perceived mental health,Number,1102.0
7864,2022-01,Ontario,Men,Fair or poor perceived mental health,Number,934.0
7865,2022-01,Ontario,Men,Fair or poor perceived mental health,Number,1270.0
7866,2022-01,Ontario,Women,Excellent or very good perceived mental health,Percent,38.8
7867,2022-01,Ontario,Women,Excellent or very good perceived mental health,Percent,35.8
7868,2022-01,Ontario,Women,Excellent or very good perceived mental health,Percent,41.9
7869,2022-01,Ontario,Women,Excellent or very good perceived mental health,Number,2453.0
7870,2022-01,Ontario,Women,Excellent or very good perceived mental health,Number,2259.0
7871,2022-01,Ontario,Women,Excellent or very good perceived mental health,Number,2648.0
7872,2022-01,Ontario,Women,Good perceived mental health,Percent,36.3
7873,2022-01,Ontario,Women,Good perceived mental health,Percent,33.3
7874,2022-01,Ontario,Women,Good perceived mental health,Percent,39.3
7875,2022-01,Ontario,Women,Good perceived mental health,Number,2294.0
7876,2022-01,Ontario,Women,Good perceived mental health,Number,2104.0
7877,2022-01,Ontario,Women,Good perceived mental health,Number,2483.0
7878,2022-01,Ontario,Women,Fair or poor perceived mental health,Percent,25.0
7879,2022-01,Ontario,Women,Fair or poor perceived mental health,Percent,22.2
7880,2022-01,Ontario,Women,Fair or poor perceived mental health,Percent,28.0
7881,2022-01,Ontario,Women,Fair or poor perceived mental health,Number,1581.0
7882,2022-01,Ontario,Women,Fair or poor perceived mental health,Number,1398.0
7883,2022-01,Ontario,Women,Fair or poor perceived mental health,Number,1763.0
7884,2022-01,Manitoba,"Total, all persons",Excellent or very good perceived mental health,Percent,48.8
7885,2022-01,Manitoba,"Total, all persons",Excellent or very good perceived mental health,Percent,43.7
7886,2022-01,Manitoba,"Total, all persons",Excellent or very good perceived mental health,Percent,53.9
7887,2022-01,Manitoba,"Total, all persons",Excellent or very good perceived mental health,Number,517.0
7888,2022-01,Manitoba,"Total, all persons",Excellent or very good perceived mental health,Number,463.0
7889,2022-01,Manitoba,"Total, all persons",Excellent or very good perceived mental health,Number,571.0
7890,2022-01,Manitoba,"Total, all persons",Good perceived mental health,Percent,32.2
7891,2022-01,Manitoba,"Total, all persons",Good perceived mental health,Percent,27.5
7892,2022-01,Manitoba,"Total, all persons",Good perceived mental health,Percent,37.1
7893,2022-01,Manitoba,"Total, all persons",Good perceived mental health,Number,341.0
7894,2022-01,Manitoba,"Total, all persons",Good perceived mental health,Number,290.0
7895,2022-01,Manitoba,"Total, all persons",Good perceived mental health,Number,392.0
7896,2022-01,Manitoba,"Total, all persons",Fair or poor perceived mental health,Percent,19.1
7897,2022-01,Manitoba,"Total, all persons",Fair or poor perceived mental health,Percent,15.4
7898,2022-01,Manitoba,"Total, all persons",Fair or poor perceived mental health,Percent,23.4
7899,2022-01,Manitoba,"Total, all persons",Fair or poor perceived mental health,Number,202.0
7900,2022-01,Manitoba,"Total, all persons",Fair or poor perceived mental health,Number,160.0
7901,2022-01,Manitoba,"Total, all persons",Fair or poor perceived mental health,Number,244.0
7902,2022-01,Manitoba,Men,Excellent or very good perceived mental health,Percent,49.2
7903,2022-01,Manitoba,Men,Excellent or very good perceived mental health,Percent,41.4
7904,2022-01,Manitoba,Men,Excellent or very good perceived mental health,Percent,57.1
7905,2022-01,Manitoba,Men,Excellent or very good perceived mental health,Number,259.0
7906,2022-01,Manitoba,Men,Excellent or very good perceived mental health,Number,218.0
7907,2022-01,Manitoba,Men,Excellent or very good perceived mental health,Number,301.0
7908,2022-01,Manitoba,Men,Good perceived mental health,Percent,32.9
7909,2022-01,Manitoba,Men,Good perceived mental health,Percent,25.8
7910,2022-01,Manitoba,Men,Good perceived mental health,Percent,40.8
7911,2022-01,Manitoba,Men,Good perceived mental health,Number,173.0
7912,2022-01,Manitoba,Men,Good perceived mental health,Number,134.0
7913,2022-01,Manitoba,Men,Good perceived mental health,Number,213.0
7914,2022-01,Manitoba,Men,Fair or poor perceived mental health,Percent,17.9
7915,2022-01,Manitoba,Men,Fair or poor perceived mental health,Percent,12.8
7916,2022-01,Manitoba,Men,Fair or poor perceived mental health,Percent,24.5
7917,2022-01,Manitoba,Men,Fair or poor perceived mental health,Number,
7918,2022-01,Manitoba,Men,Fair or poor perceived mental health,Number,
7919,2022-01,Manitoba,Men,Fair or poor perceived mental health,Number,
7920,2022-01,Manitoba,Women,Excellent or very good perceived mental health,Percent,48.3
7921,2022-01,Manitoba,Women,Excellent or very good perceived mental health,Percent,42.0
7922,2022-01,Manitoba,Women,Excellent or very good perceived mental health,Percent,54.8
7923,2022-01,Manitoba,Women,Excellent or very good perceived mental health,Number,257.0
7924,2022-01,Manitoba,Women,Excellent or very good perceived mental health,Number,223.0
7925,2022-01,Manitoba,Women,Excellent or very good perceived mental health,Number,292.0
7926,2022-01,Manitoba,Women,Good perceived mental health,Percent,31.4
7927,2022-01,Manitoba,Women,Good perceived mental health,Percent,25.8
7928,2022-01,Manitoba,Women,Good perceived mental health,Percent,37.7
7929,2022-01,Manitoba,Women,Good perceived mental health,Number,167.0
7930,2022-01,Manitoba,Women,Good perceived mental health,Number,136.0
7931,2022-01,Manitoba,Women,Good perceived mental health,Number,199.0
7932,2022-01,Manitoba,Women,Fair or poor perceived mental health,Percent,20.2
7933,2022-01,Manitoba,Women,Fair or poor perceived mental health,Percent,15.4
7934,2022-01,Manitoba,Women,Fair or poor perceived mental health,Percent,26.1
7935,2022-01,Manitoba,Women,Fair or poor perceived mental health,Number,108.0
7936,2022-01,Manitoba,Women,Fair or poor perceived mental health,Number,79.0
7937,2022-01,Manitoba,Women,Fair or poor perceived mental health,Number,136.0
7938,2022-01,Saskatchewan,"Total, all persons",Excellent or very good perceived mental health,Percent,46.9
7939,2022-01,Saskatchewan,"Total, all persons",Excellent or very good perceived mental health,Percent,42.2
7940,2022-01,Saskatchewan,"Total, all persons",Excellent or very good perceived mental health,Percent,51.8
7941,2022-01,Saskatchewan,"Total, all persons",Excellent or very good perceived mental health,Number,419.0
7942,2022-01,Saskatchewan,"Total, all persons",Excellent or very good perceived mental health,Number,376.0
7943,2022-01,Saskatchewan,"Total, all persons",Excellent or very good perceived mental health,Number,462.0
7944,2022-01,Saskatchewan,"Total, all persons",Good perceived mental health,Percent,34.1
7945,2022-01,Saskatchewan,"Total, all persons",Good perceived mental health,Percent,29.6
7946,2022-01,Saskatchewan,"Total, all persons",Good perceived mental health,Percent,38.9
7947,2022-01,Saskatchewan,"Total, all persons",Good perceived mental health,Number,305.0
7948,2022-01,Saskatchewan,"Total, all persons",Good perceived mental health,Number,263.0
7949,2022-01,Saskatchewan,"Total, all persons",Good perceived mental health,Number,346.0
7950,2022-01,Saskatchewan,"Total, all persons",Fair or poor perceived mental health,Percent,18.9
7951,2022-01,Saskatchewan,"Total, all persons",Fair or poor perceived mental health,Percent,14.9
7952,2022-01,Saskatchewan,"Total, all persons",Fair or poor perceived mental health,Percent,23.8
7953,2022-01,Saskatchewan,"Total, all persons",Fair or poor perceived mental health,Number,169.0
7954,2022-01,Saskatchewan,"Total, all persons",Fair or poor perceived mental health,Number,129.0
7955,2022-01,Saskatchewan,"Total, all persons",Fair or poor perceived mental health,Number,209.0
7956,2022-01,Saskatchewan,Men,Excellent or very good perceived mental health,Percent,57.1
7957,2022-01,Saskatchewan,Men,Excellent or very good perceived mental health,Percent,49.9
7958,2022-01,Saskatchewan,Men,Excellent or very good perceived mental health,Percent,64.0
7959,2022-01,Saskatchewan,Men,Excellent or very good perceived mental health,Number,249.0
7960,2022-01,Saskatchewan,Men,Excellent or very good perceived mental health,Number,217.0
7961,2022-01,Saskatchewan,Men,Excellent or very good perceived mental health,Number,281.0
7962,2022-01,Saskatchewan,Men,Good perceived mental health,Percent,28.6
7963,2022-01,Saskatchewan,Men,Good perceived mental health,Percent,22.7
7964,2022-01,Saskatchewan,Men,Good perceived mental health,Percent,35.3
7965,2022-01,Saskatchewan,Men,Good perceived mental health,Number,125.0
7966,2022-01,Saskatchewan,Men,Good perceived mental health,Number,96.0
7967,2022-01,Saskatchewan,Men,Good perceived mental health,Number,153.0
7968,2022-01,Saskatchewan,Men,Fair or poor perceived mental health,Percent,14.3
7969,2022-01,Saskatchewan,Men,Fair or poor perceived mental health,Percent,9.5
7970,2022-01,Saskatchewan,Men,Fair or poor perceived mental health,Percent,21.0
7971,2022-01,Saskatchewan,Men,Fair or poor perceived mental health,Number,
7972,2022-01,Saskatchewan,Men,Fair or poor perceived mental health,Number,
7973,2022-01,Saskatchewan,Men,Fair or poor perceived mental health,Number,
7974,2022-01,Saskatchewan,Women,Excellent or very good perceived mental health,Percent,37.3
7975,2022-01,Saskatchewan,Women,Excellent or very good perceived mental health,Percent,31.0
7976,2022-01,Saskatchewan,Women,Excellent or very good perceived mental health,Percent,44.0
7977,2022-01,Saskatchewan,Women,Excellent or very good perceived mental health,Number,170.0
7978,2022-01,Saskatchewan,Women,Excellent or very good perceived mental health,Number,142.0
7979,2022-01,Saskatchewan,Women,Excellent or very good perceived mental health,Number,199.0
7980,2022-01,Saskatchewan,Women,Good perceived mental health,Percent,39.4
7981,2022-01,Saskatchewan,Women,Good perceived mental health,Percent,32.7
7982,2022-01,Saskatchewan,Women,Good perceived mental health,Percent,46.4
7983,2022-01,Saskatchewan,Women,Good perceived mental health,Number,180.0
7984,2022-01,Saskatchewan,Women,Good perceived mental health,Number,150.0
7985,2022-01,Saskatchewan,Women,Good perceived mental health,Number,210.0
7986,2022-01,Saskatchewan,Women,Fair or poor perceived mental health,Percent,23.3
7987,2022-01,Saskatchewan,Women,Fair or poor perceived mental health,Percent,17.2
7988,2022-01,Saskatchewan,Women,Fair or poor perceived mental health,Percent,30.8
7989,2022-01,Saskatchewan,Women,Fair or poor perceived mental health,Number,107.0
7990,2022-01,Saskatchewan,Women,Fair or poor perceived mental health,Number,73.0
7991,2022-01,Saskatchewan,Women,Fair or poor perceived mental health,Number,140.0
7992,2022-01,Alberta,"Total, all persons",Excellent or very good perceived mental health,Percent,46.3
7993,2022-01,Alberta,"Total, all persons",Excellent or very good perceived mental health,Percent,42.4
7994,2022-01,Alberta,"Total, all persons",Excellent or very good perceived mental health,Percent,50.2
7995,2022-01,Alberta,"Total, all persons",Excellent or very good perceived mental health,Number,1657.0
7996,2022-01,Alberta,"Total, all persons",Excellent or very good perceived mental health,Number,1517.0
7997,2022-01,Alberta,"Total, all persons",Excellent or very good perceived mental health,Number,1797.0
7998,2022-01,Alberta,"Total, all persons",Good perceived mental health,Percent,32.3
7999,2022-01,Alberta,"Total, all persons",Good perceived mental health,Percent,28.6
8000,2022-01,Alberta,"Total, all persons",Good perceived mental health,Percent,36.2
8001,2022-01,Alberta,"Total, all persons",Good perceived mental health,Number,1155.0
8002,2022-01,Alberta,"Total, all persons",Good perceived mental health,Number,1019.0
8003,2022-01,Alberta,"Total, all persons",Good perceived mental health,Number,1291.0
8004,2022-01,Alberta,"Total, all persons",Fair or poor perceived mental health,Percent,21.4
8005,2022-01,Alberta,"Total, all persons",Fair or poor perceived mental health,Percent,18.2
8006,2022-01,Alberta,"Total, all persons",Fair or poor perceived mental health,Percent,25.0
8007,2022-01,Alberta,"Total, all persons",Fair or poor perceived mental health,Number,767.0
8008,2022-01,Alberta,"Total, all persons",Fair or poor perceived mental health,Number,645.0
8009,2022-01,Alberta,"Total, all persons",Fair or poor perceived mental health,Number,889.0
8010,2022-01,Alberta,Men,Excellent or very good perceived mental health,Percent,50.7
8011,2022-01,Alberta,Men,Excellent or very good perceived mental health,Percent,44.9
8012,2022-01,Alberta,Men,Excellent or very good perceived mental health,Percent,56.5
8013,2022-01,Alberta,Men,Excellent or very good perceived mental health,Number,908.0
8014,2022-01,Alberta,Men,Excellent or very good perceived mental health,Number,804.0
8015,2022-01,Alberta,Men,Excellent or very good perceived mental health,Number,1013.0
8016,2022-01,Alberta,Men,Good perceived mental health,Percent,30.2
8017,2022-01,Alberta,Men,Good perceived mental health,Percent,25.1
8018,2022-01,Alberta,Men,Good perceived mental health,Percent,35.9
8019,2022-01,Alberta,Men,Good perceived mental health,Number,541.0
8020,2022-01,Alberta,Men,Good perceived mental health,Number,444.0
8021,2022-01,Alberta,Men,Good perceived mental health,Number,638.0
8022,2022-01,Alberta,Men,Fair or poor perceived mental health,Percent,19.1
8023,2022-01,Alberta,Men,Fair or poor perceived mental health,Percent,14.9
8024,2022-01,Alberta,Men,Fair or poor perceived mental health,Percent,24.2
8025,2022-01,Alberta,Men,Fair or poor perceived mental health,Number,342.0
8026,2022-01,Alberta,Men,Fair or poor perceived mental health,Number,258.0
8027,2022-01,Alberta,Men,Fair or poor perceived mental health,Number,426.0
8028,2022-01,Alberta,Women,Excellent or very good perceived mental health,Percent,41.9
8029,2022-01,Alberta,Women,Excellent or very good perceived mental health,Percent,36.8
8030,2022-01,Alberta,Women,Excellent or very good perceived mental health,Percent,47.1
8031,2022-01,Alberta,Women,Excellent or very good perceived mental health,Number,749.0
8032,2022-01,Alberta,Women,Excellent or very good perceived mental health,Number,657.0
8033,2022-01,Alberta,Women,Excellent or very good perceived mental health,Number,841.0
8034,2022-01,Alberta,Women,Good perceived mental health,Percent,34.3
8035,2022-01,Alberta,Women,Good perceived mental health,Percent,29.2
8036,2022-01,Alberta,Women,Good perceived mental health,Percent,39.9
8037,2022-01,Alberta,Women,Good perceived mental health,Number,614.0
8038,2022-01,Alberta,Women,Good perceived mental health,Number,518.0
8039,2022-01,Alberta,Women,Good perceived mental health,Number,710.0
8040,2022-01,Alberta,Women,Fair or poor perceived mental health,Percent,23.8
8041,2022-01,Alberta,Women,Fair or poor perceived mental health,Percent,19.2
8042,2022-01,Alberta,Women,Fair or poor perceived mental health,Percent,29.1
8043,2022-01,Alberta,Women,Fair or poor perceived mental health,Number,425.0
8044,2022-01,Alberta,Women,Fair or poor perceived mental health,Number,336.0
8045,2022-01,Alberta,Women,Fair or poor perceived mental health,Number,514.0
8046,2022-01,British Columbia,"Total, all persons",Excellent or very good perceived mental health,Percent,42.8
8047,2022-01,British Columbia,"Total, all persons",Excellent or very good perceived mental health,Percent,39.2
8048,2022-01,British Columbia,"Total, all persons",Excellent or very good perceived mental health,Percent,46.4
8049,2022-01,British Columbia,"Total, all persons",Excellent or very good perceived mental health,Number,1885.0
8050,2022-01,British Columbia,"Total, all persons",Excellent or very good perceived mental health,Number,1726.0
8051,2022-01,British Columbia,"Total, all persons",Excellent or very good perceived mental health,Number,2045.0
8052,2022-01,British Columbia,"Total, all persons",Good perceived mental health,Percent,34.2
8053,2022-01,British Columbia,"Total, all persons",Good perceived mental health,Percent,30.8
8054,2022-01,British Columbia,"Total, all persons",Good perceived mental health,Percent,37.8
8055,2022-01,British Columbia,"Total, all persons",Good perceived mental health,Number,1508.0
8056,2022-01,British Columbia,"Total, all persons",Good perceived mental health,Number,1352.0
8057,2022-01,British Columbia,"Total, all persons",Good perceived mental health,Number,1663.0
8058,2022-01,British Columbia,"Total, all persons",Fair or poor perceived mental health,Percent,23.0
8059,2022-01,British Columbia,"Total, all persons",Fair or poor perceived mental health,Percent,20.1
8060,2022-01,British Columbia,"Total, all persons",Fair or poor perceived mental health,Percent,26.3
8061,2022-01,British Columbia,"Total, all persons",Fair or poor perceived mental health,Number,1016.0
8062,2022-01,British Columbia,"Total, all persons",Fair or poor perceived mental health,Number,879.0
8063,2022-01,British Columbia,"Total, all persons",Fair or poor perceived mental health,Number,1153.0
8064,2022-01,British Columbia,Men,Excellent or very good perceived mental health,Percent,46.5
8065,2022-01,British Columbia,Men,Excellent or very good perceived mental health,Percent,40.8
8066,2022-01,British Columbia,Men,Excellent or very good perceived mental health,Percent,52.3
8067,2022-01,British Columbia,Men,Excellent or very good perceived mental health,Number,1003.0
8068,2022-01,British Columbia,Men,Excellent or very good perceived mental health,Number,877.0
8069,2022-01,British Columbia,Men,Excellent or very good perceived mental health,Number,1128.0
8070,2022-01,British Columbia,Men,Good perceived mental health,Percent,34.0
8071,2022-01,British Columbia,Men,Good perceived mental health,Percent,28.6
8072,2022-01,British Columbia,Men,Good perceived mental health,Percent,39.9
8073,2022-01,British Columbia,Men,Good perceived mental health,Number,734.0
8074,2022-01,British Columbia,Men,Good perceived mental health,Number,613.0
8075,2022-01,British Columbia,Men,Good perceived mental health,Number,856.0
8076,2022-01,British Columbia,Men,Fair or poor perceived mental health,Percent,19.5
8077,2022-01,British Columbia,Men,Fair or poor perceived mental health,Percent,15.3
8078,2022-01,British Columbia,Men,Fair or poor perceived mental health,Percent,24.4
8079,2022-01,British Columbia,Men,Fair or poor perceived mental health,Number,420.0
8080,2022-01,British Columbia,Men,Fair or poor perceived mental health,Number,320.0
8081,2022-01,British Columbia,Men,Fair or poor perceived mental health,Number,519.0
8082,2022-01,British Columbia,Women,Excellent or very good perceived mental health,Percent,39.2
8083,2022-01,British Columbia,Women,Excellent or very good perceived mental health,Percent,34.7
8084,2022-01,British Columbia,Women,Excellent or very good perceived mental health,Percent,43.8
8085,2022-01,British Columbia,Women,Excellent or very good perceived mental health,Number,882.0
8086,2022-01,British Columbia,Women,Excellent or very good perceived mental health,Number,779.0
8087,2022-01,British Columbia,Women,Excellent or very good perceived mental health,Number,986.0
8088,2022-01,British Columbia,Women,Good perceived mental health,Percent,34.3
8089,2022-01,British Columbia,Women,Good perceived mental health,Percent,30.1
8090,2022-01,British Columbia,Women,Good perceived mental health,Percent,38.8
8091,2022-01,British Columbia,Women,Good perceived mental health,Number,773.0
8092,2022-01,British Columbia,Women,Good perceived mental health,Number,675.0
8093,2022-01,British Columbia,Women,Good perceived mental health,Number,872.0
8094,2022-01,British Columbia,Women,Fair or poor perceived mental health,Percent,26.5
8095,2022-01,British Columbia,Women,Fair or poor perceived mental health,Percent,22.5
8096,2022-01,British Columbia,Women,Fair or poor perceived mental health,Percent,30.8
8097,2022-01,British Columbia,Women,Fair or poor perceived mental health,Number,597.0
8098,2022-01,British Columbia,Women,Fair or poor perceived mental health,Number,503.0
8099,2022-01,British Columbia,Women,Fair or poor perceived mental health,Number,691.0
8100,2022-04,Newfoundland and Labrador,"Total, all persons",Excellent or very good perceived mental health,Percent,52.0
8101,2022-04,Newfoundland and Labrador,"Total, all persons",Excellent or very good perceived mental health,Percent,46.7
8102,2022-04,Newfoundland and Labrador,"Total, all persons",Excellent or very good perceived mental health,Percent,57.4
8103,2022-04,Newfoundland and Labrador,"Total, all persons",Excellent or very good perceived mental health,Number,233.0
8104,2022-04,Newfoundland and Labrador,"Total, all persons",Excellent or very good perceived mental health,Number,209.0
8105,2022-04,Newfoundland and Labrador,"Total, all persons",Excellent or very good perceived mental health,Number,257.0
8106,2022-04,Newfoundland and Labrador,"Total, all persons",Good perceived mental health,Percent,29.0
8107,2022-04,Newfoundland and Labrador,"Total, all persons",Good perceived mental health,Percent,24.3
8108,2022-04,Newfoundland and Labrador,"Total, all persons",Good perceived mental health,Percent,34.1
8109,2022-04,Newfoundland and Labrador,"Total, all persons",Good perceived mental health,Number,130.0
8110,2022-04,Newfoundland and Labrador,"Total, all persons",Good perceived mental health,Number,108.0
8111,2022-04,Newfoundland and Labrador,"Total, all persons",Good perceived mental health,Number,152.0
8112,2022-04,Newfoundland and Labrador,"Total, all persons",Fair or poor perceived mental health,Percent,19.0
8113,2022-04,Newfoundland and Labrador,"Total, all persons",Fair or poor perceived mental health,Percent,15.1
8114,2022-04,Newfoundland and Labrador,"Total, all persons",Fair or poor perceived mental health,Percent,23.5
8115,2022-04,Newfoundland and Labrador,"Total, all persons",Fair or poor perceived mental health,Number,85.0
8116,2022-04,Newfoundland and Labrador,"Total, all persons",Fair or poor perceived mental health,Number,66.0
8117,2022-04,Newfoundland and Labrador,"Total, all persons",Fair or poor perceived mental health,Number,104.0
8118,2022-04,Newfoundland and Labrador,Men,Excellent or very good perceived mental health,Percent,52.1
8119,2022-04,Newfoundland and Labrador,Men,Excellent or very good perceived mental health,Percent,44.1
8120,2022-04,Newfoundland and Labrador,Men,Excellent or very good perceived mental health,Percent,60.0
8121,2022-04,Newfoundland and Labrador,Men,Excellent or very good perceived mental health,Number,115.0
8122,2022-04,Newfoundland and Labrador,Men,Excellent or very good perceived mental health,Number,97.0
8123,2022-04,Newfoundland and Labrador,Men,Excellent or very good perceived mental health,Number,132.0
8124,2022-04,Newfoundland and Labrador,Men,Good perceived mental health,Percent,29.9
8125,2022-04,Newfoundland and Labrador,Men,Good perceived mental health,Percent,22.8
8126,2022-04,Newfoundland and Labrador,Men,Good perceived mental health,Percent,38.1
8127,2022-04,Newfoundland and Labrador,Men,Good perceived mental health,Number,
8128,2022-04,Newfoundland and Labrador,Men,Good perceived mental health,Number,
8129,2022-04,Newfoundland and Labrador,Men,Good perceived mental health,Number,
8130,2022-04,Newfoundland and Labrador,Men,Fair or poor perceived mental health,Percent,18.0
8131,2022-04,Newfoundland and Labrador,Men,Fair or poor perceived mental health,Percent,12.8
8132,2022-04,Newfoundland and Labrador,Men,Fair or poor perceived mental health,Percent,24.9
8133,2022-04,Newfoundland and Labrador,Men,Fair or poor perceived mental health,Number,
8134,2022-04,Newfoundland and Labrador,Men,Fair or poor perceived mental health,Number,
8135,2022-04,Newfoundland and Labrador,Men,Fair or poor perceived mental health,Number,
8136,2022-04,Newfoundland and Labrador,Women,Excellent or very good perceived mental health,Percent,52.0
8137,2022-04,Newfoundland and Labrador,Women,Excellent or very good perceived mental health,Percent,44.9
8138,2022-04,Newfoundland and Labrador,Women,Excellent or very good perceived mental health,Percent,59.0
8139,2022-04,Newfoundland and Labrador,Women,Excellent or very good perceived mental health,Number,119.0
8140,2022-04,Newfoundland and Labrador,Women,Excellent or very good perceived mental health,Number,103.0
8141,2022-04,Newfoundland and Labrador,Women,Excellent or very good perceived mental health,Number,135.0
8142,2022-04,Newfoundland and Labrador,Women,Good perceived mental health,Percent,28.1
8143,2022-04,Newfoundland and Labrador,Women,Good perceived mental health,Percent,22.6
8144,2022-04,Newfoundland and Labrador,Women,Good perceived mental health,Percent,34.4
8145,2022-04,Newfoundland and Labrador,Women,Good perceived mental health,Number,64.0
8146,2022-04,Newfoundland and Labrador,Women,Good perceived mental health,Number,51.0
8147,2022-04,Newfoundland and Labrador,Women,Good perceived mental health,Number,78.0
8148,2022-04,Newfoundland and Labrador,Women,Fair or poor perceived mental health,Percent,19.9
8149,2022-04,Newfoundland and Labrador,Women,Fair or poor perceived mental health,Percent,14.8
8150,2022-04,Newfoundland and Labrador,Women,Fair or poor perceived mental health,Percent,26.2
8151,2022-04,Newfoundland and Labrador,Women,Fair or poor perceived mental health,Number,
8152,2022-04,Newfoundland and Labrador,Women,Fair or poor perceived mental health,Number,
8153,2022-04,Newfoundland and Labrador,Women,Fair or poor perceived mental health,Number,
8154,2022-04,Prince Edward Island,"Total, all persons",Excellent or very good perceived mental health,Percent,49.8
8155,2022-04,Prince Edward Island,"Total, all persons",Excellent or very good perceived mental health,Percent,44.5
8156,2022-04,Prince Edward Island,"Total, all persons",Excellent or very good perceived mental health,Percent,55.0
8157,2022-04,Prince Edward Island,"Total, all persons",Excellent or very good perceived mental health,Number,69.0
8158,2022-04,Prince Edward Island,"Total, all persons",Excellent or very good perceived mental health,Number,62.0
8159,2022-04,Prince Edward Island,"Total, all persons",Excellent or very good perceived mental health,Number,76.0
8160,2022-04,Prince Edward Island,"Total, all persons",Good perceived mental health,Percent,32.5
8161,2022-04,Prince Edward Island,"Total, all persons",Good perceived mental health,Percent,27.9
8162,2022-04,Prince Edward Island,"Total, all persons",Good perceived mental health,Percent,37.4
8163,2022-04,Prince Edward Island,"Total, all persons",Good perceived mental health,Number,45.0
8164,2022-04,Prince Edward Island,"Total, all persons",Good perceived mental health,Number,38.0
8165,2022-04,Prince Edward Island,"Total, all persons",Good perceived mental health,Number,52.0
8166,2022-04,Prince Edward Island,"Total, all persons",Fair or poor perceived mental health,Percent,17.7
8167,2022-04,Prince Edward Island,"Total, all persons",Fair or poor perceived mental health,Percent,13.9
8168,2022-04,Prince Edward Island,"Total, all persons",Fair or poor perceived mental health,Percent,22.3
8169,2022-04,Prince Edward Island,"Total, all persons",Fair or poor perceived mental health,Number,25.0
8170,2022-04,Prince Edward Island,"Total, all persons",Fair or poor perceived mental health,Number,19.0
8171,2022-04,Prince Edward Island,"Total, all persons",Fair or poor perceived mental health,Number,30.0
8172,2022-04,Prince Edward Island,Men,Excellent or very good perceived mental health,Percent,54.8
8173,2022-04,Prince Edward Island,Men,Excellent or very good perceived mental health,Percent,47.5
8174,2022-04,Prince Edward Island,Men,Excellent or very good perceived mental health,Percent,61.9
8175,2022-04,Prince Edward Island,Men,Excellent or very good perceived mental health,Number,37.0
8176,2022-04,Prince Edward Island,Men,Excellent or very good perceived mental health,Number,32.0
8177,2022-04,Prince Edward Island,Men,Excellent or very good perceived mental health,Number,42.0
8178,2022-04,Prince Edward Island,Men,Good perceived mental health,Percent,33.3
8179,2022-04,Prince Edward Island,Men,Good perceived mental health,Percent,26.7
8180,2022-04,Prince Edward Island,Men,Good perceived mental health,Percent,40.5
8181,2022-04,Prince Edward Island,Men,Good perceived mental health,Number,23.0
8182,2022-04,Prince Edward Island,Men,Good perceived mental health,Number,18.0
8183,2022-04,Prince Edward Island,Men,Good perceived mental health,Number,27.0
8184,2022-04,Prince Edward Island,Men,Fair or poor perceived mental health,Percent,12.0
8185,2022-04,Prince Edward Island,Men,Fair or poor perceived mental health,Percent,7.6
8186,2022-04,Prince Edward Island,Men,Fair or poor perceived mental health,Percent,18.2
8187,2022-04,Prince Edward Island,Men,Fair or poor perceived mental health,Number,
8188,2022-04,Prince Edward Island,Men,Fair or poor perceived mental health,Number,
8189,2022-04,Prince Edward Island,Men,Fair or poor perceived mental health,Number,
8190,2022-04,Prince Edward Island,Women,Excellent or very good perceived mental health,Percent,45.0
8191,2022-04,Prince Edward Island,Women,Excellent or very good perceived mental health,Percent,37.8
8192,2022-04,Prince Edward Island,Women,Excellent or very good perceived mental health,Percent,52.3
8193,2022-04,Prince Edward Island,Women,Excellent or very good perceived mental health,Number,32.0
8194,2022-04,Prince Edward Island,Women,Excellent or very good perceived mental health,Number,27.0
8195,2022-04,Prince Edward Island,Women,Excellent or very good perceived mental health,Number,37.0
8196,2022-04,Prince Edward Island,Women,Good perceived mental health,Percent,31.8
8197,2022-04,Prince Edward Island,Women,Good perceived mental health,Percent,25.8
8198,2022-04,Prince Edward Island,Women,Good perceived mental health,Percent,38.4
8199,2022-04,Prince Edward Island,Women,Good perceived mental health,Number,22.0
8200,2022-04,Prince Edward Island,Women,Good perceived mental health,Number,18.0
8201,2022-04,Prince Edward Island,Women,Good perceived mental health,Number,27.0
8202,2022-04,Prince Edward Island,Women,Fair or poor perceived mental health,Percent,23.3
8203,2022-04,Prince Edward Island,Women,Fair or poor perceived mental health,Percent,17.7
8204,2022-04,Prince Edward Island,Women,Fair or poor perceived mental health,Percent,30.0
8205,2022-04,Prince Edward Island,Women,Fair or poor perceived mental health,Number,
8206,2022-04,Prince Edward Island,Women,Fair or poor perceived mental health,Number,
8207,2022-04,Prince Edward Island,Women,Fair or poor perceived mental health,Number,
8208,2022-04,Nova Scotia,"Total, all persons",Excellent or very good perceived mental health,Percent,46.2
8209,2022-04,Nova Scotia,"Total, all persons",Excellent or very good perceived mental health,Percent,40.8
8210,2022-04,Nova Scotia,"Total, all persons",Excellent or very good perceived mental health,Percent,51.6
8211,2022-04,Nova Scotia,"Total, all persons",Excellent or very good perceived mental health,Number,390.0
8212,2022-04,Nova Scotia,"Total, all persons",Excellent or very good perceived mental health,Number,344.0
8213,2022-04,Nova Scotia,"Total, all persons",Excellent or very good perceived mental health,Number,436.0
8214,2022-04,Nova Scotia,"Total, all persons",Good perceived mental health,Percent,30.1
8215,2022-04,Nova Scotia,"Total, all persons",Good perceived mental health,Percent,25.5
8216,2022-04,Nova Scotia,"Total, all persons",Good perceived mental health,Percent,35.3
8217,2022-04,Nova Scotia,"Total, all persons",Good perceived mental health,Number,255.0
8218,2022-04,Nova Scotia,"Total, all persons",Good perceived mental health,Number,213.0
8219,2022-04,Nova Scotia,"Total, all persons",Good perceived mental health,Number,296.0
8220,2022-04,Nova Scotia,"Total, all persons",Fair or poor perceived mental health,Percent,23.7
8221,2022-04,Nova Scotia,"Total, all persons",Fair or poor perceived mental health,Percent,18.9
8222,2022-04,Nova Scotia,"Total, all persons",Fair or poor perceived mental health,Percent,29.3
8223,2022-04,Nova Scotia,"Total, all persons",Fair or poor perceived mental health,Number,200.0
8224,2022-04,Nova Scotia,"Total, all persons",Fair or poor perceived mental health,Number,156.0
8225,2022-04,Nova Scotia,"Total, all persons",Fair or poor perceived mental health,Number,244.0
8226,2022-04,Nova Scotia,Men,Excellent or very good perceived mental health,Percent,47.6
8227,2022-04,Nova Scotia,Men,Excellent or very good perceived mental health,Percent,39.6
8228,2022-04,Nova Scotia,Men,Excellent or very good perceived mental health,Percent,55.6
8229,2022-04,Nova Scotia,Men,Excellent or very good perceived mental health,Number,195.0
8230,2022-04,Nova Scotia,Men,Excellent or very good perceived mental health,Number,162.0
8231,2022-04,Nova Scotia,Men,Excellent or very good perceived mental health,Number,228.0
8232,2022-04,Nova Scotia,Men,Good perceived mental health,Percent,29.6
8233,2022-04,Nova Scotia,Men,Good perceived mental health,Percent,22.7
8234,2022-04,Nova Scotia,Men,Good perceived mental health,Percent,37.5
8235,2022-04,Nova Scotia,Men,Good perceived mental health,Number,122.0
8236,2022-04,Nova Scotia,Men,Good perceived mental health,Number,91.0
8237,2022-04,Nova Scotia,Men,Good perceived mental health,Number,152.0
8238,2022-04,Nova Scotia,Men,Fair or poor perceived mental health,Percent,22.9
8239,2022-04,Nova Scotia,Men,Fair or poor perceived mental health,Percent,16.5
8240,2022-04,Nova Scotia,Men,Fair or poor perceived mental health,Percent,30.8
8241,2022-04,Nova Scotia,Men,Fair or poor perceived mental health,Number,
8242,2022-04,Nova Scotia,Men,Fair or poor perceived mental health,Number,
8243,2022-04,Nova Scotia,Men,Fair or poor perceived mental health,Number,
8244,2022-04,Nova Scotia,Women,Excellent or very good perceived mental health,Percent,44.8
8245,2022-04,Nova Scotia,Women,Excellent or very good perceived mental health,Percent,37.8
8246,2022-04,Nova Scotia,Women,Excellent or very good perceived mental health,Percent,52.1
8247,2022-04,Nova Scotia,Women,Excellent or very good perceived mental health,Number,194.0
8248,2022-04,Nova Scotia,Women,Excellent or very good perceived mental health,Number,163.0
8249,2022-04,Nova Scotia,Women,Excellent or very good perceived mental health,Number,226.0
8250,2022-04,Nova Scotia,Women,Good perceived mental health,Percent,30.7
8251,2022-04,Nova Scotia,Women,Good perceived mental health,Percent,24.4
8252,2022-04,Nova Scotia,Women,Good perceived mental health,Percent,37.7
8253,2022-04,Nova Scotia,Women,Good perceived mental health,Number,133.0
8254,2022-04,Nova Scotia,Women,Good perceived mental health,Number,104.0
8255,2022-04,Nova Scotia,Women,Good perceived mental health,Number,162.0
8256,2022-04,Nova Scotia,Women,Fair or poor perceived mental health,Percent,24.5
8257,2022-04,Nova Scotia,Women,Fair or poor perceived mental health,Percent,18.0
8258,2022-04,Nova Scotia,Women,Fair or poor perceived mental health,Percent,32.4
8259,2022-04,Nova Scotia,Women,Fair or poor perceived mental health,Number,106.0
8260,2022-04,Nova Scotia,Women,Fair or poor perceived mental health,Number,75.0
8261,2022-04,Nova Scotia,Women,Fair or poor perceived mental health,Number,138.0
8262,2022-04,New Brunswick,"Total, all persons",Excellent or very good perceived mental health,Percent,44.9
8263,2022-04,New Brunswick,"Total, all persons",Excellent or very good perceived mental health,Percent,40.1
8264,2022-04,New Brunswick,"Total, all persons",Excellent or very good perceived mental health,Percent,49.8
8265,2022-04,New Brunswick,"Total, all persons",Excellent or very good perceived mental health,Number,299.0
8266,2022-04,New Brunswick,"Total, all persons",Excellent or very good perceived mental health,Number,266.0
8267,2022-04,New Brunswick,"Total, all persons",Excellent or very good perceived mental health,Number,331.0
8268,2022-04,New Brunswick,"Total, all persons",Good perceived mental health,Percent,34.9
8269,2022-04,New Brunswick,"Total, all persons",Good perceived mental health,Percent,30.1
8270,2022-04,New Brunswick,"Total, all persons",Good perceived mental health,Percent,40.1
8271,2022-04,New Brunswick,"Total, all persons",Good perceived mental health,Number,232.0
8272,2022-04,New Brunswick,"Total, all persons",Good perceived mental health,Number,199.0
8273,2022-04,New Brunswick,"Total, all persons",Good perceived mental health,Number,266.0
8274,2022-04,New Brunswick,"Total, all persons",Fair or poor perceived mental health,Percent,20.1
8275,2022-04,New Brunswick,"Total, all persons",Fair or poor perceived mental health,Percent,16.1
8276,2022-04,New Brunswick,"Total, all persons",Fair or poor perceived mental health,Percent,24.8
8277,2022-04,New Brunswick,"Total, all persons",Fair or poor perceived mental health,Number,134.0
8278,2022-04,New Brunswick,"Total, all persons",Fair or poor perceived mental health,Number,105.0
8279,2022-04,New Brunswick,"Total, all persons",Fair or poor perceived mental health,Number,163.0
8280,2022-04,New Brunswick,Men,Excellent or very good perceived mental health,Percent,44.4
8281,2022-04,New Brunswick,Men,Excellent or very good perceived mental health,Percent,37.1
8282,2022-04,New Brunswick,Men,Excellent or very good perceived mental health,Percent,51.9
8283,2022-04,New Brunswick,Men,Excellent or very good perceived mental health,Number,146.0
8284,2022-04,New Brunswick,Men,Excellent or very good perceived mental health,Number,121.0
8285,2022-04,New Brunswick,Men,Excellent or very good perceived mental health,Number,172.0
8286,2022-04,New Brunswick,Men,Good perceived mental health,Percent,35.4
8287,2022-04,New Brunswick,Men,Good perceived mental health,Percent,27.3
8288,2022-04,New Brunswick,Men,Good perceived mental health,Percent,44.4
8289,2022-04,New Brunswick,Men,Good perceived mental health,Number,117.0
8290,2022-04,New Brunswick,Men,Good perceived mental health,Number,88.0
8291,2022-04,New Brunswick,Men,Good perceived mental health,Number,145.0
8292,2022-04,New Brunswick,Men,Fair or poor perceived mental health,Percent,20.3
8293,2022-04,New Brunswick,Men,Fair or poor perceived mental health,Percent,14.1
8294,2022-04,New Brunswick,Men,Fair or poor perceived mental health,Percent,28.2
8295,2022-04,New Brunswick,Men,Fair or poor perceived mental health,Number,
8296,2022-04,New Brunswick,Men,Fair or poor perceived mental health,Number,
8297,2022-04,New Brunswick,Men,Fair or poor perceived mental health,Number,
8298,2022-04,New Brunswick,Women,Excellent or very good perceived mental health,Percent,45.5
8299,2022-04,New Brunswick,Women,Excellent or very good perceived mental health,Percent,39.3
8300,2022-04,New Brunswick,Women,Excellent or very good perceived mental health,Percent,51.8
8301,2022-04,New Brunswick,Women,Excellent or very good perceived mental health,Number,152.0
8302,2022-04,New Brunswick,Women,Excellent or very good perceived mental health,Number,131.0
8303,2022-04,New Brunswick,Women,Excellent or very good perceived mental health,Number,173.0
8304,2022-04,New Brunswick,Women,Good perceived mental health,Percent,34.5
8305,2022-04,New Brunswick,Women,Good perceived mental health,Percent,29.1
8306,2022-04,New Brunswick,Women,Good perceived mental health,Percent,40.3
8307,2022-04,New Brunswick,Women,Good perceived mental health,Number,115.0
8308,2022-04,New Brunswick,Women,Good perceived mental health,Number,97.0
8309,2022-04,New Brunswick,Women,Good perceived mental health,Number,134.0
8310,2022-04,New Brunswick,Women,Fair or poor perceived mental health,Percent,20.0
8311,2022-04,New Brunswick,Women,Fair or poor perceived mental health,Percent,15.1
8312,2022-04,New Brunswick,Women,Fair or poor perceived mental health,Percent,26.0
8313,2022-04,New Brunswick,Women,Fair or poor perceived mental health,Number,
8314,2022-04,New Brunswick,Women,Fair or poor perceived mental health,Number,
8315,2022-04,New Brunswick,Women,Fair or poor perceived mental health,Number,
8316,2022-04,Quebec,"Total, all persons",Excellent or very good perceived mental health,Percent,56.8
8317,2022-04,Quebec,"Total, all persons",Excellent or very good perceived mental health,Percent,54.3
8318,2022-04,Quebec,"Total, all persons",Excellent or very good perceived mental health,Percent,59.4
8319,2022-04,Quebec,"Total, all persons",Excellent or very good perceived mental health,Number,4067.0
8320,2022-04,Quebec,"Total, all persons",Excellent or very good perceived mental health,Number,3886.0
8321,2022-04,Quebec,"Total, all persons",Excellent or very good perceived mental health,Number,4248.0
8322,2022-04,Quebec,"Total, all persons",Good perceived mental health,Percent,31.8
8323,2022-04,Quebec,"Total, all persons",Good perceived mental health,Percent,29.4
8324,2022-04,Quebec,"Total, all persons",Good perceived mental health,Percent,34.4
8325,2022-04,Quebec,"Total, all persons",Good perceived mental health,Number,2278.0
8326,2022-04,Quebec,"Total, all persons",Good perceived mental health,Number,2100.0
8327,2022-04,Quebec,"Total, all persons",Good perceived mental health,Number,2456.0
8328,2022-04,Quebec,"Total, all persons",Fair or poor perceived mental health,Percent,11.3
8329,2022-04,Quebec,"Total, all persons",Fair or poor perceived mental health,Percent,9.7
8330,2022-04,Quebec,"Total, all persons",Fair or poor perceived mental health,Percent,13.1
8331,2022-04,Quebec,"Total, all persons",Fair or poor perceived mental health,Number,810.0
8332,2022-04,Quebec,"Total, all persons",Fair or poor perceived mental health,Number,690.0
8333,2022-04,Quebec,"Total, all persons",Fair or poor perceived mental health,Number,929.0
8334,2022-04,Quebec,Men,Excellent or very good perceived mental health,Percent,58.4
8335,2022-04,Quebec,Men,Excellent or very good perceived mental health,Percent,54.7
8336,2022-04,Quebec,Men,Excellent or very good perceived mental health,Percent,62.1
8337,2022-04,Quebec,Men,Excellent or very good perceived mental health,Number,2080.0
8338,2022-04,Quebec,Men,Excellent or very good perceived mental health,Number,1946.0
8339,2022-04,Quebec,Men,Excellent or very good perceived mental health,Number,2213.0
8340,2022-04,Quebec,Men,Good perceived mental health,Percent,30.7
8341,2022-04,Quebec,Men,Good perceived mental health,Percent,27.3
8342,2022-04,Quebec,Men,Good perceived mental health,Percent,34.3
8343,2022-04,Quebec,Men,Good perceived mental health,Number,1092.0
8344,2022-04,Quebec,Men,Good perceived mental health,Number,966.0
8345,2022-04,Quebec,Men,Good perceived mental health,Number,1217.0
8346,2022-04,Quebec,Men,Fair or poor perceived mental health,Percent,10.9
8347,2022-04,Quebec,Men,Fair or poor perceived mental health,Percent,8.7
8348,2022-04,Quebec,Men,Fair or poor perceived mental health,Percent,13.5
8349,2022-04,Quebec,Men,Fair or poor perceived mental health,Number,387.0
8350,2022-04,Quebec,Men,Fair or poor perceived mental health,Number,302.0
8351,2022-04,Quebec,Men,Fair or poor perceived mental health,Number,472.0
8352,2022-04,Quebec,Women,Excellent or very good perceived mental health,Percent,55.3
8353,2022-04,Quebec,Women,Excellent or very good perceived mental health,Percent,51.8
8354,2022-04,Quebec,Women,Excellent or very good perceived mental health,Percent,58.7
8355,2022-04,Quebec,Women,Excellent or very good perceived mental health,Number,1988.0
8356,2022-04,Quebec,Women,Excellent or very good perceived mental health,Number,1861.0
8357,2022-04,Quebec,Women,Excellent or very good perceived mental health,Number,2114.0
8358,2022-04,Quebec,Women,Good perceived mental health,Percent,33.0
8359,2022-04,Quebec,Women,Good perceived mental health,Percent,29.6
8360,2022-04,Quebec,Women,Good perceived mental health,Percent,36.5
8361,2022-04,Quebec,Women,Good perceived mental health,Number,1186.0
8362,2022-04,Quebec,Women,Good perceived mental health,Number,1062.0
8363,2022-04,Quebec,Women,Good perceived mental health,Number,1310.0
8364,2022-04,Quebec,Women,Fair or poor perceived mental health,Percent,11.8
8365,2022-04,Quebec,Women,Fair or poor perceived mental health,Percent,9.6
8366,2022-04,Quebec,Women,Fair or poor perceived mental health,Percent,14.4
8367,2022-04,Quebec,Women,Fair or poor perceived mental health,Number,423.0
8368,2022-04,Quebec,Women,Fair or poor perceived mental health,Number,336.0
8369,2022-04,Quebec,Women,Fair or poor perceived mental health,Number,509.0
8370,2022-04,Ontario,"Total, all persons",Excellent or very good perceived mental health,Percent,45.6
8371,2022-04,Ontario,"Total, all persons",Excellent or very good perceived mental health,Percent,43.3
8372,2022-04,Ontario,"Total, all persons",Excellent or very good perceived mental health,Percent,47.9
8373,2022-04,Ontario,"Total, all persons",Excellent or very good perceived mental health,Number,5709.0
8374,2022-04,Ontario,"Total, all persons",Excellent or very good perceived mental health,Number,5423.0
8375,2022-04,Ontario,"Total, all persons",Excellent or very good perceived mental health,Number,5994.0
8376,2022-04,Ontario,"Total, all persons",Good perceived mental health,Percent,31.7
8377,2022-04,Ontario,"Total, all persons",Good perceived mental health,Percent,29.7
8378,2022-04,Ontario,"Total, all persons",Good perceived mental health,Percent,33.8
8379,2022-04,Ontario,"Total, all persons",Good perceived mental health,Number,3968.0
8380,2022-04,Ontario,"Total, all persons",Good perceived mental health,Number,3710.0
8381,2022-04,Ontario,"Total, all persons",Good perceived mental health,Number,4225.0
8382,2022-04,Ontario,"Total, all persons",Fair or poor perceived mental health,Percent,22.7
8383,2022-04,Ontario,"Total, all persons",Fair or poor perceived mental health,Percent,20.7
8384,2022-04,Ontario,"Total, all persons",Fair or poor perceived mental health,Percent,24.8
8385,2022-04,Ontario,"Total, all persons",Fair or poor perceived mental health,Number,2839.0
8386,2022-04,Ontario,"Total, all persons",Fair or poor perceived mental health,Number,2584.0
8387,2022-04,Ontario,"Total, all persons",Fair or poor perceived mental health,Number,3094.0
8388,2022-04,Ontario,Men,Excellent or very good perceived mental health,Percent,50.3
8389,2022-04,Ontario,Men,Excellent or very good perceived mental health,Percent,46.9
8390,2022-04,Ontario,Men,Excellent or very good perceived mental health,Percent,53.7
8391,2022-04,Ontario,Men,Excellent or very good perceived mental health,Number,3087.0
8392,2022-04,Ontario,Men,Excellent or very good perceived mental health,Number,2878.0
8393,2022-04,Ontario,Men,Excellent or very good perceived mental health,Number,3295.0
8394,2022-04,Ontario,Men,Good perceived mental health,Percent,30.2
8395,2022-04,Ontario,Men,Good perceived mental health,Percent,27.3
8396,2022-04,Ontario,Men,Good perceived mental health,Percent,33.3
8397,2022-04,Ontario,Men,Good perceived mental health,Number,1856.0
8398,2022-04,Ontario,Men,Good perceived mental health,Number,1671.0
8399,2022-04,Ontario,Men,Good perceived mental health,Number,2041.0
8400,2022-04,Ontario,Men,Fair or poor perceived mental health,Percent,19.4
8401,2022-04,Ontario,Men,Fair or poor perceived mental health,Percent,16.7
8402,2022-04,Ontario,Men,Fair or poor perceived mental health,Percent,22.5
8403,2022-04,Ontario,Men,Fair or poor perceived mental health,Number,1192.0
8404,2022-04,Ontario,Men,Fair or poor perceived mental health,Number,1016.0
8405,2022-04,Ontario,Men,Fair or poor perceived mental health,Number,1369.0
8406,2022-04,Ontario,Women,Excellent or very good perceived mental health,Percent,41.1
8407,2022-04,Ontario,Women,Excellent or very good perceived mental health,Percent,38.1
8408,2022-04,Ontario,Women,Excellent or very good perceived mental health,Percent,44.2
8409,2022-04,Ontario,Women,Excellent or very good perceived mental health,Number,2622.0
8410,2022-04,Ontario,Women,Excellent or very good perceived mental health,Number,2426.0
8411,2022-04,Ontario,Women,Excellent or very good perceived mental health,Number,2818.0
8412,2022-04,Ontario,Women,Good perceived mental health,Percent,33.1
8413,2022-04,Ontario,Women,Good perceived mental health,Percent,30.2
8414,2022-04,Ontario,Women,Good perceived mental health,Percent,36.1
8415,2022-04,Ontario,Women,Good perceived mental health,Number,2112.0
8416,2022-04,Ontario,Women,Good perceived mental health,Number,1924.0
8417,2022-04,Ontario,Women,Good perceived mental health,Number,2299.0
8418,2022-04,Ontario,Women,Fair or poor perceived mental health,Percent,25.8
8419,2022-04,Ontario,Women,Fair or poor perceived mental health,Percent,23.0
8420,2022-04,Ontario,Women,Fair or poor perceived mental health,Percent,28.8
8421,2022-04,Ontario,Women,Fair or poor perceived mental health,Number,1647.0
8422,2022-04,Ontario,Women,Fair or poor perceived mental health,Number,1461.0
8423,2022-04,Ontario,Women,Fair or poor perceived mental health,Number,1832.0
8424,2022-04,Manitoba,"Total, all persons",Excellent or very good perceived mental health,Percent,43.9
8425,2022-04,Manitoba,"Total, all persons",Excellent or very good perceived mental health,Percent,38.4
8426,2022-04,Manitoba,"Total, all persons",Excellent or very good perceived mental health,Percent,49.5
8427,2022-04,Manitoba,"Total, all persons",Excellent or very good perceived mental health,Number,467.0
8428,2022-04,Manitoba,"Total, all persons",Excellent or very good perceived mental health,Number,408.0
8429,2022-04,Manitoba,"Total, all persons",Excellent or very good perceived mental health,Number,526.0
8430,2022-04,Manitoba,"Total, all persons",Good perceived mental health,Percent,38.8
8431,2022-04,Manitoba,"Total, all persons",Good perceived mental health,Percent,33.1
8432,2022-04,Manitoba,"Total, all persons",Good perceived mental health,Percent,44.9
8433,2022-04,Manitoba,"Total, all persons",Good perceived mental health,Number,414.0
8434,2022-04,Manitoba,"Total, all persons",Good perceived mental health,Number,350.0
8435,2022-04,Manitoba,"Total, all persons",Good perceived mental health,Number,477.0
8436,2022-04,Manitoba,"Total, all persons",Fair or poor perceived mental health,Percent,17.3
8437,2022-04,Manitoba,"Total, all persons",Fair or poor perceived mental health,Percent,13.6
8438,2022-04,Manitoba,"Total, all persons",Fair or poor perceived mental health,Percent,21.6
8439,2022-04,Manitoba,"Total, all persons",Fair or poor perceived mental health,Number,184.0
8440,2022-04,Manitoba,"Total, all persons",Fair or poor perceived mental health,Number,141.0
8441,2022-04,Manitoba,"Total, all persons",Fair or poor perceived mental health,Number,226.0
8442,2022-04,Manitoba,Men,Excellent or very good perceived mental health,Percent,47.5
8443,2022-04,Manitoba,Men,Excellent or very good perceived mental health,Percent,39.5
8444,2022-04,Manitoba,Men,Excellent or very good perceived mental health,Percent,55.6
8445,2022-04,Manitoba,Men,Excellent or very good perceived mental health,Number,251.0
8446,2022-04,Manitoba,Men,Excellent or very good perceived mental health,Number,208.0
8447,2022-04,Manitoba,Men,Excellent or very good perceived mental health,Number,294.0
8448,2022-04,Manitoba,Men,Good perceived mental health,Percent,36.1
8449,2022-04,Manitoba,Men,Good perceived mental health,Percent,27.9
8450,2022-04,Manitoba,Men,Good perceived mental health,Percent,45.1
8451,2022-04,Manitoba,Men,Good perceived mental health,Number,191.0
8452,2022-04,Manitoba,Men,Good perceived mental health,Number,145.0
8453,2022-04,Manitoba,Men,Good perceived mental health,Number,236.0
8454,2022-04,Manitoba,Men,Fair or poor perceived mental health,Percent,16.4
8455,2022-04,Manitoba,Men,Fair or poor perceived mental health,Percent,11.5
8456,2022-04,Manitoba,Men,Fair or poor perceived mental health,Percent,23.0
8457,2022-04,Manitoba,Men,Fair or poor perceived mental health,Number,
8458,2022-04,Manitoba,Men,Fair or poor perceived mental health,Number,
8459,2022-04,Manitoba,Men,Fair or poor perceived mental health,Number,
8460,2022-04,Manitoba,Women,Excellent or very good perceived mental health,Percent,40.3
8461,2022-04,Manitoba,Women,Excellent or very good perceived mental health,Percent,33.4
8462,2022-04,Manitoba,Women,Excellent or very good perceived mental health,Percent,47.7
8463,2022-04,Manitoba,Women,Excellent or very good perceived mental health,Number,216.0
8464,2022-04,Manitoba,Women,Excellent or very good perceived mental health,Number,178.0
8465,2022-04,Manitoba,Women,Excellent or very good perceived mental health,Number,255.0
8466,2022-04,Manitoba,Women,Good perceived mental health,Percent,41.6
8467,2022-04,Manitoba,Women,Good perceived mental health,Percent,34.3
8468,2022-04,Manitoba,Women,Good perceived mental health,Percent,49.2
8469,2022-04,Manitoba,Women,Good perceived mental health,Number,223.0
8470,2022-04,Manitoba,Women,Good perceived mental health,Number,183.0
8471,2022-04,Manitoba,Women,Good perceived mental health,Number,263.0
8472,2022-04,Manitoba,Women,Fair or poor perceived mental health,Percent,18.1
8473,2022-04,Manitoba,Women,Fair or poor perceived mental health,Percent,13.3
8474,2022-04,Manitoba,Women,Fair or poor perceived mental health,Percent,24.1
8475,2022-04,Manitoba,Women,Fair or poor perceived mental health,Number,
8476,2022-04,Manitoba,Women,Fair or poor perceived mental health,Number,
8477,2022-04,Manitoba,Women,Fair or poor perceived mental health,Number,
8478,2022-04,Saskatchewan,"Total, all persons",Excellent or very good perceived mental health,Percent,47.4
8479,2022-04,Saskatchewan,"Total, all persons",Excellent or very good perceived mental health,Percent,42.5
8480,2022-04,Saskatchewan,"Total, all persons",Excellent or very good perceived mental health,Percent,52.4
8481,2022-04,Saskatchewan,"Total, all persons",Excellent or very good perceived mental health,Number,426.0
8482,2022-04,Saskatchewan,"Total, all persons",Excellent or very good perceived mental health,Number,381.0
8483,2022-04,Saskatchewan,"Total, all persons",Excellent or very good perceived mental health,Number,470.0
8484,2022-04,Saskatchewan,"Total, all persons",Good perceived mental health,Percent,32.9
8485,2022-04,Saskatchewan,"Total, all persons",Good perceived mental health,Percent,28.4
8486,2022-04,Saskatchewan,"Total, all persons",Good perceived mental health,Percent,37.8
8487,2022-04,Saskatchewan,"Total, all persons",Good perceived mental health,Number,296.0
8488,2022-04,Saskatchewan,"Total, all persons",Good perceived mental health,Number,253.0
8489,2022-04,Saskatchewan,"Total, all persons",Good perceived mental health,Number,338.0
8490,2022-04,Saskatchewan,"Total, all persons",Fair or poor perceived mental health,Percent,19.6
8491,2022-04,Saskatchewan,"Total, all persons",Fair or poor perceived mental health,Percent,16.2
8492,2022-04,Saskatchewan,"Total, all persons",Fair or poor perceived mental health,Percent,23.6
8493,2022-04,Saskatchewan,"Total, all persons",Fair or poor perceived mental health,Number,176.0
8494,2022-04,Saskatchewan,"Total, all persons",Fair or poor perceived mental health,Number,143.0
8495,2022-04,Saskatchewan,"Total, all persons",Fair or poor perceived mental health,Number,210.0
8496,2022-04,Saskatchewan,Men,Excellent or very good perceived mental health,Percent,52.6
8497,2022-04,Saskatchewan,Men,Excellent or very good perceived mental health,Percent,44.9
8498,2022-04,Saskatchewan,Men,Excellent or very good perceived mental health,Percent,60.1
8499,2022-04,Saskatchewan,Men,Excellent or very good perceived mental health,Number,240.0
8500,2022-04,Saskatchewan,Men,Excellent or very good perceived mental health,Number,205.0
8501,2022-04,Saskatchewan,Men,Excellent or very good perceived mental health,Number,274.0
8502,2022-04,Saskatchewan,Men,Good perceived mental health,Percent,33.4
8503,2022-04,Saskatchewan,Men,Good perceived mental health,Percent,26.7
8504,2022-04,Saskatchewan,Men,Good perceived mental health,Percent,40.8
8505,2022-04,Saskatchewan,Men,Good perceived mental health,Number,153.0
8506,2022-04,Saskatchewan,Men,Good perceived mental health,Number,120.0
8507,2022-04,Saskatchewan,Men,Good perceived mental health,Number,185.0
8508,2022-04,Saskatchewan,Men,Fair or poor perceived mental health,Percent,14.0
8509,2022-04,Saskatchewan,Men,Fair or poor perceived mental health,Percent,9.7
8510,2022-04,Saskatchewan,Men,Fair or poor perceived mental health,Percent,19.9
8511,2022-04,Saskatchewan,Men,Fair or poor perceived mental health,Number,
8512,2022-04,Saskatchewan,Men,Fair or poor perceived mental health,Number,
8513,2022-04,Saskatchewan,Men,Fair or poor perceived mental health,Number,
8514,2022-04,Saskatchewan,Women,Excellent or very good perceived mental health,Percent,42.1
8515,2022-04,Saskatchewan,Women,Excellent or very good perceived mental health,Percent,35.9
8516,2022-04,Saskatchewan,Women,Excellent or very good perceived mental health,Percent,48.7
8517,2022-04,Saskatchewan,Women,Excellent or very good perceived mental health,Number,186.0
8518,2022-04,Saskatchewan,Women,Excellent or very good perceived mental health,Number,158.0
8519,2022-04,Saskatchewan,Women,Excellent or very good perceived mental health,Number,214.0
8520,2022-04,Saskatchewan,Women,Good perceived mental health,Percent,32.4
8521,2022-04,Saskatchewan,Women,Good perceived mental health,Percent,26.6
8522,2022-04,Saskatchewan,Women,Good perceived mental health,Percent,38.9
8523,2022-04,Saskatchewan,Women,Good perceived mental health,Number,143.0
8524,2022-04,Saskatchewan,Women,Good perceived mental health,Number,116.0
8525,2022-04,Saskatchewan,Women,Good perceived mental health,Number,171.0
8526,2022-04,Saskatchewan,Women,Fair or poor perceived mental health,Percent,25.4
8527,2022-04,Saskatchewan,Women,Fair or poor perceived mental health,Percent,20.0
8528,2022-04,Saskatchewan,Women,Fair or poor perceived mental health,Percent,31.7
8529,2022-04,Saskatchewan,Women,Fair or poor perceived mental health,Number,112.0
8530,2022-04,Saskatchewan,Women,Fair or poor perceived mental health,Number,86.0
8531,2022-04,Saskatchewan,Women,Fair or poor perceived mental health,Number,139.0
8532,2022-04,Alberta,"Total, all persons",Excellent or very good perceived mental health,Percent,45.9
8533,2022-04,Alberta,"Total, all persons",Excellent or very good perceived mental health,Percent,41.9
8534,2022-04,Alberta,"Total, all persons",Excellent or very good perceived mental health,Percent,49.9
8535,2022-04,Alberta,"Total, all persons",Excellent or very good perceived mental health,Number,1657.0
8536,2022-04,Alberta,"Total, all persons",Excellent or very good perceived mental health,Number,1512.0
8537,2022-04,Alberta,"Total, all persons",Excellent or very good perceived mental health,Number,1801.0
8538,2022-04,Alberta,"Total, all persons",Good perceived mental health,Percent,31.1
8539,2022-04,Alberta,"Total, all persons",Good perceived mental health,Percent,27.5
8540,2022-04,Alberta,"Total, all persons",Good perceived mental health,Percent,34.9
8541,2022-04,Alberta,"Total, all persons",Good perceived mental health,Number,1121.0
8542,2022-04,Alberta,"Total, all persons",Good perceived mental health,Number,988.0
8543,2022-04,Alberta,"Total, all persons",Good perceived mental health,Number,1254.0
8544,2022-04,Alberta,"Total, all persons",Fair or poor perceived mental health,Percent,23.0
8545,2022-04,Alberta,"Total, all persons",Fair or poor perceived mental health,Percent,19.7
8546,2022-04,Alberta,"Total, all persons",Fair or poor perceived mental health,Percent,26.7
8547,2022-04,Alberta,"Total, all persons",Fair or poor perceived mental health,Number,831.0
8548,2022-04,Alberta,"Total, all persons",Fair or poor perceived mental health,Number,705.0
8549,2022-04,Alberta,"Total, all persons",Fair or poor perceived mental health,Number,958.0
8550,2022-04,Alberta,Men,Excellent or very good perceived mental health,Percent,48.0
8551,2022-04,Alberta,Men,Excellent or very good perceived mental health,Percent,41.9
8552,2022-04,Alberta,Men,Excellent or very good perceived mental health,Percent,54.1
8553,2022-04,Alberta,Men,Excellent or very good perceived mental health,Number,866.0
8554,2022-04,Alberta,Men,Excellent or very good perceived mental health,Number,756.0
8555,2022-04,Alberta,Men,Excellent or very good perceived mental health,Number,977.0
8556,2022-04,Alberta,Men,Good perceived mental health,Percent,33.5
8557,2022-04,Alberta,Men,Good perceived mental health,Percent,28.4
8558,2022-04,Alberta,Men,Good perceived mental health,Percent,38.9
8559,2022-04,Alberta,Men,Good perceived mental health,Number,605.0
8560,2022-04,Alberta,Men,Good perceived mental health,Number,509.0
8561,2022-04,Alberta,Men,Good perceived mental health,Number,700.0
8562,2022-04,Alberta,Men,Fair or poor perceived mental health,Percent,18.5
8563,2022-04,Alberta,Men,Fair or poor perceived mental health,Percent,13.8
8564,2022-04,Alberta,Men,Fair or poor perceived mental health,Percent,24.4
8565,2022-04,Alberta,Men,Fair or poor perceived mental health,Number,
8566,2022-04,Alberta,Men,Fair or poor perceived mental health,Number,
8567,2022-04,Alberta,Men,Fair or poor perceived mental health,Number,
8568,2022-04,Alberta,Women,Excellent or very good perceived mental health,Percent,43.8
8569,2022-04,Alberta,Women,Excellent or very good perceived mental health,Percent,38.9
8570,2022-04,Alberta,Women,Excellent or very good perceived mental health,Percent,48.9
8571,2022-04,Alberta,Women,Excellent or very good perceived mental health,Number,790.0
8572,2022-04,Alberta,Women,Excellent or very good perceived mental health,Number,699.0
8573,2022-04,Alberta,Women,Excellent or very good perceived mental health,Number,882.0
8574,2022-04,Alberta,Women,Good perceived mental health,Percent,28.6
8575,2022-04,Alberta,Women,Good perceived mental health,Percent,23.9
8576,2022-04,Alberta,Women,Good perceived mental health,Percent,33.9
8577,2022-04,Alberta,Women,Good perceived mental health,Number,516.0
8578,2022-04,Alberta,Women,Good perceived mental health,Number,426.0
8579,2022-04,Alberta,Women,Good perceived mental health,Number,606.0
8580,2022-04,Alberta,Women,Fair or poor perceived mental health,Percent,27.5
8581,2022-04,Alberta,Women,Fair or poor perceived mental health,Percent,23.2
8582,2022-04,Alberta,Women,Fair or poor perceived mental health,Percent,32.4
8583,2022-04,Alberta,Women,Fair or poor perceived mental health,Number,497.0
8584,2022-04,Alberta,Women,Fair or poor perceived mental health,Number,413.0
8585,2022-04,Alberta,Women,Fair or poor perceived mental health,Number,580.0
8586,2022-04,British Columbia,"Total, all persons",Excellent or very good perceived mental health,Percent,45.5
8587,2022-04,British Columbia,"Total, all persons",Excellent or very good perceived mental health,Percent,42.0
8588,2022-04,British Columbia,"Total, all persons",Excellent or very good perceived mental health,Percent,49.0
8589,2022-04,British Columbia,"Total, all persons",Excellent or very good perceived mental health,Number,2013.0
8590,2022-04,British Columbia,"Total, all persons",Excellent or very good perceived mental health,Number,1859.0
8591,2022-04,British Columbia,"Total, all persons",Excellent or very good perceived mental health,Number,2168.0
8592,2022-04,British Columbia,"Total, all persons",Good perceived mental health,Percent,32.9
8593,2022-04,British Columbia,"Total, all persons",Good perceived mental health,Percent,29.7
8594,2022-04,British Columbia,"Total, all persons",Good perceived mental health,Percent,36.2
8595,2022-04,British Columbia,"Total, all persons",Good perceived mental health,Number,1457.0
8596,2022-04,British Columbia,"Total, all persons",Good perceived mental health,Number,1313.0
8597,2022-04,British Columbia,"Total, all persons",Good perceived mental health,Number,1601.0
8598,2022-04,British Columbia,"Total, all persons",Fair or poor perceived mental health,Percent,21.6
8599,2022-04,British Columbia,"Total, all persons",Fair or poor perceived mental health,Percent,18.9
8600,2022-04,British Columbia,"Total, all persons",Fair or poor perceived mental health,Percent,24.6
8601,2022-04,British Columbia,"Total, all persons",Fair or poor perceived mental health,Number,956.0
8602,2022-04,British Columbia,"Total, all persons",Fair or poor perceived mental health,Number,829.0
8603,2022-04,British Columbia,"Total, all persons",Fair or poor perceived mental health,Number,1084.0
8604,2022-04,British Columbia,Men,Excellent or very good perceived mental health,Percent,51.2
8605,2022-04,British Columbia,Men,Excellent or very good perceived mental health,Percent,45.9
8606,2022-04,British Columbia,Men,Excellent or very good perceived mental health,Percent,56.6
8607,2022-04,British Columbia,Men,Excellent or very good perceived mental health,Number,1114.0
8608,2022-04,British Columbia,Men,Excellent or very good perceived mental health,Number,997.0
8609,2022-04,British Columbia,Men,Excellent or very good perceived mental health,Number,1230.0
8610,2022-04,British Columbia,Men,Good perceived mental health,Percent,29.0
8611,2022-04,British Columbia,Men,Good perceived mental health,Percent,24.7
8612,2022-04,British Columbia,Men,Good perceived mental health,Percent,33.8
8613,2022-04,British Columbia,Men,Good perceived mental health,Number,631.0
8614,2022-04,British Columbia,Men,Good perceived mental health,Number,531.0
8615,2022-04,British Columbia,Men,Good perceived mental health,Number,730.0
8616,2022-04,British Columbia,Men,Fair or poor perceived mental health,Percent,19.7
8617,2022-04,British Columbia,Men,Fair or poor perceived mental health,Percent,15.6
8618,2022-04,British Columbia,Men,Fair or poor perceived mental health,Percent,24.7
8619,2022-04,British Columbia,Men,Fair or poor perceived mental health,Number,429.0
8620,2022-04,British Columbia,Men,Fair or poor perceived mental health,Number,330.0
8621,2022-04,British Columbia,Men,Fair or poor perceived mental health,Number,528.0
8622,2022-04,British Columbia,Women,Excellent or very good perceived mental health,Percent,39.9
8623,2022-04,British Columbia,Women,Excellent or very good perceived mental health,Percent,35.2
8624,2022-04,British Columbia,Women,Excellent or very good perceived mental health,Percent,44.8
8625,2022-04,British Columbia,Women,Excellent or very good perceived mental health,Number,900.0
8626,2022-04,British Columbia,Women,Excellent or very good perceived mental health,Number,791.0
8627,2022-04,British Columbia,Women,Excellent or very good perceived mental health,Number,1008.0
8628,2022-04,British Columbia,Women,Good perceived mental health,Percent,36.7
8629,2022-04,British Columbia,Women,Good perceived mental health,Percent,32.4
8630,2022-04,British Columbia,Women,Good perceived mental health,Percent,41.2
8631,2022-04,British Columbia,Women,Good perceived mental health,Number,826.0
8632,2022-04,British Columbia,Women,Good perceived mental health,Number,727.0
8633,2022-04,British Columbia,Women,Good perceived mental health,Number,926.0
8634,2022-04,British Columbia,Women,Fair or poor perceived mental health,Percent,23.4
8635,2022-04,British Columbia,Women,Fair or poor perceived mental health,Percent,19.8
8636,2022-04,British Columbia,Women,Fair or poor perceived mental health,Percent,27.4
8637,2022-04,British Columbia,Women,Fair or poor perceived mental health,Number,527.0
8638,2022-04,British Columbia,Women,Fair or poor perceived mental health,Number,442.0
8639,2022-04,British Columbia,Women,Fair or poor perceived mental health,Number,612.0
8640,2022-07,Newfoundland and Labrador,"Total, all persons",Excellent or very good perceived mental health,Percent,50.2
8641,2022-07,Newfoundland and Labrador,"Total, all persons",Excellent or very good perceived mental health,Percent,45.0
8642,2022-07,Newfoundland and Labrador,"Total, all persons",Excellent or very good perceived mental health,Percent,55.4
8643,2022-07,Newfoundland and Labrador,"Total, all persons",Excellent or very good perceived mental health,Number,226.0
8644,2022-07,Newfoundland and Labrador,"Total, all persons",Excellent or very good perceived mental health,Number,202.0
8645,2022-07,Newfoundland and Labrador,"Total, all persons",Excellent or very good perceived mental health,Number,249.0
8646,2022-07,Newfoundland and Labrador,"Total, all persons",Good perceived mental health,Percent,31.2
8647,2022-07,Newfoundland and Labrador,"Total, all persons",Good perceived mental health,Percent,26.5
8648,2022-07,Newfoundland and Labrador,"Total, all persons",Good perceived mental health,Percent,36.4
8649,2022-07,Newfoundland and Labrador,"Total, all persons",Good perceived mental health,Number,140.0
8650,2022-07,Newfoundland and Labrador,"Total, all persons",Good perceived mental health,Number,118.0
8651,2022-07,Newfoundland and Labrador,"Total, all persons",Good perceived mental health,Number,163.0
8652,2022-07,Newfoundland and Labrador,"Total, all persons",Fair or poor perceived mental health,Percent,18.6
8653,2022-07,Newfoundland and Labrador,"Total, all persons",Fair or poor perceived mental health,Percent,14.8
8654,2022-07,Newfoundland and Labrador,"Total, all persons",Fair or poor perceived mental health,Percent,23.0
8655,2022-07,Newfoundland and Labrador,"Total, all persons",Fair or poor perceived mental health,Number,83.0
8656,2022-07,Newfoundland and Labrador,"Total, all persons",Fair or poor perceived mental health,Number,65.0
8657,2022-07,Newfoundland and Labrador,"Total, all persons",Fair or poor perceived mental health,Number,102.0
8658,2022-07,Newfoundland and Labrador,Men,Excellent or very good perceived mental health,Percent,53.1
8659,2022-07,Newfoundland and Labrador,Men,Excellent or very good perceived mental health,Percent,45.1
8660,2022-07,Newfoundland and Labrador,Men,Excellent or very good perceived mental health,Percent,61.0
8661,2022-07,Newfoundland and Labrador,Men,Excellent or very good perceived mental health,Number,118.0
8662,2022-07,Newfoundland and Labrador,Men,Excellent or very good perceived mental health,Number,100.0
8663,2022-07,Newfoundland and Labrador,Men,Excellent or very good perceived mental health,Number,135.0
8664,2022-07,Newfoundland and Labrador,Men,Good perceived mental health,Percent,27.6
8665,2022-07,Newfoundland and Labrador,Men,Good perceived mental health,Percent,20.9
8666,2022-07,Newfoundland and Labrador,Men,Good perceived mental health,Percent,35.5
8667,2022-07,Newfoundland and Labrador,Men,Good perceived mental health,Number,
8668,2022-07,Newfoundland and Labrador,Men,Good perceived mental health,Number,
8669,2022-07,Newfoundland and Labrador,Men,Good perceived mental health,Number,
8670,2022-07,Newfoundland and Labrador,Men,Fair or poor perceived mental health,Percent,19.3
8671,2022-07,Newfoundland and Labrador,Men,Fair or poor perceived mental health,Percent,13.9
8672,2022-07,Newfoundland and Labrador,Men,Fair or poor perceived mental health,Percent,26.2
8673,2022-07,Newfoundland and Labrador,Men,Fair or poor perceived mental health,Number,
8674,2022-07,Newfoundland and Labrador,Men,Fair or poor perceived mental health,Number,
8675,2022-07,Newfoundland and Labrador,Men,Fair or poor perceived mental health,Number,
8676,2022-07,Newfoundland and Labrador,Women,Excellent or very good perceived mental health,Percent,47.4
8677,2022-07,Newfoundland and Labrador,Women,Excellent or very good perceived mental health,Percent,41.0
8678,2022-07,Newfoundland and Labrador,Women,Excellent or very good perceived mental health,Percent,53.9
8679,2022-07,Newfoundland and Labrador,Women,Excellent or very good perceived mental health,Number,108.0
8680,2022-07,Newfoundland and Labrador,Women,Excellent or very good perceived mental health,Number,93.0
8681,2022-07,Newfoundland and Labrador,Women,Excellent or very good perceived mental health,Number,123.0
8682,2022-07,Newfoundland and Labrador,Women,Good perceived mental health,Percent,34.8
8683,2022-07,Newfoundland and Labrador,Women,Good perceived mental health,Percent,28.5
8684,2022-07,Newfoundland and Labrador,Women,Good perceived mental health,Percent,41.6
8685,2022-07,Newfoundland and Labrador,Women,Good perceived mental health,Number,79.0
8686,2022-07,Newfoundland and Labrador,Women,Good perceived mental health,Number,64.0
8687,2022-07,Newfoundland and Labrador,Women,Good perceived mental health,Number,94.0
8688,2022-07,Newfoundland and Labrador,Women,Fair or poor perceived mental health,Percent,17.8
8689,2022-07,Newfoundland and Labrador,Women,Fair or poor perceived mental health,Percent,13.2
8690,2022-07,Newfoundland and Labrador,Women,Fair or poor perceived mental health,Percent,23.7
8691,2022-07,Newfoundland and Labrador,Women,Fair or poor perceived mental health,Number,
8692,2022-07,Newfoundland and Labrador,Women,Fair or poor perceived mental health,Number,
8693,2022-07,Newfoundland and Labrador,Women,Fair or poor perceived mental health,Number,
8694,2022-07,Prince Edward Island,"Total, all persons",Excellent or very good perceived mental health,Percent,56.7
8695,2022-07,Prince Edward Island,"Total, all persons",Excellent or very good perceived mental health,Percent,51.2
8696,2022-07,Prince Edward Island,"Total, all persons",Excellent or very good perceived mental health,Percent,62.1
8697,2022-07,Prince Edward Island,"Total, all persons",Excellent or very good perceived mental health,Number,79.0
8698,2022-07,Prince Edward Island,"Total, all persons",Excellent or very good perceived mental health,Number,72.0
8699,2022-07,Prince Edward Island,"Total, all persons",Excellent or very good perceived mental health,Number,87.0
8700,2022-07,Prince Edward Island,"Total, all persons",Good perceived mental health,Percent,31.0
8701,2022-07,Prince Edward Island,"Total, all persons",Good perceived mental health,Percent,25.8
8702,2022-07,Prince Edward Island,"Total, all persons",Good perceived mental health,Percent,36.8
8703,2022-07,Prince Edward Island,"Total, all persons",Good perceived mental health,Number,43.0
8704,2022-07,Prince Edward Island,"Total, all persons",Good perceived mental health,Number,36.0
8705,2022-07,Prince Edward Island,"Total, all persons",Good perceived mental health,Number,51.0
8706,2022-07,Prince Edward Island,"Total, all persons",Fair or poor perceived mental health,Percent,12.2
8707,2022-07,Prince Edward Island,"Total, all persons",Fair or poor perceived mental health,Percent,9.0
8708,2022-07,Prince Edward Island,"Total, all persons",Fair or poor perceived mental health,Percent,16.4
8709,2022-07,Prince Edward Island,"Total, all persons",Fair or poor perceived mental health,Number,
8710,2022-07,Prince Edward Island,"Total, all persons",Fair or poor perceived mental health,Number,
8711,2022-07,Prince Edward Island,"Total, all persons",Fair or poor perceived mental health,Number,
8712,2022-07,Prince Edward Island,Men,Excellent or very good perceived mental health,Percent,61.6
8713,2022-07,Prince Edward Island,Men,Excellent or very good perceived mental health,Percent,53.0
8714,2022-07,Prince Edward Island,Men,Excellent or very good perceived mental health,Percent,69.5
8715,2022-07,Prince Edward Island,Men,Excellent or very good perceived mental health,Number,42.0
8716,2022-07,Prince Edward Island,Men,Excellent or very good perceived mental health,Number,36.0
8717,2022-07,Prince Edward Island,Men,Excellent or very good perceived mental health,Number,48.0
8718,2022-07,Prince Edward Island,Men,Good perceived mental health,Percent,30.1
8719,2022-07,Prince Edward Island,Men,Good perceived mental health,Percent,22.5
8720,2022-07,Prince Edward Island,Men,Good perceived mental health,Percent,38.9
8721,2022-07,Prince Edward Island,Men,Good perceived mental health,Number,
8722,2022-07,Prince Edward Island,Men,Good perceived mental health,Number,
8723,2022-07,Prince Edward Island,Men,Good perceived mental health,Number,
8724,2022-07,Prince Edward Island,Men,Fair or poor perceived mental health,Percent,8.3
8725,2022-07,Prince Edward Island,Men,Fair or poor perceived mental health,Percent,4.9
8726,2022-07,Prince Edward Island,Men,Fair or poor perceived mental health,Percent,13.7
8727,2022-07,Prince Edward Island,Men,Fair or poor perceived mental health,Number,
8728,2022-07,Prince Edward Island,Men,Fair or poor perceived mental health,Number,
8729,2022-07,Prince Edward Island,Men,Fair or poor perceived mental health,Number,
8730,2022-07,Prince Edward Island,Women,Excellent or very good perceived mental health,Percent,52.1
8731,2022-07,Prince Edward Island,Women,Excellent or very good perceived mental health,Percent,45.3
8732,2022-07,Prince Edward Island,Women,Excellent or very good perceived mental health,Percent,58.7
8733,2022-07,Prince Edward Island,Women,Excellent or very good perceived mental health,Number,37.0
8734,2022-07,Prince Edward Island,Women,Excellent or very good perceived mental health,Number,32.0
8735,2022-07,Prince Edward Island,Women,Excellent or very good perceived mental health,Number,42.0
8736,2022-07,Prince Edward Island,Women,Good perceived mental health,Percent,32.0
8737,2022-07,Prince Edward Island,Women,Good perceived mental health,Percent,25.3
8738,2022-07,Prince Edward Island,Women,Good perceived mental health,Percent,39.5
8739,2022-07,Prince Edward Island,Women,Good perceived mental health,Number,23.0
8740,2022-07,Prince Edward Island,Women,Good perceived mental health,Number,18.0
8741,2022-07,Prince Edward Island,Women,Good perceived mental health,Number,28.0
8742,2022-07,Prince Edward Island,Women,Fair or poor perceived mental health,Percent,16.0
8743,2022-07,Prince Edward Island,Women,Fair or poor perceived mental health,Percent,10.8
8744,2022-07,Prince Edward Island,Women,Fair or poor perceived mental health,Percent,23.0
8745,2022-07,Prince Edward Island,Women,Fair or poor perceived mental health,Number,
8746,2022-07,Prince Edward Island,Women,Fair or poor perceived mental health,Number,
8747,2022-07,Prince Edward Island,Women,Fair or poor perceived mental health,Number,
8748,2022-07,Nova Scotia,"Total, all persons",Excellent or very good perceived mental health,Percent,51.1
8749,2022-07,Nova Scotia,"Total, all persons",Excellent or very good perceived mental health,Percent,45.8
8750,2022-07,Nova Scotia,"Total, all persons",Excellent or very good perceived mental health,Percent,56.3
8751,2022-07,Nova Scotia,"Total, all persons",Excellent or very good perceived mental health,Number,435.0
8752,2022-07,Nova Scotia,"Total, all persons",Excellent or very good perceived mental health,Number,390.0
8753,2022-07,Nova Scotia,"Total, all persons",Excellent or very good perceived mental health,Number,480.0
8754,2022-07,Nova Scotia,"Total, all persons",Good perceived mental health,Percent,29.0
8755,2022-07,Nova Scotia,"Total, all persons",Good perceived mental health,Percent,24.3
8756,2022-07,Nova Scotia,"Total, all persons",Good perceived mental health,Percent,34.2
8757,2022-07,Nova Scotia,"Total, all persons",Good perceived mental health,Number,247.0
8758,2022-07,Nova Scotia,"Total, all persons",Good perceived mental health,Number,204.0
8759,2022-07,Nova Scotia,"Total, all persons",Good perceived mental health,Number,289.0
8760,2022-07,Nova Scotia,"Total, all persons",Fair or poor perceived mental health,Percent,19.9
8761,2022-07,Nova Scotia,"Total, all persons",Fair or poor perceived mental health,Percent,15.6
8762,2022-07,Nova Scotia,"Total, all persons",Fair or poor perceived mental health,Percent,25.1
8763,2022-07,Nova Scotia,"Total, all persons",Fair or poor perceived mental health,Number,170.0
8764,2022-07,Nova Scotia,"Total, all persons",Fair or poor perceived mental health,Number,129.0
8765,2022-07,Nova Scotia,"Total, all persons",Fair or poor perceived mental health,Number,210.0
8766,2022-07,Nova Scotia,Men,Excellent or very good perceived mental health,Percent,53.6
8767,2022-07,Nova Scotia,Men,Excellent or very good perceived mental health,Percent,45.3
8768,2022-07,Nova Scotia,Men,Excellent or very good perceived mental health,Percent,61.7
8769,2022-07,Nova Scotia,Men,Excellent or very good perceived mental health,Number,222.0
8770,2022-07,Nova Scotia,Men,Excellent or very good perceived mental health,Number,188.0
8771,2022-07,Nova Scotia,Men,Excellent or very good perceived mental health,Number,256.0
8772,2022-07,Nova Scotia,Men,Good perceived mental health,Percent,24.8
8773,2022-07,Nova Scotia,Men,Good perceived mental health,Percent,18.6
8774,2022-07,Nova Scotia,Men,Good perceived mental health,Percent,32.1
8775,2022-07,Nova Scotia,Men,Good perceived mental health,Number,103.0
8776,2022-07,Nova Scotia,Men,Good perceived mental health,Number,75.0
8777,2022-07,Nova Scotia,Men,Good perceived mental health,Number,131.0
8778,2022-07,Nova Scotia,Men,Fair or poor perceived mental health,Percent,21.7
8779,2022-07,Nova Scotia,Men,Fair or poor perceived mental health,Percent,14.9
8780,2022-07,Nova Scotia,Men,Fair or poor perceived mental health,Percent,30.4
8781,2022-07,Nova Scotia,Men,Fair or poor perceived mental health,Number,
8782,2022-07,Nova Scotia,Men,Fair or poor perceived mental health,Number,
8783,2022-07,Nova Scotia,Men,Fair or poor perceived mental health,Number,
8784,2022-07,Nova Scotia,Women,Excellent or very good perceived mental health,Percent,48.7
8785,2022-07,Nova Scotia,Women,Excellent or very good perceived mental health,Percent,41.9
8786,2022-07,Nova Scotia,Women,Excellent or very good perceived mental health,Percent,55.6
8787,2022-07,Nova Scotia,Women,Excellent or very good perceived mental health,Number,213.0
8788,2022-07,Nova Scotia,Women,Excellent or very good perceived mental health,Number,183.0
8789,2022-07,Nova Scotia,Women,Excellent or very good perceived mental health,Number,243.0
8790,2022-07,Nova Scotia,Women,Good perceived mental health,Percent,33.0
8791,2022-07,Nova Scotia,Women,Good perceived mental health,Percent,26.3
8792,2022-07,Nova Scotia,Women,Good perceived mental health,Percent,40.5
8793,2022-07,Nova Scotia,Women,Good perceived mental health,Number,144.0
8794,2022-07,Nova Scotia,Women,Good perceived mental health,Number,113.0
8795,2022-07,Nova Scotia,Women,Good perceived mental health,Number,175.0
8796,2022-07,Nova Scotia,Women,Fair or poor perceived mental health,Percent,18.3
8797,2022-07,Nova Scotia,Women,Fair or poor perceived mental health,Percent,13.4
8798,2022-07,Nova Scotia,Women,Fair or poor perceived mental health,Percent,24.4
8799,2022-07,Nova Scotia,Women,Fair or poor perceived mental health,Number,
8800,2022-07,Nova Scotia,Women,Fair or poor perceived mental health,Number,
8801,2022-07,Nova Scotia,Women,Fair or poor perceived mental health,Number,
8802,2022-07,New Brunswick,"Total, all persons",Excellent or very good perceived mental health,Percent,51.7
8803,2022-07,New Brunswick,"Total, all persons",Excellent or very good perceived mental health,Percent,46.4
8804,2022-07,New Brunswick,"Total, all persons",Excellent or very good perceived mental health,Percent,57.0
8805,2022-07,New Brunswick,"Total, all persons",Excellent or very good perceived mental health,Number,347.0
8806,2022-07,New Brunswick,"Total, all persons",Excellent or very good perceived mental health,Number,312.0
8807,2022-07,New Brunswick,"Total, all persons",Excellent or very good perceived mental health,Number,383.0
8808,2022-07,New Brunswick,"Total, all persons",Good perceived mental health,Percent,34.8
8809,2022-07,New Brunswick,"Total, all persons",Good perceived mental health,Percent,29.8
8810,2022-07,New Brunswick,"Total, all persons",Good perceived mental health,Percent,40.2
8811,2022-07,New Brunswick,"Total, all persons",Good perceived mental health,Number,234.0
8812,2022-07,New Brunswick,"Total, all persons",Good perceived mental health,Number,199.0
8813,2022-07,New Brunswick,"Total, all persons",Good perceived mental health,Number,269.0
8814,2022-07,New Brunswick,"Total, all persons",Fair or poor perceived mental health,Percent,13.5
8815,2022-07,New Brunswick,"Total, all persons",Fair or poor perceived mental health,Percent,10.4
8816,2022-07,New Brunswick,"Total, all persons",Fair or poor perceived mental health,Percent,17.3
8817,2022-07,New Brunswick,"Total, all persons",Fair or poor perceived mental health,Number,90.0
8818,2022-07,New Brunswick,"Total, all persons",Fair or poor perceived mental health,Number,67.0
8819,2022-07,New Brunswick,"Total, all persons",Fair or poor perceived mental health,Number,113.0
8820,2022-07,New Brunswick,Men,Excellent or very good perceived mental health,Percent,56.1
8821,2022-07,New Brunswick,Men,Excellent or very good perceived mental health,Percent,47.8
8822,2022-07,New Brunswick,Men,Excellent or very good perceived mental health,Percent,64.1
8823,2022-07,New Brunswick,Men,Excellent or very good perceived mental health,Number,186.0
8824,2022-07,New Brunswick,Men,Excellent or very good perceived mental health,Number,159.0
8825,2022-07,New Brunswick,Men,Excellent or very good perceived mental health,Number,213.0
8826,2022-07,New Brunswick,Men,Good perceived mental health,Percent,32.7
8827,2022-07,New Brunswick,Men,Good perceived mental health,Percent,25.2
8828,2022-07,New Brunswick,Men,Good perceived mental health,Percent,41.1
8829,2022-07,New Brunswick,Men,Good perceived mental health,Number,109.0
8830,2022-07,New Brunswick,Men,Good perceived mental health,Number,82.0
8831,2022-07,New Brunswick,Men,Good perceived mental health,Number,135.0
8832,2022-07,New Brunswick,Men,Fair or poor perceived mental health,Percent,11.2
8833,2022-07,New Brunswick,Men,Fair or poor perceived mental health,Percent,7.2
8834,2022-07,New Brunswick,Men,Fair or poor perceived mental health,Percent,17.1
8835,2022-07,New Brunswick,Men,Fair or poor perceived mental health,Number,
8836,2022-07,New Brunswick,Men,Fair or poor perceived mental health,Number,
8837,2022-07,New Brunswick,Men,Fair or poor perceived mental health,Number,
8838,2022-07,New Brunswick,Women,Excellent or very good perceived mental health,Percent,47.4
8839,2022-07,New Brunswick,Women,Excellent or very good perceived mental health,Percent,40.6
8840,2022-07,New Brunswick,Women,Excellent or very good perceived mental health,Percent,54.4
8841,2022-07,New Brunswick,Women,Excellent or very good perceived mental health,Number,161.0
8842,2022-07,New Brunswick,Women,Excellent or very good perceived mental health,Number,137.0
8843,2022-07,New Brunswick,Women,Excellent or very good perceived mental health,Number,185.0
8844,2022-07,New Brunswick,Women,Good perceived mental health,Percent,36.9
8845,2022-07,New Brunswick,Women,Good perceived mental health,Percent,30.4
8846,2022-07,New Brunswick,Women,Good perceived mental health,Percent,43.9
8847,2022-07,New Brunswick,Women,Good perceived mental health,Number,125.0
8848,2022-07,New Brunswick,Women,Good perceived mental health,Number,102.0
8849,2022-07,New Brunswick,Women,Good perceived mental health,Number,148.0
8850,2022-07,New Brunswick,Women,Fair or poor perceived mental health,Percent,15.7
8851,2022-07,New Brunswick,Women,Fair or poor perceived mental health,Percent,11.2
8852,2022-07,New Brunswick,Women,Fair or poor perceived mental health,Percent,21.4
8853,2022-07,New Brunswick,Women,Fair or poor perceived mental health,Number,
8854,2022-07,New Brunswick,Women,Fair or poor perceived mental health,Number,
8855,2022-07,New Brunswick,Women,Fair or poor perceived mental health,Number,
8856,2022-07,Quebec,"Total, all persons",Excellent or very good perceived mental health,Percent,67.6
8857,2022-07,Quebec,"Total, all persons",Excellent or very good perceived mental health,Percent,64.9
8858,2022-07,Quebec,"Total, all persons",Excellent or very good perceived mental health,Percent,70.1
8859,2022-07,Quebec,"Total, all persons",Excellent or very good perceived mental health,Number,4848.0
8860,2022-07,Quebec,"Total, all persons",Excellent or very good perceived mental health,Number,4660.0
8861,2022-07,Quebec,"Total, all persons",Excellent or very good perceived mental health,Number,5036.0
8862,2022-07,Quebec,"Total, all persons",Good perceived mental health,Percent,24.0
8863,2022-07,Quebec,"Total, all persons",Good perceived mental health,Percent,21.6
8864,2022-07,Quebec,"Total, all persons",Good perceived mental health,Percent,26.5
8865,2022-07,Quebec,"Total, all persons",Good perceived mental health,Number,1722.0
8866,2022-07,Quebec,"Total, all persons",Good perceived mental health,Number,1545.0
8867,2022-07,Quebec,"Total, all persons",Good perceived mental health,Number,1898.0
8868,2022-07,Quebec,"Total, all persons",Fair or poor perceived mental health,Percent,8.4
8869,2022-07,Quebec,"Total, all persons",Fair or poor perceived mental health,Percent,7.0
8870,2022-07,Quebec,"Total, all persons",Fair or poor perceived mental health,Percent,10.2
8871,2022-07,Quebec,"Total, all persons",Fair or poor perceived mental health,Number,605.0
8872,2022-07,Quebec,"Total, all persons",Fair or poor perceived mental health,Number,490.0
8873,2022-07,Quebec,"Total, all persons",Fair or poor perceived mental health,Number,721.0
8874,2022-07,Quebec,Men,Excellent or very good perceived mental health,Percent,71.6
8875,2022-07,Quebec,Men,Excellent or very good perceived mental health,Percent,67.9
8876,2022-07,Quebec,Men,Excellent or very good perceived mental health,Percent,75.1
8877,2022-07,Quebec,Men,Excellent or very good perceived mental health,Number,2584.0
8878,2022-07,Quebec,Men,Excellent or very good perceived mental health,Number,2457.0
8879,2022-07,Quebec,Men,Excellent or very good perceived mental health,Number,2711.0
8880,2022-07,Quebec,Men,Good perceived mental health,Percent,21.2
8881,2022-07,Quebec,Men,Good perceived mental health,Percent,18.1
8882,2022-07,Quebec,Men,Good perceived mental health,Percent,24.7
8883,2022-07,Quebec,Men,Good perceived mental health,Number,765.0
8884,2022-07,Quebec,Men,Good perceived mental health,Number,645.0
8885,2022-07,Quebec,Men,Good perceived mental health,Number,885.0
8886,2022-07,Quebec,Men,Fair or poor perceived mental health,Percent,7.2
8887,2022-07,Quebec,Men,Fair or poor perceived mental health,Percent,5.3
8888,2022-07,Quebec,Men,Fair or poor perceived mental health,Percent,9.6
8889,2022-07,Quebec,Men,Fair or poor perceived mental health,Number,
8890,2022-07,Quebec,Men,Fair or poor perceived mental health,Number,
8891,2022-07,Quebec,Men,Fair or poor perceived mental health,Number,
8892,2022-07,Quebec,Women,Excellent or very good perceived mental health,Percent,63.5
8893,2022-07,Quebec,Women,Excellent or very good perceived mental health,Percent,59.7
8894,2022-07,Quebec,Women,Excellent or very good perceived mental health,Percent,67.1
8895,2022-07,Quebec,Women,Excellent or very good perceived mental health,Number,2264.0
8896,2022-07,Quebec,Women,Excellent or very good perceived mental health,Number,2129.0
8897,2022-07,Quebec,Women,Excellent or very good perceived mental health,Number,2399.0
8898,2022-07,Quebec,Women,Good perceived mental health,Percent,26.8
8899,2022-07,Quebec,Women,Good perceived mental health,Percent,23.4
8900,2022-07,Quebec,Women,Good perceived mental health,Percent,30.6
8901,2022-07,Quebec,Women,Good perceived mental health,Number,957.0
8902,2022-07,Quebec,Women,Good perceived mental health,Number,828.0
8903,2022-07,Quebec,Women,Good perceived mental health,Number,1086.0
8904,2022-07,Quebec,Women,Fair or poor perceived mental health,Percent,9.7
8905,2022-07,Quebec,Women,Fair or poor perceived mental health,Percent,7.6
8906,2022-07,Quebec,Women,Fair or poor perceived mental health,Percent,12.4
8907,2022-07,Quebec,Women,Fair or poor perceived mental health,Number,346.0
8908,2022-07,Quebec,Women,Fair or poor perceived mental health,Number,260.0
8909,2022-07,Quebec,Women,Fair or poor perceived mental health,Number,432.0
8910,2022-07,Ontario,"Total, all persons",Excellent or very good perceived mental health,Percent,52.1
8911,2022-07,Ontario,"Total, all persons",Excellent or very good perceived mental health,Percent,49.7
8912,2022-07,Ontario,"Total, all persons",Excellent or very good perceived mental health,Percent,54.4
8913,2022-07,Ontario,"Total, all persons",Excellent or very good perceived mental health,Number,6539.0
8914,2022-07,Ontario,"Total, all persons",Excellent or very good perceived mental health,Number,6246.0
8915,2022-07,Ontario,"Total, all persons",Excellent or very good perceived mental health,Number,6833.0
8916,2022-07,Ontario,"Total, all persons",Good perceived mental health,Percent,31.5
8917,2022-07,Ontario,"Total, all persons",Good perceived mental health,Percent,29.4
8918,2022-07,Ontario,"Total, all persons",Good perceived mental health,Percent,33.8
8919,2022-07,Ontario,"Total, all persons",Good perceived mental health,Number,3959.0
8920,2022-07,Ontario,"Total, all persons",Good perceived mental health,Number,3684.0
8921,2022-07,Ontario,"Total, all persons",Good perceived mental health,Number,4234.0
8922,2022-07,Ontario,"Total, all persons",Fair or poor perceived mental health,Percent,16.4
8923,2022-07,Ontario,"Total, all persons",Fair or poor perceived mental health,Percent,14.8
8924,2022-07,Ontario,"Total, all persons",Fair or poor perceived mental health,Percent,18.1
8925,2022-07,Ontario,"Total, all persons",Fair or poor perceived mental health,Number,2057.0
8926,2022-07,Ontario,"Total, all persons",Fair or poor perceived mental health,Number,1845.0
8927,2022-07,Ontario,"Total, all persons",Fair or poor perceived mental health,Number,2268.0
8928,2022-07,Ontario,Men,Excellent or very good perceived mental health,Percent,54.7
8929,2022-07,Ontario,Men,Excellent or very good perceived mental health,Percent,51.3
8930,2022-07,Ontario,Men,Excellent or very good perceived mental health,Percent,58.1
8931,2022-07,Ontario,Men,Excellent or very good perceived mental health,Number,3387.0
8932,2022-07,Ontario,Men,Excellent or very good perceived mental health,Number,3177.0
8933,2022-07,Ontario,Men,Excellent or very good perceived mental health,Number,3596.0
8934,2022-07,Ontario,Men,Good perceived mental health,Percent,31.2
8935,2022-07,Ontario,Men,Good perceived mental health,Percent,28.1
8936,2022-07,Ontario,Men,Good perceived mental health,Percent,34.4
8937,2022-07,Ontario,Men,Good perceived mental health,Number,1928.0
8938,2022-07,Ontario,Men,Good perceived mental health,Number,1731.0
8939,2022-07,Ontario,Men,Good perceived mental health,Number,2125.0
8940,2022-07,Ontario,Men,Fair or poor perceived mental health,Percent,14.1
8941,2022-07,Ontario,Men,Fair or poor perceived mental health,Percent,11.9
8942,2022-07,Ontario,Men,Fair or poor perceived mental health,Percent,16.7
8943,2022-07,Ontario,Men,Fair or poor perceived mental health,Number,872.0
8944,2022-07,Ontario,Men,Fair or poor perceived mental health,Number,723.0
8945,2022-07,Ontario,Men,Fair or poor perceived mental health,Number,1022.0
8946,2022-07,Ontario,Women,Excellent or very good perceived mental health,Percent,49.5
8947,2022-07,Ontario,Women,Excellent or very good perceived mental health,Percent,46.2
8948,2022-07,Ontario,Women,Excellent or very good perceived mental health,Percent,52.8
8949,2022-07,Ontario,Women,Excellent or very good perceived mental health,Number,3152.0
8950,2022-07,Ontario,Women,Excellent or very good perceived mental health,Number,2943.0
8951,2022-07,Ontario,Women,Excellent or very good perceived mental health,Number,3362.0
8952,2022-07,Ontario,Women,Good perceived mental health,Percent,31.9
8953,2022-07,Ontario,Women,Good perceived mental health,Percent,29.0
8954,2022-07,Ontario,Women,Good perceived mental health,Percent,35.0
8955,2022-07,Ontario,Women,Good perceived mental health,Number,2031.0
8956,2022-07,Ontario,Women,Good perceived mental health,Number,1840.0
8957,2022-07,Ontario,Women,Good perceived mental health,Number,2222.0
8958,2022-07,Ontario,Women,Fair or poor perceived mental health,Percent,18.6
8959,2022-07,Ontario,Women,Fair or poor perceived mental health,Percent,16.2
8960,2022-07,Ontario,Women,Fair or poor perceived mental health,Percent,21.2
8961,2022-07,Ontario,Women,Fair or poor perceived mental health,Number,1184.0
8962,2022-07,Ontario,Women,Fair or poor perceived mental health,Number,1024.0
8963,2022-07,Ontario,Women,Fair or poor perceived mental health,Number,1345.0
8964,2022-07,Manitoba,"Total, all persons",Excellent or very good perceived mental health,Percent,49.2
8965,2022-07,Manitoba,"Total, all persons",Excellent or very good perceived mental health,Percent,43.7
8966,2022-07,Manitoba,"Total, all persons",Excellent or very good perceived mental health,Percent,54.6
8967,2022-07,Manitoba,"Total, all persons",Excellent or very good perceived mental health,Number,525.0
8968,2022-07,Manitoba,"Total, all persons",Excellent or very good perceived mental health,Number,467.0
8969,2022-07,Manitoba,"Total, all persons",Excellent or very good perceived mental health,Number,584.0
8970,2022-07,Manitoba,"Total, all persons",Good perceived mental health,Percent,34.2
8971,2022-07,Manitoba,"Total, all persons",Good perceived mental health,Percent,28.9
8972,2022-07,Manitoba,"Total, all persons",Good perceived mental health,Percent,39.9
8973,2022-07,Manitoba,"Total, all persons",Good perceived mental health,Number,365.0
8974,2022-07,Manitoba,"Total, all persons",Good perceived mental health,Number,306.0
8975,2022-07,Manitoba,"Total, all persons",Good perceived mental health,Number,424.0
8976,2022-07,Manitoba,"Total, all persons",Fair or poor perceived mental health,Percent,16.7
8977,2022-07,Manitoba,"Total, all persons",Fair or poor perceived mental health,Percent,12.5
8978,2022-07,Manitoba,"Total, all persons",Fair or poor perceived mental health,Percent,21.8
8979,2022-07,Manitoba,"Total, all persons",Fair or poor perceived mental health,Number,178.0
8980,2022-07,Manitoba,"Total, all persons",Fair or poor perceived mental health,Number,129.0
8981,2022-07,Manitoba,"Total, all persons",Fair or poor perceived mental health,Number,227.0
8982,2022-07,Manitoba,Men,Excellent or very good perceived mental health,Percent,59.6
8983,2022-07,Manitoba,Men,Excellent or very good perceived mental health,Percent,51.5
8984,2022-07,Manitoba,Men,Excellent or very good perceived mental health,Percent,67.2
8985,2022-07,Manitoba,Men,Excellent or very good perceived mental health,Number,316.0
8986,2022-07,Manitoba,Men,Excellent or very good perceived mental health,Number,274.0
8987,2022-07,Manitoba,Men,Excellent or very good perceived mental health,Number,358.0
8988,2022-07,Manitoba,Men,Good perceived mental health,Percent,27.1
8989,2022-07,Manitoba,Men,Good perceived mental health,Percent,21.1
8990,2022-07,Manitoba,Men,Good perceived mental health,Percent,34.1
8991,2022-07,Manitoba,Men,Good perceived mental health,Number,144.0
8992,2022-07,Manitoba,Men,Good perceived mental health,Number,109.0
8993,2022-07,Manitoba,Men,Good perceived mental health,Number,179.0
8994,2022-07,Manitoba,Men,Fair or poor perceived mental health,Percent,13.3
8995,2022-07,Manitoba,Men,Fair or poor perceived mental health,Percent,8.7
8996,2022-07,Manitoba,Men,Fair or poor perceived mental health,Percent,19.9
8997,2022-07,Manitoba,Men,Fair or poor perceived mental health,Number,
8998,2022-07,Manitoba,Men,Fair or poor perceived mental health,Number,
8999,2022-07,Manitoba,Men,Fair or poor perceived mental health,Number,
9000,2022-07,Manitoba,Women,Excellent or very good perceived mental health,Percent,38.9
9001,2022-07,Manitoba,Women,Excellent or very good perceived mental health,Percent,32.0
9002,2022-07,Manitoba,Women,Excellent or very good perceived mental health,Percent,46.3
9003,2022-07,Manitoba,Women,Excellent or very good perceived mental health,Number,209.0
9004,2022-07,Manitoba,Women,Excellent or very good perceived mental health,Number,170.0
9005,2022-07,Manitoba,Women,Excellent or very good perceived mental health,Number,248.0
9006,2022-07,Manitoba,Women,Good perceived mental health,Percent,41.2
9007,2022-07,Manitoba,Women,Good perceived mental health,Percent,32.7
9008,2022-07,Manitoba,Women,Good perceived mental health,Percent,50.2
9009,2022-07,Manitoba,Women,Good perceived mental health,Number,221.0
9010,2022-07,Manitoba,Women,Good perceived mental health,Number,174.0
9011,2022-07,Manitoba,Women,Good perceived mental health,Number,269.0
9012,2022-07,Manitoba,Women,Fair or poor perceived mental health,Percent,20.0
9013,2022-07,Manitoba,Women,Fair or poor perceived mental health,Percent,13.5
9014,2022-07,Manitoba,Women,Fair or poor perceived mental health,Percent,28.4
9015,2022-07,Manitoba,Women,Fair or poor perceived mental health,Number,
9016,2022-07,Manitoba,Women,Fair or poor perceived mental health,Number,
9017,2022-07,Manitoba,Women,Fair or poor perceived mental health,Number,
9018,2022-07,Saskatchewan,"Total, all persons",Excellent or very good perceived mental health,Percent,45.6
9019,2022-07,Saskatchewan,"Total, all persons",Excellent or very good perceived mental health,Percent,39.7
9020,2022-07,Saskatchewan,"Total, all persons",Excellent or very good perceived mental health,Percent,51.6
9021,2022-07,Saskatchewan,"Total, all persons",Excellent or very good perceived mental health,Number,412.0
9022,2022-07,Saskatchewan,"Total, all persons",Excellent or very good perceived mental health,Number,358.0
9023,2022-07,Saskatchewan,"Total, all persons",Excellent or very good perceived mental health,Number,466.0
9024,2022-07,Saskatchewan,"Total, all persons",Good perceived mental health,Percent,41.7
9025,2022-07,Saskatchewan,"Total, all persons",Good perceived mental health,Percent,35.7
9026,2022-07,Saskatchewan,"Total, all persons",Good perceived mental health,Percent,48.1
9027,2022-07,Saskatchewan,"Total, all persons",Good perceived mental health,Number,377.0
9028,2022-07,Saskatchewan,"Total, all persons",Good perceived mental health,Number,321.0
9029,2022-07,Saskatchewan,"Total, all persons",Good perceived mental health,Number,433.0
9030,2022-07,Saskatchewan,"Total, all persons",Fair or poor perceived mental health,Percent,12.7
9031,2022-07,Saskatchewan,"Total, all persons",Fair or poor perceived mental health,Percent,9.8
9032,2022-07,Saskatchewan,"Total, all persons",Fair or poor perceived mental health,Percent,16.2
9033,2022-07,Saskatchewan,"Total, all persons",Fair or poor perceived mental health,Number,115.0
9034,2022-07,Saskatchewan,"Total, all persons",Fair or poor perceived mental health,Number,86.0
9035,2022-07,Saskatchewan,"Total, all persons",Fair or poor perceived mental health,Number,144.0
9036,2022-07,Saskatchewan,Men,Excellent or very good perceived mental health,Percent,51.9
9037,2022-07,Saskatchewan,Men,Excellent or very good perceived mental health,Percent,42.3
9038,2022-07,Saskatchewan,Men,Excellent or very good perceived mental health,Percent,61.3
9039,2022-07,Saskatchewan,Men,Excellent or very good perceived mental health,Number,228.0
9040,2022-07,Saskatchewan,Men,Excellent or very good perceived mental health,Number,184.0
9041,2022-07,Saskatchewan,Men,Excellent or very good perceived mental health,Number,272.0
9042,2022-07,Saskatchewan,Men,Good perceived mental health,Percent,38.7
9043,2022-07,Saskatchewan,Men,Good perceived mental health,Percent,29.5
9044,2022-07,Saskatchewan,Men,Good perceived mental health,Percent,48.7
9045,2022-07,Saskatchewan,Men,Good perceived mental health,Number,170.0
9046,2022-07,Saskatchewan,Men,Good perceived mental health,Number,122.0
9047,2022-07,Saskatchewan,Men,Good perceived mental health,Number,218.0
9048,2022-07,Saskatchewan,Men,Fair or poor perceived mental health,Percent,9.4
9049,2022-07,Saskatchewan,Men,Fair or poor perceived mental health,Percent,6.2
9050,2022-07,Saskatchewan,Men,Fair or poor perceived mental health,Percent,14.2
9051,2022-07,Saskatchewan,Men,Fair or poor perceived mental health,Number,
9052,2022-07,Saskatchewan,Men,Fair or poor perceived mental health,Number,
9053,2022-07,Saskatchewan,Men,Fair or poor perceived mental health,Number,
9054,2022-07,Saskatchewan,Women,Excellent or very good perceived mental health,Percent,39.6
9055,2022-07,Saskatchewan,Women,Excellent or very good perceived mental health,Percent,32.5
9056,2022-07,Saskatchewan,Women,Excellent or very good perceived mental health,Percent,47.2
9057,2022-07,Saskatchewan,Women,Excellent or very good perceived mental health,Number,184.0
9058,2022-07,Saskatchewan,Women,Excellent or very good perceived mental health,Number,152.0
9059,2022-07,Saskatchewan,Women,Excellent or very good perceived mental health,Number,215.0
9060,2022-07,Saskatchewan,Women,Good perceived mental health,Percent,44.6
9061,2022-07,Saskatchewan,Women,Good perceived mental health,Percent,36.4
9062,2022-07,Saskatchewan,Women,Good perceived mental health,Percent,53.1
9063,2022-07,Saskatchewan,Women,Good perceived mental health,Number,207.0
9064,2022-07,Saskatchewan,Women,Good perceived mental health,Number,159.0
9065,2022-07,Saskatchewan,Women,Good perceived mental health,Number,255.0
9066,2022-07,Saskatchewan,Women,Fair or poor perceived mental health,Percent,15.8
9067,2022-07,Saskatchewan,Women,Fair or poor perceived mental health,Percent,11.2
9068,2022-07,Saskatchewan,Women,Fair or poor perceived mental health,Percent,21.8
9069,2022-07,Saskatchewan,Women,Fair or poor perceived mental health,Number,
9070,2022-07,Saskatchewan,Women,Fair or poor perceived mental health,Number,
9071,2022-07,Saskatchewan,Women,Fair or poor perceived mental health,Number,
9072,2022-07,Alberta,"Total, all persons",Excellent or very good perceived mental health,Percent,49.4
9073,2022-07,Alberta,"Total, all persons",Excellent or very good perceived mental health,Percent,45.7
9074,2022-07,Alberta,"Total, all persons",Excellent or very good perceived mental health,Percent,53.1
9075,2022-07,Alberta,"Total, all persons",Excellent or very good perceived mental health,Number,1795.0
9076,2022-07,Alberta,"Total, all persons",Excellent or very good perceived mental health,Number,1661.0
9077,2022-07,Alberta,"Total, all persons",Excellent or very good perceived mental health,Number,1929.0
9078,2022-07,Alberta,"Total, all persons",Good perceived mental health,Percent,32.6
9079,2022-07,Alberta,"Total, all persons",Good perceived mental health,Percent,29.2
9080,2022-07,Alberta,"Total, all persons",Good perceived mental health,Percent,36.3
9081,2022-07,Alberta,"Total, all persons",Good perceived mental health,Number,1186.0
9082,2022-07,Alberta,"Total, all persons",Good perceived mental health,Number,1056.0
9083,2022-07,Alberta,"Total, all persons",Good perceived mental health,Number,1316.0
9084,2022-07,Alberta,"Total, all persons",Fair or poor perceived mental health,Percent,18.0
9085,2022-07,Alberta,"Total, all persons",Fair or poor perceived mental health,Percent,15.1
9086,2022-07,Alberta,"Total, all persons",Fair or poor perceived mental health,Percent,21.3
9087,2022-07,Alberta,"Total, all persons",Fair or poor perceived mental health,Number,653.0
9088,2022-07,Alberta,"Total, all persons",Fair or poor perceived mental health,Number,541.0
9089,2022-07,Alberta,"Total, all persons",Fair or poor perceived mental health,Number,765.0
9090,2022-07,Alberta,Men,Excellent or very good perceived mental health,Percent,54.0
9091,2022-07,Alberta,Men,Excellent or very good perceived mental health,Percent,48.4
9092,2022-07,Alberta,Men,Excellent or very good perceived mental health,Percent,59.6
9093,2022-07,Alberta,Men,Excellent or very good perceived mental health,Number,982.0
9094,2022-07,Alberta,Men,Excellent or very good perceived mental health,Number,880.0
9095,2022-07,Alberta,Men,Excellent or very good perceived mental health,Number,1085.0
9096,2022-07,Alberta,Men,Good perceived mental health,Percent,29.7
9097,2022-07,Alberta,Men,Good perceived mental health,Percent,25.3
9098,2022-07,Alberta,Men,Good perceived mental health,Percent,34.6
9099,2022-07,Alberta,Men,Good perceived mental health,Number,541.0
9100,2022-07,Alberta,Men,Good perceived mental health,Number,456.0
9101,2022-07,Alberta,Men,Good perceived mental health,Number,625.0
9102,2022-07,Alberta,Men,Fair or poor perceived mental health,Percent,16.2
9103,2022-07,Alberta,Men,Fair or poor perceived mental health,Percent,12.2
9104,2022-07,Alberta,Men,Fair or poor perceived mental health,Percent,21.2
9105,2022-07,Alberta,Men,Fair or poor perceived mental health,Number,
9106,2022-07,Alberta,Men,Fair or poor perceived mental health,Number,
9107,2022-07,Alberta,Men,Fair or poor perceived mental health,Number,
9108,2022-07,Alberta,Women,Excellent or very good perceived mental health,Percent,44.7
9109,2022-07,Alberta,Women,Excellent or very good perceived mental health,Percent,39.8
9110,2022-07,Alberta,Women,Excellent or very good perceived mental health,Percent,49.8
9111,2022-07,Alberta,Women,Excellent or very good perceived mental health,Number,813.0
9112,2022-07,Alberta,Women,Excellent or very good perceived mental health,Number,721.0
9113,2022-07,Alberta,Women,Excellent or very good perceived mental health,Number,904.0
9114,2022-07,Alberta,Women,Good perceived mental health,Percent,35.5
9115,2022-07,Alberta,Women,Good perceived mental health,Percent,30.4
9116,2022-07,Alberta,Women,Good perceived mental health,Percent,41.0
9117,2022-07,Alberta,Women,Good perceived mental health,Number,645.0
9118,2022-07,Alberta,Women,Good perceived mental health,Number,548.0
9119,2022-07,Alberta,Women,Good perceived mental health,Number,742.0
9120,2022-07,Alberta,Women,Fair or poor perceived mental health,Percent,19.7
9121,2022-07,Alberta,Women,Fair or poor perceived mental health,Percent,16.0
9122,2022-07,Alberta,Women,Fair or poor perceived mental health,Percent,24.1
9123,2022-07,Alberta,Women,Fair or poor perceived mental health,Number,358.0
9124,2022-07,Alberta,Women,Fair or poor perceived mental health,Number,284.0
9125,2022-07,Alberta,Women,Fair or poor perceived mental health,Number,433.0
9126,2022-07,British Columbia,"Total, all persons",Excellent or very good perceived mental health,Percent,49.1
9127,2022-07,British Columbia,"Total, all persons",Excellent or very good perceived mental health,Percent,45.5
9128,2022-07,British Columbia,"Total, all persons",Excellent or very good perceived mental health,Percent,52.7
9129,2022-07,British Columbia,"Total, all persons",Excellent or very good perceived mental health,Number,2177.0
9130,2022-07,British Columbia,"Total, all persons",Excellent or very good perceived mental health,Number,2017.0
9131,2022-07,British Columbia,"Total, all persons",Excellent or very good perceived mental health,Number,2337.0
9132,2022-07,British Columbia,"Total, all persons",Good perceived mental health,Percent,32.1
9133,2022-07,British Columbia,"Total, all persons",Good perceived mental health,Percent,28.8
9134,2022-07,British Columbia,"Total, all persons",Good perceived mental health,Percent,35.5
9135,2022-07,British Columbia,"Total, all persons",Good perceived mental health,Number,1422.0
9136,2022-07,British Columbia,"Total, all persons",Good perceived mental health,Number,1275.0
9137,2022-07,British Columbia,"Total, all persons",Good perceived mental health,Number,1570.0
9138,2022-07,British Columbia,"Total, all persons",Fair or poor perceived mental health,Percent,18.8
9139,2022-07,British Columbia,"Total, all persons",Fair or poor perceived mental health,Percent,15.8
9140,2022-07,British Columbia,"Total, all persons",Fair or poor perceived mental health,Percent,22.3
9141,2022-07,British Columbia,"Total, all persons",Fair or poor perceived mental health,Number,834.0
9142,2022-07,British Columbia,"Total, all persons",Fair or poor perceived mental health,Number,692.0
9143,2022-07,British Columbia,"Total, all persons",Fair or poor perceived mental health,Number,977.0
9144,2022-07,British Columbia,Men,Excellent or very good perceived mental health,Percent,51.4
9145,2022-07,British Columbia,Men,Excellent or very good perceived mental health,Percent,46.1
9146,2022-07,British Columbia,Men,Excellent or very good perceived mental health,Percent,56.6
9147,2022-07,British Columbia,Men,Excellent or very good perceived mental health,Number,1135.0
9148,2022-07,British Columbia,Men,Excellent or very good perceived mental health,Number,1016.0
9149,2022-07,British Columbia,Men,Excellent or very good perceived mental health,Number,1254.0
9150,2022-07,British Columbia,Men,Good perceived mental health,Percent,30.0
9151,2022-07,British Columbia,Men,Good perceived mental health,Percent,25.3
9152,2022-07,British Columbia,Men,Good perceived mental health,Percent,35.2
9153,2022-07,British Columbia,Men,Good perceived mental health,Number,663.0
9154,2022-07,British Columbia,Men,Good perceived mental health,Number,553.0
9155,2022-07,British Columbia,Men,Good perceived mental health,Number,774.0
9156,2022-07,British Columbia,Men,Fair or poor perceived mental health,Percent,18.6
9157,2022-07,British Columbia,Men,Fair or poor perceived mental health,Percent,14.2
9158,2022-07,British Columbia,Men,Fair or poor perceived mental health,Percent,24.0
9159,2022-07,British Columbia,Men,Fair or poor perceived mental health,Number,411.0
9160,2022-07,British Columbia,Men,Fair or poor perceived mental health,Number,301.0
9161,2022-07,British Columbia,Men,Fair or poor perceived mental health,Number,521.0
9162,2022-07,British Columbia,Women,Excellent or very good perceived mental health,Percent,46.9
9163,2022-07,British Columbia,Women,Excellent or very good perceived mental health,Percent,41.8
9164,2022-07,British Columbia,Women,Excellent or very good perceived mental health,Percent,52.0
9165,2022-07,British Columbia,Women,Excellent or very good perceived mental health,Number,1042.0
9166,2022-07,British Columbia,Women,Excellent or very good perceived mental health,Number,926.0
9167,2022-07,British Columbia,Women,Excellent or very good perceived mental health,Number,1159.0
9168,2022-07,British Columbia,Women,Good perceived mental health,Percent,34.1
9169,2022-07,British Columbia,Women,Good perceived mental health,Percent,29.6
9170,2022-07,British Columbia,Women,Good perceived mental health,Percent,38.9
9171,2022-07,British Columbia,Women,Good perceived mental health,Number,759.0
9172,2022-07,British Columbia,Women,Good perceived mental health,Number,656.0
9173,2022-07,British Columbia,Women,Good perceived mental health,Number,862.0
9174,2022-07,British Columbia,Women,Fair or poor perceived mental health,Percent,19.0
9175,2022-07,British Columbia,Women,Fair or poor perceived mental health,Percent,14.9
9176,2022-07,British Columbia,Women,Fair or poor perceived mental health,Percent,24.0
9177,2022-07,British Columbia,Women,Fair or poor perceived mental health,Number,423.0
9178,2022-07,British Columbia,Women,Fair or poor perceived mental health,Number,318.0
9179,2022-07,British Columbia,Women,Fair or poor perceived mental health,Number,528.0
9180,2022-10,Newfoundland and Labrador,"Total, all persons",Excellent or very good perceived mental health,Percent,46.9
9181,2022-10,Newfoundland and Labrador,"Total, all persons",Excellent or very good perceived mental health,Percent,41.2
9182,2022-10,Newfoundland and Labrador,"Total, all persons",Excellent or very good perceived mental health,Percent,52.6
9183,2022-10,Newfoundland and Labrador,"Total, all persons",Excellent or very good perceived mental health,Number,211.0
9184,2022-10,Newfoundland and Labrador,"Total, all persons",Excellent or very good perceived mental health,Number,185.0
9185,2022-10,Newfoundland and Labrador,"Total, all persons",Excellent or very good perceived mental health,Number,237.0
9186,2022-10,Newfoundland and Labrador,"Total, all persons",Good perceived mental health,Percent,32.3
9187,2022-10,Newfoundland and Labrador,"Total, all persons",Good perceived mental health,Percent,27.4
9188,2022-10,Newfoundland and Labrador,"Total, all persons",Good perceived mental health,Percent,37.7
9189,2022-10,Newfoundland and Labrador,"Total, all persons",Good perceived mental health,Number,146.0
9190,2022-10,Newfoundland and Labrador,"Total, all persons",Good perceived mental health,Number,122.0
9191,2022-10,Newfoundland and Labrador,"Total, all persons",Good perceived mental health,Number,169.0
9192,2022-10,Newfoundland and Labrador,"Total, all persons",Fair or poor perceived mental health,Percent,20.8
9193,2022-10,Newfoundland and Labrador,"Total, all persons",Fair or poor perceived mental health,Percent,16.6
9194,2022-10,Newfoundland and Labrador,"Total, all persons",Fair or poor perceived mental health,Percent,25.7
9195,2022-10,Newfoundland and Labrador,"Total, all persons",Fair or poor perceived mental health,Number,94.0
9196,2022-10,Newfoundland and Labrador,"Total, all persons",Fair or poor perceived mental health,Number,73.0
9197,2022-10,Newfoundland and Labrador,"Total, all persons",Fair or poor perceived mental health,Number,114.0
9198,2022-10,Newfoundland and Labrador,Men,Excellent or very good perceived mental health,Percent,45.1
9199,2022-10,Newfoundland and Labrador,Men,Excellent or very good perceived mental health,Percent,36.9
9200,2022-10,Newfoundland and Labrador,Men,Excellent or very good perceived mental health,Percent,53.6
9201,2022-10,Newfoundland and Labrador,Men,Excellent or very good perceived mental health,Number,100.0
9202,2022-10,Newfoundland and Labrador,Men,Excellent or very good perceived mental health,Number,81.0
9203,2022-10,Newfoundland and Labrador,Men,Excellent or very good perceived mental health,Number,119.0
9204,2022-10,Newfoundland and Labrador,Men,Good perceived mental health,Percent,30.9
9205,2022-10,Newfoundland and Labrador,Men,Good perceived mental health,Percent,24.3
9206,2022-10,Newfoundland and Labrador,Men,Good perceived mental health,Percent,38.4
9207,2022-10,Newfoundland and Labrador,Men,Good perceived mental health,Number,69.0
9208,2022-10,Newfoundland and Labrador,Men,Good perceived mental health,Number,53.0
9209,2022-10,Newfoundland and Labrador,Men,Good perceived mental health,Number,84.0
9210,2022-10,Newfoundland and Labrador,Men,Fair or poor perceived mental health,Percent,24.0
9211,2022-10,Newfoundland and Labrador,Men,Fair or poor perceived mental health,Percent,17.4
9212,2022-10,Newfoundland and Labrador,Men,Fair or poor perceived mental health,Percent,32.0
9213,2022-10,Newfoundland and Labrador,Men,Fair or poor perceived mental health,Number,
9214,2022-10,Newfoundland and Labrador,Men,Fair or poor perceived mental health,Number,
9215,2022-10,Newfoundland and Labrador,Men,Fair or poor perceived mental health,Number,
9216,2022-10,Newfoundland and Labrador,Women,Excellent or very good perceived mental health,Percent,48.6
9217,2022-10,Newfoundland and Labrador,Women,Excellent or very good perceived mental health,Percent,40.8
9218,2022-10,Newfoundland and Labrador,Women,Excellent or very good perceived mental health,Percent,56.4
9219,2022-10,Newfoundland and Labrador,Women,Excellent or very good perceived mental health,Number,111.0
9220,2022-10,Newfoundland and Labrador,Women,Excellent or very good perceived mental health,Number,93.0
9221,2022-10,Newfoundland and Labrador,Women,Excellent or very good perceived mental health,Number,129.0
9222,2022-10,Newfoundland and Labrador,Women,Good perceived mental health,Percent,33.7
9223,2022-10,Newfoundland and Labrador,Women,Good perceived mental health,Percent,26.8
9224,2022-10,Newfoundland and Labrador,Women,Good perceived mental health,Percent,41.3
9225,2022-10,Newfoundland and Labrador,Women,Good perceived mental health,Number,77.0
9226,2022-10,Newfoundland and Labrador,Women,Good perceived mental health,Number,60.0
9227,2022-10,Newfoundland and Labrador,Women,Good perceived mental health,Number,94.0
9228,2022-10,Newfoundland and Labrador,Women,Fair or poor perceived mental health,Percent,17.8
9229,2022-10,Newfoundland and Labrador,Women,Fair or poor perceived mental health,Percent,12.7
9230,2022-10,Newfoundland and Labrador,Women,Fair or poor perceived mental health,Percent,24.3
9231,2022-10,Newfoundland and Labrador,Women,Fair or poor perceived mental health,Number,
9232,2022-10,Newfoundland and Labrador,Women,Fair or poor perceived mental health,Number,
9233,2022-10,Newfoundland and Labrador,Women,Fair or poor perceived mental health,Number,
9234,2022-10,Prince Edward Island,"Total, all persons",Excellent or very good perceived mental health,Percent,47.0
9235,2022-10,Prince Edward Island,"Total, all persons",Excellent or very good perceived mental health,Percent,40.4
9236,2022-10,Prince Edward Island,"Total, all persons",Excellent or very good perceived mental health,Percent,53.6
9237,2022-10,Prince Edward Island,"Total, all persons",Excellent or very good perceived mental health,Number,66.0
9238,2022-10,Prince Edward Island,"Total, all persons",Excellent or very good perceived mental health,Number,57.0
9239,2022-10,Prince Edward Island,"Total, all persons",Excellent or very good perceived mental health,Number,75.0
9240,2022-10,Prince Edward Island,"Total, all persons",Good perceived mental health,Percent,32.5
9241,2022-10,Prince Edward Island,"Total, all persons",Good perceived mental health,Percent,26.5
9242,2022-10,Prince Edward Island,"Total, all persons",Good perceived mental health,Percent,39.1
9243,2022-10,Prince Edward Island,"Total, all persons",Good perceived mental health,Number,46.0
9244,2022-10,Prince Edward Island,"Total, all persons",Good perceived mental health,Number,37.0
9245,2022-10,Prince Edward Island,"Total, all persons",Good perceived mental health,Number,55.0
9246,2022-10,Prince Edward Island,"Total, all persons",Fair or poor perceived mental health,Percent,20.6
9247,2022-10,Prince Edward Island,"Total, all persons",Fair or poor perceived mental health,Percent,15.5
9248,2022-10,Prince Edward Island,"Total, all persons",Fair or poor perceived mental health,Percent,26.8
9249,2022-10,Prince Edward Island,"Total, all persons",Fair or poor perceived mental health,Number,29.0
9250,2022-10,Prince Edward Island,"Total, all persons",Fair or poor perceived mental health,Number,21.0
9251,2022-10,Prince Edward Island,"Total, all persons",Fair or poor perceived mental health,Number,37.0
9252,2022-10,Prince Edward Island,Men,Excellent or very good perceived mental health,Percent,47.9
9253,2022-10,Prince Edward Island,Men,Excellent or very good perceived mental health,Percent,38.5
9254,2022-10,Prince Edward Island,Men,Excellent or very good perceived mental health,Percent,57.5
9255,2022-10,Prince Edward Island,Men,Excellent or very good perceived mental health,Number,34.0
9256,2022-10,Prince Edward Island,Men,Excellent or very good perceived mental health,Number,27.0
9257,2022-10,Prince Edward Island,Men,Excellent or very good perceived mental health,Number,41.0
9258,2022-10,Prince Edward Island,Men,Good perceived mental health,Percent,29.5
9259,2022-10,Prince Edward Island,Men,Good perceived mental health,Percent,20.6
9260,2022-10,Prince Edward Island,Men,Good perceived mental health,Percent,40.3
9261,2022-10,Prince Edward Island,Men,Good perceived mental health,Number,21.0
9262,2022-10,Prince Edward Island,Men,Good perceived mental health,Number,14.0
9263,2022-10,Prince Edward Island,Men,Good perceived mental health,Number,28.0
9264,2022-10,Prince Edward Island,Men,Fair or poor perceived mental health,Percent,22.5
9265,2022-10,Prince Edward Island,Men,Fair or poor perceived mental health,Percent,14.9
9266,2022-10,Prince Edward Island,Men,Fair or poor perceived mental health,Percent,32.7
9267,2022-10,Prince Edward Island,Men,Fair or poor perceived mental health,Number,
9268,2022-10,Prince Edward Island,Men,Fair or poor perceived mental health,Number,
9269,2022-10,Prince Edward Island,Men,Fair or poor perceived mental health,Number,
9270,2022-10,Prince Edward Island,Women,Excellent or very good perceived mental health,Percent,46.0
9271,2022-10,Prince Edward Island,Women,Excellent or very good perceived mental health,Percent,37.7
9272,2022-10,Prince Edward Island,Women,Excellent or very good perceived mental health,Percent,54.5
9273,2022-10,Prince Edward Island,Women,Excellent or very good perceived mental health,Number,32.0
9274,2022-10,Prince Edward Island,Women,Excellent or very good perceived mental health,Number,26.0
9275,2022-10,Prince Edward Island,Women,Excellent or very good perceived mental health,Number,38.0
9276,2022-10,Prince Edward Island,Women,Good perceived mental health,Percent,35.4
9277,2022-10,Prince Edward Island,Women,Good perceived mental health,Percent,28.0
9278,2022-10,Prince Edward Island,Women,Good perceived mental health,Percent,43.6
9279,2022-10,Prince Edward Island,Women,Good perceived mental health,Number,25.0
9280,2022-10,Prince Edward Island,Women,Good perceived mental health,Number,19.0
9281,2022-10,Prince Edward Island,Women,Good perceived mental health,Number,30.0
9282,2022-10,Prince Edward Island,Women,Fair or poor perceived mental health,Percent,18.6
9283,2022-10,Prince Edward Island,Women,Fair or poor perceived mental health,Percent,12.8
9284,2022-10,Prince Edward Island,Women,Fair or poor perceived mental health,Percent,26.2
9285,2022-10,Prince Edward Island,Women,Fair or poor perceived mental health,Number,
9286,2022-10,Prince Edward Island,Women,Fair or poor perceived mental health,Number,
9287,2022-10,Prince Edward Island,Women,Fair or poor perceived mental health,Number,
9288,2022-10,Nova Scotia,"Total, all persons",Excellent or very good perceived mental health,Percent,41.6
9289,2022-10,Nova Scotia,"Total, all persons",Excellent or very good perceived mental health,Percent,36.8
9290,2022-10,Nova Scotia,"Total, all persons",Excellent or very good perceived mental health,Percent,46.6
9291,2022-10,Nova Scotia,"Total, all persons",Excellent or very good perceived mental health,Number,356.0
9292,2022-10,Nova Scotia,"Total, all persons",Excellent or very good perceived mental health,Number,314.0
9293,2022-10,Nova Scotia,"Total, all persons",Excellent or very good perceived mental health,Number,398.0
9294,2022-10,Nova Scotia,"Total, all persons",Good perceived mental health,Percent,38.2
9295,2022-10,Nova Scotia,"Total, all persons",Good perceived mental health,Percent,33.1
9296,2022-10,Nova Scotia,"Total, all persons",Good perceived mental health,Percent,43.6
9297,2022-10,Nova Scotia,"Total, all persons",Good perceived mental health,Number,327.0
9298,2022-10,Nova Scotia,"Total, all persons",Good perceived mental health,Number,282.0
9299,2022-10,Nova Scotia,"Total, all persons",Good perceived mental health,Number,372.0
9300,2022-10,Nova Scotia,"Total, all persons",Fair or poor perceived mental health,Percent,20.2
9301,2022-10,Nova Scotia,"Total, all persons",Fair or poor perceived mental health,Percent,16.2
9302,2022-10,Nova Scotia,"Total, all persons",Fair or poor perceived mental health,Percent,25.0
9303,2022-10,Nova Scotia,"Total, all persons",Fair or poor perceived mental health,Number,173.0
9304,2022-10,Nova Scotia,"Total, all persons",Fair or poor perceived mental health,Number,136.0
9305,2022-10,Nova Scotia,"Total, all persons",Fair or poor perceived mental health,Number,211.0
9306,2022-10,Nova Scotia,Men,Excellent or very good perceived mental health,Percent,51.3
9307,2022-10,Nova Scotia,Men,Excellent or very good perceived mental health,Percent,42.9
9308,2022-10,Nova Scotia,Men,Excellent or very good perceived mental health,Percent,59.7
9309,2022-10,Nova Scotia,Men,Excellent or very good perceived mental health,Number,217.0
9310,2022-10,Nova Scotia,Men,Excellent or very good perceived mental health,Number,181.0
9311,2022-10,Nova Scotia,Men,Excellent or very good perceived mental health,Number,252.0
9312,2022-10,Nova Scotia,Men,Good perceived mental health,Percent,34.0
9313,2022-10,Nova Scotia,Men,Good perceived mental health,Percent,26.4
9314,2022-10,Nova Scotia,Men,Good perceived mental health,Percent,42.6
9315,2022-10,Nova Scotia,Men,Good perceived mental health,Number,144.0
9316,2022-10,Nova Scotia,Men,Good perceived mental health,Number,109.0
9317,2022-10,Nova Scotia,Men,Good perceived mental health,Number,178.0
9318,2022-10,Nova Scotia,Men,Fair or poor perceived mental health,Percent,14.6
9319,2022-10,Nova Scotia,Men,Fair or poor perceived mental health,Percent,9.2
9320,2022-10,Nova Scotia,Men,Fair or poor perceived mental health,Percent,22.6
9321,2022-10,Nova Scotia,Men,Fair or poor perceived mental health,Number,
9322,2022-10,Nova Scotia,Men,Fair or poor perceived mental health,Number,
9323,2022-10,Nova Scotia,Men,Fair or poor perceived mental health,Number,
9324,2022-10,Nova Scotia,Women,Excellent or very good perceived mental health,Percent,32.1
9325,2022-10,Nova Scotia,Women,Excellent or very good perceived mental health,Percent,26.9
9326,2022-10,Nova Scotia,Women,Excellent or very good perceived mental health,Percent,37.8
9327,2022-10,Nova Scotia,Women,Excellent or very good perceived mental health,Number,139.0
9328,2022-10,Nova Scotia,Women,Excellent or very good perceived mental health,Number,116.0
9329,2022-10,Nova Scotia,Women,Excellent or very good perceived mental health,Number,163.0
9330,2022-10,Nova Scotia,Women,Good perceived mental health,Percent,42.2
9331,2022-10,Nova Scotia,Women,Good perceived mental health,Percent,35.6
9332,2022-10,Nova Scotia,Women,Good perceived mental health,Percent,49.2
9333,2022-10,Nova Scotia,Women,Good perceived mental health,Number,184.0
9334,2022-10,Nova Scotia,Women,Good perceived mental health,Number,153.0
9335,2022-10,Nova Scotia,Women,Good perceived mental health,Number,214.0
9336,2022-10,Nova Scotia,Women,Fair or poor perceived mental health,Percent,25.7
9337,2022-10,Nova Scotia,Women,Fair or poor perceived mental health,Percent,20.1
9338,2022-10,Nova Scotia,Women,Fair or poor perceived mental health,Percent,32.2
9339,2022-10,Nova Scotia,Women,Fair or poor perceived mental health,Number,111.0
9340,2022-10,Nova Scotia,Women,Fair or poor perceived mental health,Number,84.0
9341,2022-10,Nova Scotia,Women,Fair or poor perceived mental health,Number,138.0
9342,2022-10,New Brunswick,"Total, all persons",Excellent or very good perceived mental health,Percent,41.0
9343,2022-10,New Brunswick,"Total, all persons",Excellent or very good perceived mental health,Percent,35.9
9344,2022-10,New Brunswick,"Total, all persons",Excellent or very good perceived mental health,Percent,46.3
9345,2022-10,New Brunswick,"Total, all persons",Excellent or very good perceived mental health,Number,277.0
9346,2022-10,New Brunswick,"Total, all persons",Excellent or very good perceived mental health,Number,242.0
9347,2022-10,New Brunswick,"Total, all persons",Excellent or very good perceived mental health,Number,313.0
9348,2022-10,New Brunswick,"Total, all persons",Good perceived mental health,Percent,34.7
9349,2022-10,New Brunswick,"Total, all persons",Good perceived mental health,Percent,29.5
9350,2022-10,New Brunswick,"Total, all persons",Good perceived mental health,Percent,40.3
9351,2022-10,New Brunswick,"Total, all persons",Good perceived mental health,Number,235.0
9352,2022-10,New Brunswick,"Total, all persons",Good perceived mental health,Number,198.0
9353,2022-10,New Brunswick,"Total, all persons",Good perceived mental health,Number,271.0
9354,2022-10,New Brunswick,"Total, all persons",Fair or poor perceived mental health,Percent,24.3
9355,2022-10,New Brunswick,"Total, all persons",Fair or poor perceived mental health,Percent,19.6
9356,2022-10,New Brunswick,"Total, all persons",Fair or poor perceived mental health,Percent,29.6
9357,2022-10,New Brunswick,"Total, all persons",Fair or poor perceived mental health,Number,164.0
9358,2022-10,New Brunswick,"Total, all persons",Fair or poor perceived mental health,Number,130.0
9359,2022-10,New Brunswick,"Total, all persons",Fair or poor perceived mental health,Number,198.0
9360,2022-10,New Brunswick,Men,Excellent or very good perceived mental health,Percent,42.2
9361,2022-10,New Brunswick,Men,Excellent or very good perceived mental health,Percent,34.1
9362,2022-10,New Brunswick,Men,Excellent or very good perceived mental health,Percent,50.7
9363,2022-10,New Brunswick,Men,Excellent or very good perceived mental health,Number,141.0
9364,2022-10,New Brunswick,Men,Excellent or very good perceived mental health,Number,113.0
9365,2022-10,New Brunswick,Men,Excellent or very good perceived mental health,Number,169.0
9366,2022-10,New Brunswick,Men,Good perceived mental health,Percent,35.9
9367,2022-10,New Brunswick,Men,Good perceived mental health,Percent,28.1
9368,2022-10,New Brunswick,Men,Good perceived mental health,Percent,44.7
9369,2022-10,New Brunswick,Men,Good perceived mental health,Number,120.0
9370,2022-10,New Brunswick,Men,Good perceived mental health,Number,92.0
9371,2022-10,New Brunswick,Men,Good perceived mental health,Number,148.0
9372,2022-10,New Brunswick,Men,Fair or poor perceived mental health,Percent,21.9
9373,2022-10,New Brunswick,Men,Fair or poor perceived mental health,Percent,15.5
9374,2022-10,New Brunswick,Men,Fair or poor perceived mental health,Percent,30.0
9375,2022-10,New Brunswick,Men,Fair or poor perceived mental health,Number,
9376,2022-10,New Brunswick,Men,Fair or poor perceived mental health,Number,
9377,2022-10,New Brunswick,Men,Fair or poor perceived mental health,Number,
9378,2022-10,New Brunswick,Women,Excellent or very good perceived mental health,Percent,39.9
9379,2022-10,New Brunswick,Women,Excellent or very good perceived mental health,Percent,33.7
9380,2022-10,New Brunswick,Women,Excellent or very good perceived mental health,Percent,46.5
9381,2022-10,New Brunswick,Women,Excellent or very good perceived mental health,Number,137.0
9382,2022-10,New Brunswick,Women,Excellent or very good perceived mental health,Number,114.0
9383,2022-10,New Brunswick,Women,Excellent or very good perceived mental health,Number,159.0
9384,2022-10,New Brunswick,Women,Good perceived mental health,Percent,33.5
9385,2022-10,New Brunswick,Women,Good perceived mental health,Percent,26.6
9386,2022-10,New Brunswick,Women,Good perceived mental health,Percent,41.2
9387,2022-10,New Brunswick,Women,Good perceived mental health,Number,115.0
9388,2022-10,New Brunswick,Women,Good perceived mental health,Number,89.0
9389,2022-10,New Brunswick,Women,Good perceived mental health,Number,140.0
9390,2022-10,New Brunswick,Women,Fair or poor perceived mental health,Percent,26.6
9391,2022-10,New Brunswick,Women,Fair or poor perceived mental health,Percent,20.1
9392,2022-10,New Brunswick,Women,Fair or poor perceived mental health,Percent,34.3
9393,2022-10,New Brunswick,Women,Fair or poor perceived mental health,Number,
9394,2022-10,New Brunswick,Women,Fair or poor perceived mental health,Number,
9395,2022-10,New Brunswick,Women,Fair or poor perceived mental health,Number,
9396,2022-10,Quebec,"Total, all persons",Excellent or very good perceived mental health,Percent,59.1
9397,2022-10,Quebec,"Total, all persons",Excellent or very good perceived mental health,Percent,56.0
9398,2022-10,Quebec,"Total, all persons",Excellent or very good perceived mental health,Percent,62.1
9399,2022-10,Quebec,"Total, all persons",Excellent or very good perceived mental health,Number,4254.0
9400,2022-10,Quebec,"Total, all persons",Excellent or very good perceived mental health,Number,4033.0
9401,2022-10,Quebec,"Total, all persons",Excellent or very good perceived mental health,Number,4474.0
9402,2022-10,Quebec,"Total, all persons",Good perceived mental health,Percent,28.6
9403,2022-10,Quebec,"Total, all persons",Good perceived mental health,Percent,25.8
9404,2022-10,Quebec,"Total, all persons",Good perceived mental health,Percent,31.6
9405,2022-10,Quebec,"Total, all persons",Good perceived mental health,Number,2061.0
9406,2022-10,Quebec,"Total, all persons",Good perceived mental health,Number,1853.0
9407,2022-10,Quebec,"Total, all persons",Good perceived mental health,Number,2269.0
9408,2022-10,Quebec,"Total, all persons",Fair or poor perceived mental health,Percent,12.3
9409,2022-10,Quebec,"Total, all persons",Fair or poor perceived mental health,Percent,10.4
9410,2022-10,Quebec,"Total, all persons",Fair or poor perceived mental health,Percent,14.5
9411,2022-10,Quebec,"Total, all persons",Fair or poor perceived mental health,Number,884.0
9412,2022-10,Quebec,"Total, all persons",Fair or poor perceived mental health,Number,735.0
9413,2022-10,Quebec,"Total, all persons",Fair or poor perceived mental health,Number,1032.0
9414,2022-10,Quebec,Men,Excellent or very good perceived mental health,Percent,61.7
9415,2022-10,Quebec,Men,Excellent or very good perceived mental health,Percent,57.0
9416,2022-10,Quebec,Men,Excellent or very good perceived mental health,Percent,66.2
9417,2022-10,Quebec,Men,Excellent or very good perceived mental health,Number,2200.0
9418,2022-10,Quebec,Men,Excellent or very good perceived mental health,Number,2032.0
9419,2022-10,Quebec,Men,Excellent or very good perceived mental health,Number,2367.0
9420,2022-10,Quebec,Men,Good perceived mental health,Percent,29.9
9421,2022-10,Quebec,Men,Good perceived mental health,Percent,25.7
9422,2022-10,Quebec,Men,Good perceived mental health,Percent,34.4
9423,2022-10,Quebec,Men,Good perceived mental health,Number,1064.0
9424,2022-10,Quebec,Men,Good perceived mental health,Number,908.0
9425,2022-10,Quebec,Men,Good perceived mental health,Number,1220.0
9426,2022-10,Quebec,Men,Fair or poor perceived mental health,Percent,8.4
9427,2022-10,Quebec,Men,Fair or poor perceived mental health,Percent,6.3
9428,2022-10,Quebec,Men,Fair or poor perceived mental health,Percent,11.3
9429,2022-10,Quebec,Men,Fair or poor perceived mental health,Number,300.0
9430,2022-10,Quebec,Men,Fair or poor perceived mental health,Number,212.0
9431,2022-10,Quebec,Men,Fair or poor perceived mental health,Number,389.0
9432,2022-10,Quebec,Women,Excellent or very good perceived mental health,Percent,56.5
9433,2022-10,Quebec,Women,Excellent or very good perceived mental health,Percent,52.5
9434,2022-10,Quebec,Women,Excellent or very good perceived mental health,Percent,60.5
9435,2022-10,Quebec,Women,Excellent or very good perceived mental health,Number,2054.0
9436,2022-10,Quebec,Women,Excellent or very good perceived mental health,Number,1911.0
9437,2022-10,Quebec,Women,Excellent or very good perceived mental health,Number,2197.0
9438,2022-10,Quebec,Women,Good perceived mental health,Percent,27.4
9439,2022-10,Quebec,Women,Good perceived mental health,Percent,23.9
9440,2022-10,Quebec,Women,Good perceived mental health,Percent,31.2
9441,2022-10,Quebec,Women,Good perceived mental health,Number,997.0
9442,2022-10,Quebec,Women,Good perceived mental health,Number,863.0
9443,2022-10,Quebec,Women,Good perceived mental health,Number,1131.0
9444,2022-10,Quebec,Women,Fair or poor perceived mental health,Percent,16.0
9445,2022-10,Quebec,Women,Fair or poor perceived mental health,Percent,13.0
9446,2022-10,Quebec,Women,Fair or poor perceived mental health,Percent,19.6
9447,2022-10,Quebec,Women,Fair or poor perceived mental health,Number,583.0
9448,2022-10,Quebec,Women,Fair or poor perceived mental health,Number,462.0
9449,2022-10,Quebec,Women,Fair or poor perceived mental health,Number,704.0
9450,2022-10,Ontario,"Total, all persons",Excellent or very good perceived mental health,Percent,44.6
9451,2022-10,Ontario,"Total, all persons",Excellent or very good perceived mental health,Percent,42.1
9452,2022-10,Ontario,"Total, all persons",Excellent or very good perceived mental health,Percent,47.1
9453,2022-10,Ontario,"Total, all persons",Excellent or very good perceived mental health,Number,5625.0
9454,2022-10,Ontario,"Total, all persons",Excellent or very good perceived mental health,Number,5311.0
9455,2022-10,Ontario,"Total, all persons",Excellent or very good perceived mental health,Number,5938.0
9456,2022-10,Ontario,"Total, all persons",Good perceived mental health,Percent,32.4
9457,2022-10,Ontario,"Total, all persons",Good perceived mental health,Percent,30.1
9458,2022-10,Ontario,"Total, all persons",Good perceived mental health,Percent,34.8
9459,2022-10,Ontario,"Total, all persons",Good perceived mental health,Number,4085.0
9460,2022-10,Ontario,"Total, all persons",Good perceived mental health,Number,3786.0
9461,2022-10,Ontario,"Total, all persons",Good perceived mental health,Number,4384.0
9462,2022-10,Ontario,"Total, all persons",Fair or poor perceived mental health,Percent,23.0
9463,2022-10,Ontario,"Total, all persons",Fair or poor perceived mental health,Percent,20.7
9464,2022-10,Ontario,"Total, all persons",Fair or poor perceived mental health,Percent,25.4
9465,2022-10,Ontario,"Total, all persons",Fair or poor perceived mental health,Number,2896.0
9466,2022-10,Ontario,"Total, all persons",Fair or poor perceived mental health,Number,2598.0
9467,2022-10,Ontario,"Total, all persons",Fair or poor perceived mental health,Number,3195.0
9468,2022-10,Ontario,Men,Excellent or very good perceived mental health,Percent,45.1
9469,2022-10,Ontario,Men,Excellent or very good perceived mental health,Percent,41.5
9470,2022-10,Ontario,Men,Excellent or very good perceived mental health,Percent,48.9
9471,2022-10,Ontario,Men,Excellent or very good perceived mental health,Number,2818.0
9472,2022-10,Ontario,Men,Excellent or very good perceived mental health,Number,2590.0
9473,2022-10,Ontario,Men,Excellent or very good perceived mental health,Number,3047.0
9474,2022-10,Ontario,Men,Good perceived mental health,Percent,34.5
9475,2022-10,Ontario,Men,Good perceived mental health,Percent,31.0
9476,2022-10,Ontario,Men,Good perceived mental health,Percent,38.1
9477,2022-10,Ontario,Men,Good perceived mental health,Number,2152.0
9478,2022-10,Ontario,Men,Good perceived mental health,Number,1933.0
9479,2022-10,Ontario,Men,Good perceived mental health,Number,2371.0
9480,2022-10,Ontario,Men,Fair or poor perceived mental health,Percent,20.4
9481,2022-10,Ontario,Men,Fair or poor perceived mental health,Percent,17.2
9482,2022-10,Ontario,Men,Fair or poor perceived mental health,Percent,24.0
9483,2022-10,Ontario,Men,Fair or poor perceived mental health,Number,1273.0
9484,2022-10,Ontario,Men,Fair or poor perceived mental health,Number,1054.0
9485,2022-10,Ontario,Men,Fair or poor perceived mental health,Number,1493.0
9486,2022-10,Ontario,Women,Excellent or very good perceived mental health,Percent,44.1
9487,2022-10,Ontario,Women,Excellent or very good perceived mental health,Percent,40.6
9488,2022-10,Ontario,Women,Excellent or very good perceived mental health,Percent,47.6
9489,2022-10,Ontario,Women,Excellent or very good perceived mental health,Number,2806.0
9490,2022-10,Ontario,Women,Excellent or very good perceived mental health,Number,2581.0
9491,2022-10,Ontario,Women,Excellent or very good perceived mental health,Number,3032.0
9492,2022-10,Ontario,Women,Good perceived mental health,Percent,30.4
9493,2022-10,Ontario,Women,Good perceived mental health,Percent,27.3
9494,2022-10,Ontario,Women,Good perceived mental health,Percent,33.7
9495,2022-10,Ontario,Women,Good perceived mental health,Number,1933.0
9496,2022-10,Ontario,Women,Good perceived mental health,Number,1729.0
9497,2022-10,Ontario,Women,Good perceived mental health,Number,2137.0
9498,2022-10,Ontario,Women,Fair or poor perceived mental health,Percent,25.5
9499,2022-10,Ontario,Women,Fair or poor perceived mental health,Percent,22.2
9500,2022-10,Ontario,Women,Fair or poor perceived mental health,Percent,29.1
9501,2022-10,Ontario,Women,Fair or poor perceived mental health,Number,1623.0
9502,2022-10,Ontario,Women,Fair or poor perceived mental health,Number,1402.0
9503,2022-10,Ontario,Women,Fair or poor perceived mental health,Number,1844.0
9504,2022-10,Manitoba,"Total, all persons",Excellent or very good perceived mental health,Percent,46.2
9505,2022-10,Manitoba,"Total, all persons",Excellent or very good perceived mental health,Percent,40.5
9506,2022-10,Manitoba,"Total, all persons",Excellent or very good perceived mental health,Percent,52.0
9507,2022-10,Manitoba,"Total, all persons",Excellent or very good perceived mental health,Number,496.0
9508,2022-10,Manitoba,"Total, all persons",Excellent or very good perceived mental health,Number,434.0
9509,2022-10,Manitoba,"Total, all persons",Excellent or very good perceived mental health,Number,558.0
9510,2022-10,Manitoba,"Total, all persons",Good perceived mental health,Percent,33.1
9511,2022-10,Manitoba,"Total, all persons",Good perceived mental health,Percent,28.0
9512,2022-10,Manitoba,"Total, all persons",Good perceived mental health,Percent,38.7
9513,2022-10,Manitoba,"Total, all persons",Good perceived mental health,Number,356.0
9514,2022-10,Manitoba,"Total, all persons",Good perceived mental health,Number,298.0
9515,2022-10,Manitoba,"Total, all persons",Good perceived mental health,Number,413.0
9516,2022-10,Manitoba,"Total, all persons",Fair or poor perceived mental health,Percent,20.6
9517,2022-10,Manitoba,"Total, all persons",Fair or poor perceived mental health,Percent,16.3
9518,2022-10,Manitoba,"Total, all persons",Fair or poor perceived mental health,Percent,25.7
9519,2022-10,Manitoba,"Total, all persons",Fair or poor perceived mental health,Number,221.0
9520,2022-10,Manitoba,"Total, all persons",Fair or poor perceived mental health,Number,171.0
9521,2022-10,Manitoba,"Total, all persons",Fair or poor perceived mental health,Number,272.0
9522,2022-10,Manitoba,Men,Excellent or very good perceived mental health,Percent,50.0
9523,2022-10,Manitoba,Men,Excellent or very good perceived mental health,Percent,41.7
9524,2022-10,Manitoba,Men,Excellent or very good perceived mental health,Percent,58.3
9525,2022-10,Manitoba,Men,Excellent or very good perceived mental health,Number,270.0
9526,2022-10,Manitoba,Men,Excellent or very good perceived mental health,Number,225.0
9527,2022-10,Manitoba,Men,Excellent or very good perceived mental health,Number,314.0
9528,2022-10,Manitoba,Men,Good perceived mental health,Percent,29.3
9529,2022-10,Manitoba,Men,Good perceived mental health,Percent,22.4
9530,2022-10,Manitoba,Men,Good perceived mental health,Percent,37.3
9531,2022-10,Manitoba,Men,Good perceived mental health,Number,158.0
9532,2022-10,Manitoba,Men,Good perceived mental health,Number,118.0
9533,2022-10,Manitoba,Men,Good perceived mental health,Number,198.0
9534,2022-10,Manitoba,Men,Fair or poor perceived mental health,Percent,20.7
9535,2022-10,Manitoba,Men,Fair or poor perceived mental health,Percent,14.8
9536,2022-10,Manitoba,Men,Fair or poor perceived mental health,Percent,28.3
9537,2022-10,Manitoba,Men,Fair or poor perceived mental health,Number,
9538,2022-10,Manitoba,Men,Fair or poor perceived mental health,Number,
9539,2022-10,Manitoba,Men,Fair or poor perceived mental health,Number,
9540,2022-10,Manitoba,Women,Excellent or very good perceived mental health,Percent,42.4
9541,2022-10,Manitoba,Women,Excellent or very good perceived mental health,Percent,34.7
9542,2022-10,Manitoba,Women,Excellent or very good perceived mental health,Percent,50.6
9543,2022-10,Manitoba,Women,Excellent or very good perceived mental health,Number,226.0
9544,2022-10,Manitoba,Women,Excellent or very good perceived mental health,Number,183.0
9545,2022-10,Manitoba,Women,Excellent or very good perceived mental health,Number,270.0
9546,2022-10,Manitoba,Women,Good perceived mental health,Percent,37.0
9547,2022-10,Manitoba,Women,Good perceived mental health,Percent,29.4
9548,2022-10,Manitoba,Women,Good perceived mental health,Percent,45.3
9549,2022-10,Manitoba,Women,Good perceived mental health,Number,198.0
9550,2022-10,Manitoba,Women,Good perceived mental health,Number,155.0
9551,2022-10,Manitoba,Women,Good perceived mental health,Number,240.0
9552,2022-10,Manitoba,Women,Fair or poor perceived mental health,Percent,20.5
9553,2022-10,Manitoba,Women,Fair or poor perceived mental health,Percent,14.8
9554,2022-10,Manitoba,Women,Fair or poor perceived mental health,Percent,27.8
9555,2022-10,Manitoba,Women,Fair or poor perceived mental health,Number,
9556,2022-10,Manitoba,Women,Fair or poor perceived mental health,Number,
9557,2022-10,Manitoba,Women,Fair or poor perceived mental health,Number,
9558,2022-10,Saskatchewan,"Total, all persons",Excellent or very good perceived mental health,Percent,41.8
9559,2022-10,Saskatchewan,"Total, all persons",Excellent or very good perceived mental health,Percent,36.8
9560,2022-10,Saskatchewan,"Total, all persons",Excellent or very good perceived mental health,Percent,47.0
9561,2022-10,Saskatchewan,"Total, all persons",Excellent or very good perceived mental health,Number,380.0
9562,2022-10,Saskatchewan,"Total, all persons",Excellent or very good perceived mental health,Number,333.0
9563,2022-10,Saskatchewan,"Total, all persons",Excellent or very good perceived mental health,Number,426.0
9564,2022-10,Saskatchewan,"Total, all persons",Good perceived mental health,Percent,35.2
9565,2022-10,Saskatchewan,"Total, all persons",Good perceived mental health,Percent,30.4
9566,2022-10,Saskatchewan,"Total, all persons",Good perceived mental health,Percent,40.4
9567,2022-10,Saskatchewan,"Total, all persons",Good perceived mental health,Number,320.0
9568,2022-10,Saskatchewan,"Total, all persons",Good perceived mental health,Number,274.0
9569,2022-10,Saskatchewan,"Total, all persons",Good perceived mental health,Number,365.0
9570,2022-10,Saskatchewan,"Total, all persons",Fair or poor perceived mental health,Percent,23.0
9571,2022-10,Saskatchewan,"Total, all persons",Fair or poor perceived mental health,Percent,18.8
9572,2022-10,Saskatchewan,"Total, all persons",Fair or poor perceived mental health,Percent,27.7
9573,2022-10,Saskatchewan,"Total, all persons",Fair or poor perceived mental health,Number,208.0
9574,2022-10,Saskatchewan,"Total, all persons",Fair or poor perceived mental health,Number,168.0
9575,2022-10,Saskatchewan,"Total, all persons",Fair or poor perceived mental health,Number,248.0
9576,2022-10,Saskatchewan,Men,Excellent or very good perceived mental health,Percent,47.4
9577,2022-10,Saskatchewan,Men,Excellent or very good perceived mental health,Percent,39.4
9578,2022-10,Saskatchewan,Men,Excellent or very good perceived mental health,Percent,55.5
9579,2022-10,Saskatchewan,Men,Excellent or very good perceived mental health,Number,216.0
9580,2022-10,Saskatchewan,Men,Excellent or very good perceived mental health,Number,179.0
9581,2022-10,Saskatchewan,Men,Excellent or very good perceived mental health,Number,253.0
9582,2022-10,Saskatchewan,Men,Good perceived mental health,Percent,30.7
9583,2022-10,Saskatchewan,Men,Good perceived mental health,Percent,24.3
9584,2022-10,Saskatchewan,Men,Good perceived mental health,Percent,38.0
9585,2022-10,Saskatchewan,Men,Good perceived mental health,Number,140.0
9586,2022-10,Saskatchewan,Men,Good perceived mental health,Number,109.0
9587,2022-10,Saskatchewan,Men,Good perceived mental health,Number,172.0
9588,2022-10,Saskatchewan,Men,Fair or poor perceived mental health,Percent,21.9
9589,2022-10,Saskatchewan,Men,Fair or poor perceived mental health,Percent,16.0
9590,2022-10,Saskatchewan,Men,Fair or poor perceived mental health,Percent,29.2
9591,2022-10,Saskatchewan,Men,Fair or poor perceived mental health,Number,
9592,2022-10,Saskatchewan,Men,Fair or poor perceived mental health,Number,
9593,2022-10,Saskatchewan,Men,Fair or poor perceived mental health,Number,
9594,2022-10,Saskatchewan,Women,Excellent or very good perceived mental health,Percent,36.2
9595,2022-10,Saskatchewan,Women,Excellent or very good perceived mental health,Percent,30.0
9596,2022-10,Saskatchewan,Women,Excellent or very good perceived mental health,Percent,42.9
9597,2022-10,Saskatchewan,Women,Excellent or very good perceived mental health,Number,164.0
9598,2022-10,Saskatchewan,Women,Excellent or very good perceived mental health,Number,134.0
9599,2022-10,Saskatchewan,Women,Excellent or very good perceived mental health,Number,193.0
9600,2022-10,Saskatchewan,Women,Good perceived mental health,Percent,39.8
9601,2022-10,Saskatchewan,Women,Good perceived mental health,Percent,32.8
9602,2022-10,Saskatchewan,Women,Good perceived mental health,Percent,47.2
9603,2022-10,Saskatchewan,Women,Good perceived mental health,Number,179.0
9604,2022-10,Saskatchewan,Women,Good perceived mental health,Number,147.0
9605,2022-10,Saskatchewan,Women,Good perceived mental health,Number,212.0
9606,2022-10,Saskatchewan,Women,Fair or poor perceived mental health,Percent,24.0
9607,2022-10,Saskatchewan,Women,Fair or poor perceived mental health,Percent,18.3
9608,2022-10,Saskatchewan,Women,Fair or poor perceived mental health,Percent,30.8
9609,2022-10,Saskatchewan,Women,Fair or poor perceived mental health,Number,108.0
9610,2022-10,Saskatchewan,Women,Fair or poor perceived mental health,Number,80.0
9611,2022-10,Saskatchewan,Women,Fair or poor perceived mental health,Number,137.0
9612,2022-10,Alberta,"Total, all persons",Excellent or very good perceived mental health,Percent,44.7
9613,2022-10,Alberta,"Total, all persons",Excellent or very good perceived mental health,Percent,40.3
9614,2022-10,Alberta,"Total, all persons",Excellent or very good perceived mental health,Percent,49.1
9615,2022-10,Alberta,"Total, all persons",Excellent or very good perceived mental health,Number,1634.0
9616,2022-10,Alberta,"Total, all persons",Excellent or very good perceived mental health,Number,1473.0
9617,2022-10,Alberta,"Total, all persons",Excellent or very good perceived mental health,Number,1795.0
9618,2022-10,Alberta,"Total, all persons",Good perceived mental health,Percent,35.6
9619,2022-10,Alberta,"Total, all persons",Good perceived mental health,Percent,31.3
9620,2022-10,Alberta,"Total, all persons",Good perceived mental health,Percent,40.1
9621,2022-10,Alberta,"Total, all persons",Good perceived mental health,Number,1302.0
9622,2022-10,Alberta,"Total, all persons",Good perceived mental health,Number,1141.0
9623,2022-10,Alberta,"Total, all persons",Good perceived mental health,Number,1463.0
9624,2022-10,Alberta,"Total, all persons",Fair or poor perceived mental health,Percent,19.7
9625,2022-10,Alberta,"Total, all persons",Fair or poor perceived mental health,Percent,16.4
9626,2022-10,Alberta,"Total, all persons",Fair or poor perceived mental health,Percent,23.6
9627,2022-10,Alberta,"Total, all persons",Fair or poor perceived mental health,Number,722.0
9628,2022-10,Alberta,"Total, all persons",Fair or poor perceived mental health,Number,590.0
9629,2022-10,Alberta,"Total, all persons",Fair or poor perceived mental health,Number,854.0
9630,2022-10,Alberta,Men,Excellent or very good perceived mental health,Percent,49.6
9631,2022-10,Alberta,Men,Excellent or very good perceived mental health,Percent,43.3
9632,2022-10,Alberta,Men,Excellent or very good perceived mental health,Percent,55.9
9633,2022-10,Alberta,Men,Excellent or very good perceived mental health,Number,900.0
9634,2022-10,Alberta,Men,Excellent or very good perceived mental health,Number,784.0
9635,2022-10,Alberta,Men,Excellent or very good perceived mental health,Number,1015.0
9636,2022-10,Alberta,Men,Good perceived mental health,Percent,32.7
9637,2022-10,Alberta,Men,Good perceived mental health,Percent,26.9
9638,2022-10,Alberta,Men,Good perceived mental health,Percent,39.0
9639,2022-10,Alberta,Men,Good perceived mental health,Number,593.0
9640,2022-10,Alberta,Men,Good perceived mental health,Number,483.0
9641,2022-10,Alberta,Men,Good perceived mental health,Number,703.0
9642,2022-10,Alberta,Men,Fair or poor perceived mental health,Percent,17.7
9643,2022-10,Alberta,Men,Fair or poor perceived mental health,Percent,13.6
9644,2022-10,Alberta,Men,Fair or poor perceived mental health,Percent,22.7
9645,2022-10,Alberta,Men,Fair or poor perceived mental health,Number,321.0
9646,2022-10,Alberta,Men,Fair or poor perceived mental health,Number,238.0
9647,2022-10,Alberta,Men,Fair or poor perceived mental health,Number,404.0
9648,2022-10,Alberta,Women,Excellent or very good perceived mental health,Percent,39.8
9649,2022-10,Alberta,Women,Excellent or very good perceived mental health,Percent,33.7
9650,2022-10,Alberta,Women,Excellent or very good perceived mental health,Percent,46.3
9651,2022-10,Alberta,Women,Excellent or very good perceived mental health,Number,734.0
9652,2022-10,Alberta,Women,Excellent or very good perceived mental health,Number,617.0
9653,2022-10,Alberta,Women,Excellent or very good perceived mental health,Number,851.0
9654,2022-10,Alberta,Women,Good perceived mental health,Percent,38.5
9655,2022-10,Alberta,Women,Good perceived mental health,Percent,32.3
9656,2022-10,Alberta,Women,Good perceived mental health,Percent,45.0
9657,2022-10,Alberta,Women,Good perceived mental health,Number,709.0
9658,2022-10,Alberta,Women,Good perceived mental health,Number,591.0
9659,2022-10,Alberta,Women,Good perceived mental health,Number,827.0
9660,2022-10,Alberta,Women,Fair or poor perceived mental health,Percent,21.8
9661,2022-10,Alberta,Women,Fair or poor perceived mental health,Percent,16.7
9662,2022-10,Alberta,Women,Fair or poor perceived mental health,Percent,27.8
9663,2022-10,Alberta,Women,Fair or poor perceived mental health,Number,401.0
9664,2022-10,Alberta,Women,Fair or poor perceived mental health,Number,298.0
9665,2022-10,Alberta,Women,Fair or poor perceived mental health,Number,504.0
9666,2022-10,British Columbia,"Total, all persons",Excellent or very good perceived mental health,Percent,44.6
9667,2022-10,British Columbia,"Total, all persons",Excellent or very good perceived mental health,Percent,40.8
9668,2022-10,British Columbia,"Total, all persons",Excellent or very good perceived mental health,Percent,48.4
9669,2022-10,British Columbia,"Total, all persons",Excellent or very good perceived mental health,Number,1983.0
9670,2022-10,British Columbia,"Total, all persons",Excellent or very good perceived mental health,Number,1815.0
9671,2022-10,British Columbia,"Total, all persons",Excellent or very good perceived mental health,Number,2151.0
9672,2022-10,British Columbia,"Total, all persons",Good perceived mental health,Percent,31.4
9673,2022-10,British Columbia,"Total, all persons",Good perceived mental health,Percent,28.1
9674,2022-10,British Columbia,"Total, all persons",Good perceived mental health,Percent,34.9
9675,2022-10,British Columbia,"Total, all persons",Good perceived mental health,Number,1397.0
9676,2022-10,British Columbia,"Total, all persons",Good perceived mental health,Number,1246.0
9677,2022-10,British Columbia,"Total, all persons",Good perceived mental health,Number,1549.0
9678,2022-10,British Columbia,"Total, all persons",Fair or poor perceived mental health,Percent,24.0
9679,2022-10,British Columbia,"Total, all persons",Fair or poor perceived mental health,Percent,20.4
9680,2022-10,British Columbia,"Total, all persons",Fair or poor perceived mental health,Percent,28.1
9681,2022-10,British Columbia,"Total, all persons",Fair or poor perceived mental health,Number,1070.0
9682,2022-10,British Columbia,"Total, all persons",Fair or poor perceived mental health,Number,899.0
9683,2022-10,British Columbia,"Total, all persons",Fair or poor perceived mental health,Number,1240.0
9684,2022-10,British Columbia,Men,Excellent or very good perceived mental health,Percent,47.8
9685,2022-10,British Columbia,Men,Excellent or very good perceived mental health,Percent,42.3
9686,2022-10,British Columbia,Men,Excellent or very good perceived mental health,Percent,53.4
9687,2022-10,British Columbia,Men,Excellent or very good perceived mental health,Number,1041.0
9688,2022-10,British Columbia,Men,Excellent or very good perceived mental health,Number,920.0
9689,2022-10,British Columbia,Men,Excellent or very good perceived mental health,Number,1162.0
9690,2022-10,British Columbia,Men,Good perceived mental health,Percent,31.4
9691,2022-10,British Columbia,Men,Good perceived mental health,Percent,26.3
9692,2022-10,British Columbia,Men,Good perceived mental health,Percent,36.9
9693,2022-10,British Columbia,Men,Good perceived mental health,Number,683.0
9694,2022-10,British Columbia,Men,Good perceived mental health,Number,567.0
9695,2022-10,British Columbia,Men,Good perceived mental health,Number,799.0
9696,2022-10,British Columbia,Men,Fair or poor perceived mental health,Percent,20.8
9697,2022-10,British Columbia,Men,Fair or poor perceived mental health,Percent,16.1
9698,2022-10,British Columbia,Men,Fair or poor perceived mental health,Percent,26.5
9699,2022-10,British Columbia,Men,Fair or poor perceived mental health,Number,454.0
9700,2022-10,British Columbia,Men,Fair or poor perceived mental health,Number,341.0
9701,2022-10,British Columbia,Men,Fair or poor perceived mental health,Number,566.0
9702,2022-10,British Columbia,Women,Excellent or very good perceived mental health,Percent,41.4
9703,2022-10,British Columbia,Women,Excellent or very good perceived mental health,Percent,36.6
9704,2022-10,British Columbia,Women,Excellent or very good perceived mental health,Percent,46.5
9705,2022-10,British Columbia,Women,Excellent or very good perceived mental health,Number,942.0
9706,2022-10,British Columbia,Women,Excellent or very good perceived mental health,Number,829.0
9707,2022-10,British Columbia,Women,Excellent or very good perceived mental health,Number,1055.0
9708,2022-10,British Columbia,Women,Good perceived mental health,Percent,31.4
9709,2022-10,British Columbia,Women,Good perceived mental health,Percent,27.2
9710,2022-10,British Columbia,Women,Good perceived mental health,Percent,36.0
9711,2022-10,British Columbia,Women,Good perceived mental health,Number,714.0
9712,2022-10,British Columbia,Women,Good perceived mental health,Number,615.0
9713,2022-10,British Columbia,Women,Good perceived mental health,Number,814.0
9714,2022-10,British Columbia,Women,Fair or poor perceived mental health,Percent,27.1
9715,2022-10,British Columbia,Women,Fair or poor perceived mental health,Percent,22.2
9716,2022-10,British Columbia,Women,Fair or poor perceived mental health,Percent,32.7
9717,2022-10,British Columbia,Women,Fair or poor perceived mental health,Number,616.0
9718,2022-10,British Columbia,Women,Fair or poor perceived mental health,Number,497.0
9719,2022-10,British Columbia,Women,Fair or poor perceived mental health,Number,735.0
9720,2023-04,Newfoundland and Labrador,"Total, all persons",Excellent or very good perceived mental health,Percent,49.9
9721,2023-04,Newfoundland and Labrador,"Total, all persons",Excellent or very good perceived mental health,Percent,44.5
9722,2023-04,Newfoundland and Labrador,"Total, all persons",Excellent or very good perceived mental health,Percent,55.2
9723,2023-04,Newfoundland and Labrador,"Total, all persons",Excellent or very good perceived mental health,Number,225.0
9724,2023-04,Newfoundland and Labrador,"Total, all persons",Excellent or very good perceived mental health,Number,201.0
9725,2023-04,Newfoundland and Labrador,"Total, all persons",Excellent or very good perceived mental health,Number,249.0
9726,2023-04,Newfoundland and Labrador,"Total, all persons",Good perceived mental health,Percent,33.4
9727,2023-04,Newfoundland and Labrador,"Total, all persons",Good perceived mental health,Percent,28.5
9728,2023-04,Newfoundland and Labrador,"Total, all persons",Good perceived mental health,Percent,38.7
9729,2023-04,Newfoundland and Labrador,"Total, all persons",Good perceived mental health,Number,151.0
9730,2023-04,Newfoundland and Labrador,"Total, all persons",Good perceived mental health,Number,128.0
9731,2023-04,Newfoundland and Labrador,"Total, all persons",Good perceived mental health,Number,174.0
9732,2023-04,Newfoundland and Labrador,"Total, all persons",Fair or poor perceived mental health,Percent,16.7
9733,2023-04,Newfoundland and Labrador,"Total, all persons",Fair or poor perceived mental health,Percent,13.2
9734,2023-04,Newfoundland and Labrador,"Total, all persons",Fair or poor perceived mental health,Percent,20.9
9735,2023-04,Newfoundland and Labrador,"Total, all persons",Fair or poor perceived mental health,Number,75.0
9736,2023-04,Newfoundland and Labrador,"Total, all persons",Fair or poor perceived mental health,Number,58.0
9737,2023-04,Newfoundland and Labrador,"Total, all persons",Fair or poor perceived mental health,Number,92.0
9738,2023-04,Newfoundland and Labrador,Men,Excellent or very good perceived mental health,Percent,51.3
9739,2023-04,Newfoundland and Labrador,Men,Excellent or very good perceived mental health,Percent,43.3
9740,2023-04,Newfoundland and Labrador,Men,Excellent or very good perceived mental health,Percent,59.3
9741,2023-04,Newfoundland and Labrador,Men,Excellent or very good perceived mental health,Number,114.0
9742,2023-04,Newfoundland and Labrador,Men,Excellent or very good perceived mental health,Number,96.0
9743,2023-04,Newfoundland and Labrador,Men,Excellent or very good perceived mental health,Number,132.0
9744,2023-04,Newfoundland and Labrador,Men,Good perceived mental health,Percent,34.4
9745,2023-04,Newfoundland and Labrador,Men,Good perceived mental health,Percent,27.4
9746,2023-04,Newfoundland and Labrador,Men,Good perceived mental health,Percent,42.2
9747,2023-04,Newfoundland and Labrador,Men,Good perceived mental health,Number,76.0
9748,2023-04,Newfoundland and Labrador,Men,Good perceived mental health,Number,60.0
9749,2023-04,Newfoundland and Labrador,Men,Good perceived mental health,Number,93.0
9750,2023-04,Newfoundland and Labrador,Men,Fair or poor perceived mental health,Percent,14.3
9751,2023-04,Newfoundland and Labrador,Men,Fair or poor perceived mental health,Percent,9.8
9752,2023-04,Newfoundland and Labrador,Men,Fair or poor perceived mental health,Percent,20.3
9753,2023-04,Newfoundland and Labrador,Men,Fair or poor perceived mental health,Number,
9754,2023-04,Newfoundland and Labrador,Men,Fair or poor perceived mental health,Number,
9755,2023-04,Newfoundland and Labrador,Men,Fair or poor perceived mental health,Number,
9756,2023-04,Newfoundland and Labrador,Women,Excellent or very good perceived mental health,Percent,48.5
9757,2023-04,Newfoundland and Labrador,Women,Excellent or very good perceived mental health,Percent,41.6
9758,2023-04,Newfoundland and Labrador,Women,Excellent or very good perceived mental health,Percent,55.5
9759,2023-04,Newfoundland and Labrador,Women,Excellent or very good perceived mental health,Number,111.0
9760,2023-04,Newfoundland and Labrador,Women,Excellent or very good perceived mental health,Number,95.0
9761,2023-04,Newfoundland and Labrador,Women,Excellent or very good perceived mental health,Number,127.0
9762,2023-04,Newfoundland and Labrador,Women,Good perceived mental health,Percent,32.5
9763,2023-04,Newfoundland and Labrador,Women,Good perceived mental health,Percent,25.9
9764,2023-04,Newfoundland and Labrador,Women,Good perceived mental health,Percent,39.9
9765,2023-04,Newfoundland and Labrador,Women,Good perceived mental health,Number,74.0
9766,2023-04,Newfoundland and Labrador,Women,Good perceived mental health,Number,58.0
9767,2023-04,Newfoundland and Labrador,Women,Good perceived mental health,Number,90.0
9768,2023-04,Newfoundland and Labrador,Women,Fair or poor perceived mental health,Percent,19.0
9769,2023-04,Newfoundland and Labrador,Women,Fair or poor perceived mental health,Percent,14.2
9770,2023-04,Newfoundland and Labrador,Women,Fair or poor perceived mental health,Percent,25.1
9771,2023-04,Newfoundland and Labrador,Women,Fair or poor perceived mental health,Number,
9772,2023-04,Newfoundland and Labrador,Women,Fair or poor perceived mental health,Number,
9773,2023-04,Newfoundland and Labrador,Women,Fair or poor perceived mental health,Number,
9774,2023-04,Prince Edward Island,"Total, all persons",Excellent or very good perceived mental health,Percent,41.6
9775,2023-04,Prince Edward Island,"Total, all persons",Excellent or very good perceived mental health,Percent,34.8
9776,2023-04,Prince Edward Island,"Total, all persons",Excellent or very good perceived mental health,Percent,48.8
9777,2023-04,Prince Edward Island,"Total, all persons",Excellent or very good perceived mental health,Number,60.0
9778,2023-04,Prince Edward Island,"Total, all persons",Excellent or very good perceived mental health,Number,50.0
9779,2023-04,Prince Edward Island,"Total, all persons",Excellent or very good perceived mental health,Number,70.0
9780,2023-04,Prince Edward Island,"Total, all persons",Good perceived mental health,Percent,36.2
9781,2023-04,Prince Edward Island,"Total, all persons",Good perceived mental health,Percent,29.6
9782,2023-04,Prince Edward Island,"Total, all persons",Good perceived mental health,Percent,43.3
9783,2023-04,Prince Edward Island,"Total, all persons",Good perceived mental health,Number,52.0
9784,2023-04,Prince Edward Island,"Total, all persons",Good perceived mental health,Number,42.0
9785,2023-04,Prince Edward Island,"Total, all persons",Good perceived mental health,Number,62.0
9786,2023-04,Prince Edward Island,"Total, all persons",Fair or poor perceived mental health,Percent,22.2
9787,2023-04,Prince Edward Island,"Total, all persons",Fair or poor perceived mental health,Percent,16.7
9788,2023-04,Prince Edward Island,"Total, all persons",Fair or poor perceived mental health,Percent,28.8
9789,2023-04,Prince Edward Island,"Total, all persons",Fair or poor perceived mental health,Number,32.0
9790,2023-04,Prince Edward Island,"Total, all persons",Fair or poor perceived mental health,Number,23.0
9791,2023-04,Prince Edward Island,"Total, all persons",Fair or poor perceived mental health,Number,41.0
9792,2023-04,Prince Edward Island,Men,Excellent or very good perceived mental health,Percent,49.4
9793,2023-04,Prince Edward Island,Men,Excellent or very good perceived mental health,Percent,38.0
9794,2023-04,Prince Edward Island,Men,Excellent or very good perceived mental health,Percent,60.8
9795,2023-04,Prince Edward Island,Men,Excellent or very good perceived mental health,Number,35.0
9796,2023-04,Prince Edward Island,Men,Excellent or very good perceived mental health,Number,26.0
9797,2023-04,Prince Edward Island,Men,Excellent or very good perceived mental health,Number,43.0
9798,2023-04,Prince Edward Island,Men,Good perceived mental health,Percent,30.5
9799,2023-04,Prince Edward Island,Men,Good perceived mental health,Percent,21.3
9800,2023-04,Prince Edward Island,Men,Good perceived mental health,Percent,41.7
9801,2023-04,Prince Edward Island,Men,Good perceived mental health,Number,
9802,2023-04,Prince Edward Island,Men,Good perceived mental health,Number,
9803,2023-04,Prince Edward Island,Men,Good perceived mental health,Number,
9804,2023-04,Prince Edward Island,Men,Fair or poor perceived mental health,Percent,20.1
9805,2023-04,Prince Edward Island,Men,Fair or poor perceived mental health,Percent,12.6
9806,2023-04,Prince Edward Island,Men,Fair or poor perceived mental health,Percent,30.6
9807,2023-04,Prince Edward Island,Men,Fair or poor perceived mental health,Number,
9808,2023-04,Prince Edward Island,Men,Fair or poor perceived mental health,Number,
9809,2023-04,Prince Edward Island,Men,Fair or poor perceived mental health,Number,
9810,2023-04,Prince Edward Island,Women,Excellent or very good perceived mental health,Percent,34.2
9811,2023-04,Prince Edward Island,Women,Excellent or very good perceived mental health,Percent,26.8
9812,2023-04,Prince Edward Island,Women,Excellent or very good perceived mental health,Percent,42.6
9813,2023-04,Prince Edward Island,Women,Excellent or very good perceived mental health,Number,25.0
9814,2023-04,Prince Edward Island,Women,Excellent or very good perceived mental health,Number,19.0
9815,2023-04,Prince Edward Island,Women,Excellent or very good perceived mental health,Number,31.0
9816,2023-04,Prince Edward Island,Women,Good perceived mental health,Percent,41.6
9817,2023-04,Prince Edward Island,Women,Good perceived mental health,Percent,33.0
9818,2023-04,Prince Edward Island,Women,Good perceived mental health,Percent,50.7
9819,2023-04,Prince Edward Island,Women,Good perceived mental health,Number,31.0
9820,2023-04,Prince Edward Island,Women,Good perceived mental health,Number,24.0
9821,2023-04,Prince Edward Island,Women,Good perceived mental health,Number,37.0
9822,2023-04,Prince Edward Island,Women,Fair or poor perceived mental health,Percent,24.2
9823,2023-04,Prince Edward Island,Women,Fair or poor perceived mental health,Percent,17.1
9824,2023-04,Prince Edward Island,Women,Fair or poor perceived mental health,Percent,33.0
9825,2023-04,Prince Edward Island,Women,Fair or poor perceived mental health,Number,
9826,2023-04,Prince Edward Island,Women,Fair or poor perceived mental health,Number,
9827,2023-04,Prince Edward Island,Women,Fair or poor perceived mental health,Number,
9828,2023-04,Nova Scotia,"Total, all persons",Excellent or very good perceived mental health,Percent,43.1
9829,2023-04,Nova Scotia,"Total, all persons",Excellent or very good perceived mental health,Percent,38.0
9830,2023-04,Nova Scotia,"Total, all persons",Excellent or very good perceived mental health,Percent,48.3
9831,2023-04,Nova Scotia,"Total, all persons",Excellent or very good perceived mental health,Number,374.0
9832,2023-04,Nova Scotia,"Total, all persons",Excellent or very good perceived mental health,Number,329.0
9833,2023-04,Nova Scotia,"Total, all persons",Excellent or very good perceived mental health,Number,418.0
9834,2023-04,Nova Scotia,"Total, all persons",Good perceived mental health,Percent,29.8
9835,2023-04,Nova Scotia,"Total, all persons",Good perceived mental health,Percent,25.2
9836,2023-04,Nova Scotia,"Total, all persons",Good perceived mental health,Percent,34.8
9837,2023-04,Nova Scotia,"Total, all persons",Good perceived mental health,Number,258.0
9838,2023-04,Nova Scotia,"Total, all persons",Good perceived mental health,Number,216.0
9839,2023-04,Nova Scotia,"Total, all persons",Good perceived mental health,Number,300.0
9840,2023-04,Nova Scotia,"Total, all persons",Fair or poor perceived mental health,Percent,27.2
9841,2023-04,Nova Scotia,"Total, all persons",Fair or poor perceived mental health,Percent,22.3
9842,2023-04,Nova Scotia,"Total, all persons",Fair or poor perceived mental health,Percent,32.6
9843,2023-04,Nova Scotia,"Total, all persons",Fair or poor perceived mental health,Number,236.0
9844,2023-04,Nova Scotia,"Total, all persons",Fair or poor perceived mental health,Number,191.0
9845,2023-04,Nova Scotia,"Total, all persons",Fair or poor perceived mental health,Number,280.0
9846,2023-04,Nova Scotia,Men,Excellent or very good perceived mental health,Percent,47.0
9847,2023-04,Nova Scotia,Men,Excellent or very good perceived mental health,Percent,38.6
9848,2023-04,Nova Scotia,Men,Excellent or very good perceived mental health,Percent,55.5
9849,2023-04,Nova Scotia,Men,Excellent or very good perceived mental health,Number,196.0
9850,2023-04,Nova Scotia,Men,Excellent or very good perceived mental health,Number,160.0
9851,2023-04,Nova Scotia,Men,Excellent or very good perceived mental health,Number,232.0
9852,2023-04,Nova Scotia,Men,Good perceived mental health,Percent,26.0
9853,2023-04,Nova Scotia,Men,Good perceived mental health,Percent,19.6
9854,2023-04,Nova Scotia,Men,Good perceived mental health,Percent,33.7
9855,2023-04,Nova Scotia,Men,Good perceived mental health,Number,109.0
9856,2023-04,Nova Scotia,Men,Good perceived mental health,Number,79.0
9857,2023-04,Nova Scotia,Men,Good perceived mental health,Number,139.0
9858,2023-04,Nova Scotia,Men,Fair or poor perceived mental health,Percent,27.0
9859,2023-04,Nova Scotia,Men,Fair or poor perceived mental health,Percent,19.8
9860,2023-04,Nova Scotia,Men,Fair or poor perceived mental health,Percent,35.6
9861,2023-04,Nova Scotia,Men,Fair or poor perceived mental health,Number,
9862,2023-04,Nova Scotia,Men,Fair or poor perceived mental health,Number,
9863,2023-04,Nova Scotia,Men,Fair or poor perceived mental health,Number,
9864,2023-04,Nova Scotia,Women,Excellent or very good perceived mental health,Percent,39.4
9865,2023-04,Nova Scotia,Women,Excellent or very good perceived mental health,Percent,33.6
9866,2023-04,Nova Scotia,Women,Excellent or very good perceived mental health,Percent,45.5
9867,2023-04,Nova Scotia,Women,Excellent or very good perceived mental health,Number,178.0
9868,2023-04,Nova Scotia,Women,Excellent or very good perceived mental health,Number,153.0
9869,2023-04,Nova Scotia,Women,Excellent or very good perceived mental health,Number,203.0
9870,2023-04,Nova Scotia,Women,Good perceived mental health,Percent,33.3
9871,2023-04,Nova Scotia,Women,Good perceived mental health,Percent,27.0
9872,2023-04,Nova Scotia,Women,Good perceived mental health,Percent,40.1
9873,2023-04,Nova Scotia,Women,Good perceived mental health,Number,150.0
9874,2023-04,Nova Scotia,Women,Good perceived mental health,Number,119.0
9875,2023-04,Nova Scotia,Women,Good perceived mental health,Number,180.0
9876,2023-04,Nova Scotia,Women,Fair or poor perceived mental health,Percent,27.3
9877,2023-04,Nova Scotia,Women,Fair or poor perceived mental health,Percent,20.9
9878,2023-04,Nova Scotia,Women,Fair or poor perceived mental health,Percent,34.9
9879,2023-04,Nova Scotia,Women,Fair or poor perceived mental health,Number,
9880,2023-04,Nova Scotia,Women,Fair or poor perceived mental health,Number,
9881,2023-04,Nova Scotia,Women,Fair or poor perceived mental health,Number,
9882,2023-04,New Brunswick,"Total, all persons",Excellent or very good perceived mental health,Percent,47.6
9883,2023-04,New Brunswick,"Total, all persons",Excellent or very good perceived mental health,Percent,41.4
9884,2023-04,New Brunswick,"Total, all persons",Excellent or very good perceived mental health,Percent,53.9
9885,2023-04,New Brunswick,"Total, all persons",Excellent or very good perceived mental health,Number,326.0
9886,2023-04,New Brunswick,"Total, all persons",Excellent or very good perceived mental health,Number,283.0
9887,2023-04,New Brunswick,"Total, all persons",Excellent or very good perceived mental health,Number,369.0
9888,2023-04,New Brunswick,"Total, all persons",Good perceived mental health,Percent,35.7
9889,2023-04,New Brunswick,"Total, all persons",Good perceived mental health,Percent,29.6
9890,2023-04,New Brunswick,"Total, all persons",Good perceived mental health,Percent,42.3
9891,2023-04,New Brunswick,"Total, all persons",Good perceived mental health,Number,245.0
9892,2023-04,New Brunswick,"Total, all persons",Good perceived mental health,Number,201.0
9893,2023-04,New Brunswick,"Total, all persons",Good perceived mental health,Number,289.0
9894,2023-04,New Brunswick,"Total, all persons",Fair or poor perceived mental health,Percent,16.7
9895,2023-04,New Brunswick,"Total, all persons",Fair or poor perceived mental health,Percent,12.6
9896,2023-04,New Brunswick,"Total, all persons",Fair or poor perceived mental health,Percent,21.7
9897,2023-04,New Brunswick,"Total, all persons",Fair or poor perceived mental health,Number,114.0
9898,2023-04,New Brunswick,"Total, all persons",Fair or poor perceived mental health,Number,83.0
9899,2023-04,New Brunswick,"Total, all persons",Fair or poor perceived mental health,Number,145.0
9900,2023-04,New Brunswick,Men,Excellent or very good perceived mental health,Percent,53.8
9901,2023-04,New Brunswick,Men,Excellent or very good perceived mental health,Percent,43.8
9902,2023-04,New Brunswick,Men,Excellent or very good perceived mental health,Percent,63.4
9903,2023-04,New Brunswick,Men,Excellent or very good perceived mental health,Number,182.0
9904,2023-04,New Brunswick,Men,Excellent or very good perceived mental health,Number,148.0
9905,2023-04,New Brunswick,Men,Excellent or very good perceived mental health,Number,216.0
9906,2023-04,New Brunswick,Men,Good perceived mental health,Percent,37.3
9907,2023-04,New Brunswick,Men,Good perceived mental health,Percent,28.3
9908,2023-04,New Brunswick,Men,Good perceived mental health,Percent,47.4
9909,2023-04,New Brunswick,Men,Good perceived mental health,Number,126.0
9910,2023-04,New Brunswick,Men,Good perceived mental health,Number,94.0
9911,2023-04,New Brunswick,Men,Good perceived mental health,Number,159.0
9912,2023-04,New Brunswick,Men,Fair or poor perceived mental health,Percent,8.9
9913,2023-04,New Brunswick,Men,Fair or poor perceived mental health,Percent,5.2
9914,2023-04,New Brunswick,Men,Fair or poor perceived mental health,Percent,14.9
9915,2023-04,New Brunswick,Men,Fair or poor perceived mental health,Number,
9916,2023-04,New Brunswick,Men,Fair or poor perceived mental health,Number,
9917,2023-04,New Brunswick,Men,Fair or poor perceived mental health,Number,
9918,2023-04,New Brunswick,Women,Excellent or very good perceived mental health,Percent,41.6
9919,2023-04,New Brunswick,Women,Excellent or very good perceived mental health,Percent,34.1
9920,2023-04,New Brunswick,Women,Excellent or very good perceived mental health,Percent,49.4
9921,2023-04,New Brunswick,Women,Excellent or very good perceived mental health,Number,144.0
9922,2023-04,New Brunswick,Women,Excellent or very good perceived mental health,Number,117.0
9923,2023-04,New Brunswick,Women,Excellent or very good perceived mental health,Number,171.0
9924,2023-04,New Brunswick,Women,Good perceived mental health,Percent,34.2
9925,2023-04,New Brunswick,Women,Good perceived mental health,Percent,26.6
9926,2023-04,New Brunswick,Women,Good perceived mental health,Percent,42.6
9927,2023-04,New Brunswick,Women,Good perceived mental health,Number,118.0
9928,2023-04,New Brunswick,Women,Good perceived mental health,Number,91.0
9929,2023-04,New Brunswick,Women,Good perceived mental health,Number,146.0
9930,2023-04,New Brunswick,Women,Fair or poor perceived mental health,Percent,24.3
9931,2023-04,New Brunswick,Women,Fair or poor perceived mental health,Percent,17.7
9932,2023-04,New Brunswick,Women,Fair or poor perceived mental health,Percent,32.3
9933,2023-04,New Brunswick,Women,Fair or poor perceived mental health,Number,
9934,2023-04,New Brunswick,Women,Fair or poor perceived mental health,Number,
9935,2023-04,New Brunswick,Women,Fair or poor perceived mental health,Number,
9936,2023-04,Quebec,"Total, all persons",Excellent or very good perceived mental health,Percent,59.2
9937,2023-04,Quebec,"Total, all persons",Excellent or very good perceived mental health,Percent,56.2
9938,2023-04,Quebec,"Total, all persons",Excellent or very good perceived mental health,Percent,62.2
9939,2023-04,Quebec,"Total, all persons",Excellent or very good perceived mental health,Number,4293.0
9940,2023-04,Quebec,"Total, all persons",Excellent or very good perceived mental health,Number,4078.0
9941,2023-04,Quebec,"Total, all persons",Excellent or very good perceived mental health,Number,4507.0
9942,2023-04,Quebec,"Total, all persons",Good perceived mental health,Percent,30.0
9943,2023-04,Quebec,"Total, all persons",Good perceived mental health,Percent,27.3
9944,2023-04,Quebec,"Total, all persons",Good perceived mental health,Percent,32.9
9945,2023-04,Quebec,"Total, all persons",Good perceived mental health,Number,2173.0
9946,2023-04,Quebec,"Total, all persons",Good perceived mental health,Number,1970.0
9947,2023-04,Quebec,"Total, all persons",Good perceived mental health,Number,2375.0
9948,2023-04,Quebec,"Total, all persons",Fair or poor perceived mental health,Percent,10.8
9949,2023-04,Quebec,"Total, all persons",Fair or poor perceived mental health,Percent,9.1
9950,2023-04,Quebec,"Total, all persons",Fair or poor perceived mental health,Percent,12.7
9951,2023-04,Quebec,"Total, all persons",Fair or poor perceived mental health,Number,781.0
9952,2023-04,Quebec,"Total, all persons",Fair or poor perceived mental health,Number,650.0
9953,2023-04,Quebec,"Total, all persons",Fair or poor perceived mental health,Number,912.0
9954,2023-04,Quebec,Men,Excellent or very good perceived mental health,Percent,61.5
9955,2023-04,Quebec,Men,Excellent or very good perceived mental health,Percent,57.4
9956,2023-04,Quebec,Men,Excellent or very good perceived mental health,Percent,65.5
9957,2023-04,Quebec,Men,Excellent or very good perceived mental health,Number,2249.0
9958,2023-04,Quebec,Men,Excellent or very good perceived mental health,Number,2102.0
9959,2023-04,Quebec,Men,Excellent or very good perceived mental health,Number,2397.0
9960,2023-04,Quebec,Men,Good perceived mental health,Percent,27.6
9961,2023-04,Quebec,Men,Good perceived mental health,Percent,24.1
9962,2023-04,Quebec,Men,Good perceived mental health,Percent,31.4
9963,2023-04,Quebec,Men,Good perceived mental health,Number,1009.0
9964,2023-04,Quebec,Men,Good perceived mental health,Number,875.0
9965,2023-04,Quebec,Men,Good perceived mental health,Number,1144.0
9966,2023-04,Quebec,Men,Fair or poor perceived mental health,Percent,10.8
9967,2023-04,Quebec,Men,Fair or poor perceived mental health,Percent,8.5
9968,2023-04,Quebec,Men,Fair or poor perceived mental health,Percent,13.8
9969,2023-04,Quebec,Men,Fair or poor perceived mental health,Number,396.0
9970,2023-04,Quebec,Men,Fair or poor perceived mental health,Number,299.0
9971,2023-04,Quebec,Men,Fair or poor perceived mental health,Number,493.0
9972,2023-04,Quebec,Women,Excellent or very good perceived mental health,Percent,56.9
9973,2023-04,Quebec,Women,Excellent or very good perceived mental health,Percent,52.8
9974,2023-04,Quebec,Women,Excellent or very good perceived mental health,Percent,60.9
9975,2023-04,Quebec,Women,Excellent or very good perceived mental health,Number,2043.0
9976,2023-04,Quebec,Women,Excellent or very good perceived mental health,Number,1898.0
9977,2023-04,Quebec,Women,Excellent or very good perceived mental health,Number,2189.0
9978,2023-04,Quebec,Women,Good perceived mental health,Percent,32.4
9979,2023-04,Quebec,Women,Good perceived mental health,Percent,28.6
9980,2023-04,Quebec,Women,Good perceived mental health,Percent,36.4
9981,2023-04,Quebec,Women,Good perceived mental health,Number,1164.0
9982,2023-04,Quebec,Women,Good perceived mental health,Number,1022.0
9983,2023-04,Quebec,Women,Good perceived mental health,Number,1305.0
9984,2023-04,Quebec,Women,Fair or poor perceived mental health,Percent,10.7
9985,2023-04,Quebec,Women,Fair or poor perceived mental health,Percent,8.5
9986,2023-04,Quebec,Women,Fair or poor perceived mental health,Percent,13.4
9987,2023-04,Quebec,Women,Fair or poor perceived mental health,Number,385.0
9988,2023-04,Quebec,Women,Fair or poor perceived mental health,Number,298.0
9989,2023-04,Quebec,Women,Fair or poor perceived mental health,Number,472.0
9990,2023-04,Ontario,"Total, all persons",Excellent or very good perceived mental health,Percent,45.3
9991,2023-04,Ontario,"Total, all persons",Excellent or very good perceived mental health,Percent,42.8
9992,2023-04,Ontario,"Total, all persons",Excellent or very good perceived mental health,Percent,48.0
9993,2023-04,Ontario,"Total, all persons",Excellent or very good perceived mental health,Number,5775.0
9994,2023-04,Ontario,"Total, all persons",Excellent or very good perceived mental health,Number,5443.0
9995,2023-04,Ontario,"Total, all persons",Excellent or very good perceived mental health,Number,6108.0
9996,2023-04,Ontario,"Total, all persons",Good perceived mental health,Percent,33.5
9997,2023-04,Ontario,"Total, all persons",Good perceived mental health,Percent,31.0
9998,2023-04,Ontario,"Total, all persons",Good perceived mental health,Percent,36.1
9999,2023-04,Ontario,"Total, all persons",Good perceived mental health,Number,4270.0
10000,2023-04,Ontario,"Total, all persons",Good perceived mental health,Number,3942.0
10001,2023-04,Ontario,"Total, all persons",Good perceived mental health,Number,4597.0
10002,2023-04,Ontario,"Total, all persons",Fair or poor perceived mental health,Percent,21.1
10003,2023-04,Ontario,"Total, all persons",Fair or poor perceived mental health,Percent,19.0
10004,2023-04,Ontario,"Total, all persons",Fair or poor perceived mental health,Percent,23.4
10005,2023-04,Ontario,"Total, all persons",Fair or poor perceived mental health,Number,2690.0
10006,2023-04,Ontario,"Total, all persons",Fair or poor perceived mental health,Number,2410.0
10007,2023-04,Ontario,"Total, all persons",Fair or poor perceived mental health,Number,2971.0
10008,2023-04,Ontario,Men,Excellent or very good perceived mental health,Percent,52.2
10009,2023-04,Ontario,Men,Excellent or very good perceived mental health,Percent,48.3
10010,2023-04,Ontario,Men,Excellent or very good perceived mental health,Percent,56.0
10011,2023-04,Ontario,Men,Excellent or very good perceived mental health,Number,3291.0
10012,2023-04,Ontario,Men,Excellent or very good perceived mental health,Number,3045.0
10013,2023-04,Ontario,Men,Excellent or very good perceived mental health,Number,3536.0
10014,2023-04,Ontario,Men,Good perceived mental health,Percent,29.7
10015,2023-04,Ontario,Men,Good perceived mental health,Percent,26.2
10016,2023-04,Ontario,Men,Good perceived mental health,Percent,33.4
10017,2023-04,Ontario,Men,Good perceived mental health,Number,1873.0
10018,2023-04,Ontario,Men,Good perceived mental health,Number,1647.0
10019,2023-04,Ontario,Men,Good perceived mental health,Number,2099.0
10020,2023-04,Ontario,Men,Fair or poor perceived mental health,Percent,18.1
10021,2023-04,Ontario,Men,Fair or poor perceived mental health,Percent,15.1
10022,2023-04,Ontario,Men,Fair or poor perceived mental health,Percent,21.6
10023,2023-04,Ontario,Men,Fair or poor perceived mental health,Number,1143.0
10024,2023-04,Ontario,Men,Fair or poor perceived mental health,Number,938.0
10025,2023-04,Ontario,Men,Fair or poor perceived mental health,Number,1348.0
10026,2023-04,Ontario,Women,Excellent or very good perceived mental health,Percent,38.6
10027,2023-04,Ontario,Women,Excellent or very good perceived mental health,Percent,35.3
10028,2023-04,Ontario,Women,Excellent or very good perceived mental health,Percent,42.2
10029,2023-04,Ontario,Women,Excellent or very good perceived mental health,Number,2484.0
10030,2023-04,Ontario,Women,Excellent or very good perceived mental health,Number,2262.0
10031,2023-04,Ontario,Women,Excellent or very good perceived mental health,Number,2707.0
10032,2023-04,Ontario,Women,Good perceived mental health,Percent,37.3
10033,2023-04,Ontario,Women,Good perceived mental health,Percent,33.8
10034,2023-04,Ontario,Women,Good perceived mental health,Percent,40.9
10035,2023-04,Ontario,Women,Good perceived mental health,Number,2397.0
10036,2023-04,Ontario,Women,Good perceived mental health,Number,2165.0
10037,2023-04,Ontario,Women,Good perceived mental health,Number,2628.0
10038,2023-04,Ontario,Women,Fair or poor perceived mental health,Percent,24.1
10039,2023-04,Ontario,Women,Fair or poor perceived mental health,Percent,21.1
10040,2023-04,Ontario,Women,Fair or poor perceived mental health,Percent,27.3
10041,2023-04,Ontario,Women,Fair or poor perceived mental health,Number,1547.0
10042,2023-04,Ontario,Women,Fair or poor perceived mental health,Number,1349.0
10043,2023-04,Ontario,Women,Fair or poor perceived mental health,Number,1745.0
10044,2023-04,Manitoba,"Total, all persons",Excellent or very good perceived mental health,Percent,46.9
10045,2023-04,Manitoba,"Total, all persons",Excellent or very good perceived mental health,Percent,41.3
10046,2023-04,Manitoba,"Total, all persons",Excellent or very good perceived mental health,Percent,52.5
10047,2023-04,Manitoba,"Total, all persons",Excellent or very good perceived mental health,Number,510.0
10048,2023-04,Manitoba,"Total, all persons",Excellent or very good perceived mental health,Number,448.0
10049,2023-04,Manitoba,"Total, all persons",Excellent or very good perceived mental health,Number,571.0
10050,2023-04,Manitoba,"Total, all persons",Good perceived mental health,Percent,31.1
10051,2023-04,Manitoba,"Total, all persons",Good perceived mental health,Percent,26.2
10052,2023-04,Manitoba,"Total, all persons",Good perceived mental health,Percent,36.5
10053,2023-04,Manitoba,"Total, all persons",Good perceived mental health,Number,339.0
10054,2023-04,Manitoba,"Total, all persons",Good perceived mental health,Number,282.0
10055,2023-04,Manitoba,"Total, all persons",Good perceived mental health,Number,395.0
10056,2023-04,Manitoba,"Total, all persons",Fair or poor perceived mental health,Percent,22.0
10057,2023-04,Manitoba,"Total, all persons",Fair or poor perceived mental health,Percent,17.3
10058,2023-04,Manitoba,"Total, all persons",Fair or poor perceived mental health,Percent,27.4
10059,2023-04,Manitoba,"Total, all persons",Fair or poor perceived mental health,Number,239.0
10060,2023-04,Manitoba,"Total, all persons",Fair or poor perceived mental health,Number,184.0
10061,2023-04,Manitoba,"Total, all persons",Fair or poor perceived mental health,Number,294.0
10062,2023-04,Manitoba,Men,Excellent or very good perceived mental health,Percent,48.5
10063,2023-04,Manitoba,Men,Excellent or very good perceived mental health,Percent,40.0
10064,2023-04,Manitoba,Men,Excellent or very good perceived mental health,Percent,57.0
10065,2023-04,Manitoba,Men,Excellent or very good perceived mental health,Number,264.0
10066,2023-04,Manitoba,Men,Excellent or very good perceived mental health,Number,217.0
10067,2023-04,Manitoba,Men,Excellent or very good perceived mental health,Number,310.0
10068,2023-04,Manitoba,Men,Good perceived mental health,Percent,29.7
10069,2023-04,Manitoba,Men,Good perceived mental health,Percent,22.7
10070,2023-04,Manitoba,Men,Good perceived mental health,Percent,37.9
10071,2023-04,Manitoba,Men,Good perceived mental health,Number,162.0
10072,2023-04,Manitoba,Men,Good perceived mental health,Number,121.0
10073,2023-04,Manitoba,Men,Good perceived mental health,Number,203.0
10074,2023-04,Manitoba,Men,Fair or poor perceived mental health,Percent,21.8
10075,2023-04,Manitoba,Men,Fair or poor perceived mental health,Percent,15.2
10076,2023-04,Manitoba,Men,Fair or poor perceived mental health,Percent,30.3
10077,2023-04,Manitoba,Men,Fair or poor perceived mental health,Number,
10078,2023-04,Manitoba,Men,Fair or poor perceived mental health,Number,
10079,2023-04,Manitoba,Men,Fair or poor perceived mental health,Number,
10080,2023-04,Manitoba,Women,Excellent or very good perceived mental health,Percent,45.3
10081,2023-04,Manitoba,Women,Excellent or very good perceived mental health,Percent,37.9
10082,2023-04,Manitoba,Women,Excellent or very good perceived mental health,Percent,52.9
10083,2023-04,Manitoba,Women,Excellent or very good perceived mental health,Number,246.0
10084,2023-04,Manitoba,Women,Excellent or very good perceived mental health,Number,204.0
10085,2023-04,Manitoba,Women,Excellent or very good perceived mental health,Number,287.0
10086,2023-04,Manitoba,Women,Good perceived mental health,Percent,32.6
10087,2023-04,Manitoba,Women,Good perceived mental health,Percent,26.1
10088,2023-04,Manitoba,Women,Good perceived mental health,Percent,39.8
10089,2023-04,Manitoba,Women,Good perceived mental health,Number,177.0
10090,2023-04,Manitoba,Women,Good perceived mental health,Number,139.0
10091,2023-04,Manitoba,Women,Good perceived mental health,Number,214.0
10092,2023-04,Manitoba,Women,Fair or poor perceived mental health,Percent,22.2
10093,2023-04,Manitoba,Women,Fair or poor perceived mental health,Percent,16.0
10094,2023-04,Manitoba,Women,Fair or poor perceived mental health,Percent,29.8
10095,2023-04,Manitoba,Women,Fair or poor perceived mental health,Number,
10096,2023-04,Manitoba,Women,Fair or poor perceived mental health,Number,
10097,2023-04,Manitoba,Women,Fair or poor perceived mental health,Number,
10098,2023-04,Saskatchewan,"Total, all persons",Excellent or very good perceived mental health,Percent,44.8
10099,2023-04,Saskatchewan,"Total, all persons",Excellent or very good perceived mental health,Percent,39.5
10100,2023-04,Saskatchewan,"Total, all persons",Excellent or very good perceived mental health,Percent,50.3
10101,2023-04,Saskatchewan,"Total, all persons",Excellent or very good perceived mental health,Number,412.0
10102,2023-04,Saskatchewan,"Total, all persons",Excellent or very good perceived mental health,Number,362.0
10103,2023-04,Saskatchewan,"Total, all persons",Excellent or very good perceived mental health,Number,462.0
10104,2023-04,Saskatchewan,"Total, all persons",Good perceived mental health,Percent,37.0
10105,2023-04,Saskatchewan,"Total, all persons",Good perceived mental health,Percent,31.9
10106,2023-04,Saskatchewan,"Total, all persons",Good perceived mental health,Percent,42.4
10107,2023-04,Saskatchewan,"Total, all persons",Good perceived mental health,Number,340.0
10108,2023-04,Saskatchewan,"Total, all persons",Good perceived mental health,Number,292.0
10109,2023-04,Saskatchewan,"Total, all persons",Good perceived mental health,Number,389.0
10110,2023-04,Saskatchewan,"Total, all persons",Fair or poor perceived mental health,Percent,18.2
10111,2023-04,Saskatchewan,"Total, all persons",Fair or poor perceived mental health,Percent,14.2
10112,2023-04,Saskatchewan,"Total, all persons",Fair or poor perceived mental health,Percent,22.9
10113,2023-04,Saskatchewan,"Total, all persons",Fair or poor perceived mental health,Number,167.0
10114,2023-04,Saskatchewan,"Total, all persons",Fair or poor perceived mental health,Number,127.0
10115,2023-04,Saskatchewan,"Total, all persons",Fair or poor perceived mental health,Number,207.0
10116,2023-04,Saskatchewan,Men,Excellent or very good perceived mental health,Percent,44.5
10117,2023-04,Saskatchewan,Men,Excellent or very good perceived mental health,Percent,36.3
10118,2023-04,Saskatchewan,Men,Excellent or very good perceived mental health,Percent,53.1
10119,2023-04,Saskatchewan,Men,Excellent or very good perceived mental health,Number,207.0
10120,2023-04,Saskatchewan,Men,Excellent or very good perceived mental health,Number,168.0
10121,2023-04,Saskatchewan,Men,Excellent or very good perceived mental health,Number,247.0
10122,2023-04,Saskatchewan,Men,Good perceived mental health,Percent,36.2
10123,2023-04,Saskatchewan,Men,Good perceived mental health,Percent,28.5
10124,2023-04,Saskatchewan,Men,Good perceived mental health,Percent,44.7
10125,2023-04,Saskatchewan,Men,Good perceived mental health,Number,169.0
10126,2023-04,Saskatchewan,Men,Good perceived mental health,Number,130.0
10127,2023-04,Saskatchewan,Men,Good perceived mental health,Number,207.0
10128,2023-04,Saskatchewan,Men,Fair or poor perceived mental health,Percent,19.3
10129,2023-04,Saskatchewan,Men,Fair or poor perceived mental health,Percent,13.3
10130,2023-04,Saskatchewan,Men,Fair or poor perceived mental health,Percent,27.2
10131,2023-04,Saskatchewan,Men,Fair or poor perceived mental health,Number,
10132,2023-04,Saskatchewan,Men,Fair or poor perceived mental health,Number,
10133,2023-04,Saskatchewan,Men,Fair or poor perceived mental health,Number,
10134,2023-04,Saskatchewan,Women,Excellent or very good perceived mental health,Percent,45.2
10135,2023-04,Saskatchewan,Women,Excellent or very good perceived mental health,Percent,38.2
10136,2023-04,Saskatchewan,Women,Excellent or very good perceived mental health,Percent,52.3
10137,2023-04,Saskatchewan,Women,Excellent or very good perceived mental health,Number,205.0
10138,2023-04,Saskatchewan,Women,Excellent or very good perceived mental health,Number,173.0
10139,2023-04,Saskatchewan,Women,Excellent or very good perceived mental health,Number,237.0
10140,2023-04,Saskatchewan,Women,Good perceived mental health,Percent,37.8
10141,2023-04,Saskatchewan,Women,Good perceived mental health,Percent,31.1
10142,2023-04,Saskatchewan,Women,Good perceived mental health,Percent,45.1
10143,2023-04,Saskatchewan,Women,Good perceived mental health,Number,172.0
10144,2023-04,Saskatchewan,Women,Good perceived mental health,Number,140.0
10145,2023-04,Saskatchewan,Women,Good perceived mental health,Number,203.0
10146,2023-04,Saskatchewan,Women,Fair or poor perceived mental health,Percent,17.0
10147,2023-04,Saskatchewan,Women,Fair or poor perceived mental health,Percent,12.6
10148,2023-04,Saskatchewan,Women,Fair or poor perceived mental health,Percent,22.6
10149,2023-04,Saskatchewan,Women,Fair or poor perceived mental health,Number,
10150,2023-04,Saskatchewan,Women,Fair or poor perceived mental health,Number,
10151,2023-04,Saskatchewan,Women,Fair or poor perceived mental health,Number,
10152,2023-04,Alberta,"Total, all persons",Excellent or very good perceived mental health,Percent,47.5
10153,2023-04,Alberta,"Total, all persons",Excellent or very good perceived mental health,Percent,43.1
10154,2023-04,Alberta,"Total, all persons",Excellent or very good perceived mental health,Percent,51.9
10155,2023-04,Alberta,"Total, all persons",Excellent or very good perceived mental health,Number,1775.0
10156,2023-04,Alberta,"Total, all persons",Excellent or very good perceived mental health,Number,1610.0
10157,2023-04,Alberta,"Total, all persons",Excellent or very good perceived mental health,Number,1939.0
10158,2023-04,Alberta,"Total, all persons",Good perceived mental health,Percent,31.7
10159,2023-04,Alberta,"Total, all persons",Good perceived mental health,Percent,27.9
10160,2023-04,Alberta,"Total, all persons",Good perceived mental health,Percent,35.8
10161,2023-04,Alberta,"Total, all persons",Good perceived mental health,Number,1185.0
10162,2023-04,Alberta,"Total, all persons",Good perceived mental health,Number,1038.0
10163,2023-04,Alberta,"Total, all persons",Good perceived mental health,Number,1332.0
10164,2023-04,Alberta,"Total, all persons",Fair or poor perceived mental health,Percent,20.8
10165,2023-04,Alberta,"Total, all persons",Fair or poor perceived mental health,Percent,17.3
10166,2023-04,Alberta,"Total, all persons",Fair or poor perceived mental health,Percent,24.8
10167,2023-04,Alberta,"Total, all persons",Fair or poor perceived mental health,Number,777.0
10168,2023-04,Alberta,"Total, all persons",Fair or poor perceived mental health,Number,638.0
10169,2023-04,Alberta,"Total, all persons",Fair or poor perceived mental health,Number,916.0
10170,2023-04,Alberta,Men,Excellent or very good perceived mental health,Percent,52.8
10171,2023-04,Alberta,Men,Excellent or very good perceived mental health,Percent,46.6
10172,2023-04,Alberta,Men,Excellent or very good perceived mental health,Percent,58.8
10173,2023-04,Alberta,Men,Excellent or very good perceived mental health,Number,982.0
10174,2023-04,Alberta,Men,Excellent or very good perceived mental health,Number,867.0
10175,2023-04,Alberta,Men,Excellent or very good perceived mental health,Number,1096.0
10176,2023-04,Alberta,Men,Good perceived mental health,Percent,30.4
10177,2023-04,Alberta,Men,Good perceived mental health,Percent,25.2
10178,2023-04,Alberta,Men,Good perceived mental health,Percent,36.1
10179,2023-04,Alberta,Men,Good perceived mental health,Number,565.0
10180,2023-04,Alberta,Men,Good perceived mental health,Number,463.0
10181,2023-04,Alberta,Men,Good perceived mental health,Number,666.0
10182,2023-04,Alberta,Men,Fair or poor perceived mental health,Percent,16.9
10183,2023-04,Alberta,Men,Fair or poor perceived mental health,Percent,12.8
10184,2023-04,Alberta,Men,Fair or poor perceived mental health,Percent,21.9
10185,2023-04,Alberta,Men,Fair or poor perceived mental health,Number,314.0
10186,2023-04,Alberta,Men,Fair or poor perceived mental health,Number,230.0
10187,2023-04,Alberta,Men,Fair or poor perceived mental health,Number,399.0
10188,2023-04,Alberta,Women,Excellent or very good perceived mental health,Percent,42.3
10189,2023-04,Alberta,Women,Excellent or very good perceived mental health,Percent,36.2
10190,2023-04,Alberta,Women,Excellent or very good perceived mental health,Percent,48.7
10191,2023-04,Alberta,Women,Excellent or very good perceived mental health,Number,793.0
10192,2023-04,Alberta,Women,Excellent or very good perceived mental health,Number,676.0
10193,2023-04,Alberta,Women,Excellent or very good perceived mental health,Number,911.0
10194,2023-04,Alberta,Women,Good perceived mental health,Percent,33.0
10195,2023-04,Alberta,Women,Good perceived mental health,Percent,27.7
10196,2023-04,Alberta,Women,Good perceived mental health,Percent,38.9
10197,2023-04,Alberta,Women,Good perceived mental health,Number,620.0
10198,2023-04,Alberta,Women,Good perceived mental health,Number,513.0
10199,2023-04,Alberta,Women,Good perceived mental health,Number,727.0
10200,2023-04,Alberta,Women,Fair or poor perceived mental health,Percent,24.7
10201,2023-04,Alberta,Women,Fair or poor perceived mental health,Percent,19.3
10202,2023-04,Alberta,Women,Fair or poor perceived mental health,Percent,31.0
10203,2023-04,Alberta,Women,Fair or poor perceived mental health,Number,463.0
10204,2023-04,Alberta,Women,Fair or poor perceived mental health,Number,353.0
10205,2023-04,Alberta,Women,Fair or poor perceived mental health,Number,573.0
10206,2023-04,British Columbia,"Total, all persons",Excellent or very good perceived mental health,Percent,45.1
10207,2023-04,British Columbia,"Total, all persons",Excellent or very good perceived mental health,Percent,41.2
10208,2023-04,British Columbia,"Total, all persons",Excellent or very good perceived mental health,Percent,49.2
10209,2023-04,British Columbia,"Total, all persons",Excellent or very good perceived mental health,Number,2032.0
10210,2023-04,British Columbia,"Total, all persons",Excellent or very good perceived mental health,Number,1852.0
10211,2023-04,British Columbia,"Total, all persons",Excellent or very good perceived mental health,Number,2213.0
10212,2023-04,British Columbia,"Total, all persons",Good perceived mental health,Percent,32.1
10213,2023-04,British Columbia,"Total, all persons",Good perceived mental health,Percent,28.6
10214,2023-04,British Columbia,"Total, all persons",Good perceived mental health,Percent,35.8
10215,2023-04,British Columbia,"Total, all persons",Good perceived mental health,Number,1447.0
10216,2023-04,British Columbia,"Total, all persons",Good perceived mental health,Number,1284.0
10217,2023-04,British Columbia,"Total, all persons",Good perceived mental health,Number,1609.0
10218,2023-04,British Columbia,"Total, all persons",Fair or poor perceived mental health,Percent,22.7
10219,2023-04,British Columbia,"Total, all persons",Fair or poor perceived mental health,Percent,19.3
10220,2023-04,British Columbia,"Total, all persons",Fair or poor perceived mental health,Percent,26.5
10221,2023-04,British Columbia,"Total, all persons",Fair or poor perceived mental health,Number,1023.0
10222,2023-04,British Columbia,"Total, all persons",Fair or poor perceived mental health,Number,861.0
10223,2023-04,British Columbia,"Total, all persons",Fair or poor perceived mental health,Number,1186.0
10224,2023-04,British Columbia,Men,Excellent or very good perceived mental health,Percent,50.1
10225,2023-04,British Columbia,Men,Excellent or very good perceived mental health,Percent,44.4
10226,2023-04,British Columbia,Men,Excellent or very good perceived mental health,Percent,55.9
10227,2023-04,British Columbia,Men,Excellent or very good perceived mental health,Number,1111.0
10228,2023-04,British Columbia,Men,Excellent or very good perceived mental health,Number,984.0
10229,2023-04,British Columbia,Men,Excellent or very good perceived mental health,Number,1239.0
10230,2023-04,British Columbia,Men,Good perceived mental health,Percent,29.8
10231,2023-04,British Columbia,Men,Good perceived mental health,Percent,25.0
10232,2023-04,British Columbia,Men,Good perceived mental health,Percent,35.1
10233,2023-04,British Columbia,Men,Good perceived mental health,Number,662.0
10234,2023-04,British Columbia,Men,Good perceived mental health,Number,548.0
10235,2023-04,British Columbia,Men,Good perceived mental health,Number,776.0
10236,2023-04,British Columbia,Men,Fair or poor perceived mental health,Percent,20.0
10237,2023-04,British Columbia,Men,Fair or poor perceived mental health,Percent,15.5
10238,2023-04,British Columbia,Men,Fair or poor perceived mental health,Percent,25.4
10239,2023-04,British Columbia,Men,Fair or poor perceived mental health,Number,444.0
10240,2023-04,British Columbia,Men,Fair or poor perceived mental health,Number,334.0
10241,2023-04,British Columbia,Men,Fair or poor perceived mental health,Number,554.0
10242,2023-04,British Columbia,Women,Excellent or very good perceived mental health,Percent,40.3
10243,2023-04,British Columbia,Women,Excellent or very good perceived mental health,Percent,35.3
10244,2023-04,British Columbia,Women,Excellent or very good perceived mental health,Percent,45.6
10245,2023-04,British Columbia,Women,Excellent or very good perceived mental health,Number,921.0
10246,2023-04,British Columbia,Women,Excellent or very good perceived mental health,Number,801.0
10247,2023-04,British Columbia,Women,Excellent or very good perceived mental health,Number,1040.0
10248,2023-04,British Columbia,Women,Good perceived mental health,Percent,34.4
10249,2023-04,British Columbia,Women,Good perceived mental health,Percent,29.6
10250,2023-04,British Columbia,Women,Good perceived mental health,Percent,39.5
10251,2023-04,British Columbia,Women,Good perceived mental health,Number,785.0
10252,2023-04,British Columbia,Women,Good perceived mental health,Number,671.0
10253,2023-04,British Columbia,Women,Good perceived mental health,Number,899.0
10254,2023-04,British Columbia,Women,Fair or poor perceived mental health,Percent,25.3
10255,2023-04,British Columbia,Women,Fair or poor perceived mental health,Percent,20.5
10256,2023-04,British Columbia,Women,Fair or poor perceived mental health,Percent,30.8
10257,2023-04,British Columbia,Women,Fair or poor perceived mental health,Number,579.0
10258,2023-04,British Columbia,Women,Fair or poor perceived mental health,Number,460.0
10259,2023-04,British Columbia,Women,Fair or poor perceived mental health,Number,698.0
10260,2023-07,Newfoundland and Labrador,"Total, all persons",Excellent or very good perceived mental health,Percent,50.6
10261,2023-07,Newfoundland and Labrador,"Total, all persons",Excellent or very good perceived mental health,Percent,45.1
10262,2023-07,Newfoundland and Labrador,"Total, all persons",Excellent or very good perceived mental health,Percent,56.1
10263,2023-07,Newfoundland and Labrador,"Total, all persons",Excellent or very good perceived mental health,Number,231.0
10264,2023-07,Newfoundland and Labrador,"Total, all persons",Excellent or very good perceived mental health,Number,206.0
10265,2023-07,Newfoundland and Labrador,"Total, all persons",Excellent or very good perceived mental health,Number,256.0
10266,2023-07,Newfoundland and Labrador,"Total, all persons",Good perceived mental health,Percent,30.5
10267,2023-07,Newfoundland and Labrador,"Total, all persons",Good perceived mental health,Percent,25.4
10268,2023-07,Newfoundland and Labrador,"Total, all persons",Good perceived mental health,Percent,36.0
10269,2023-07,Newfoundland and Labrador,"Total, all persons",Good perceived mental health,Number,139.0
10270,2023-07,Newfoundland and Labrador,"Total, all persons",Good perceived mental health,Number,115.0
10271,2023-07,Newfoundland and Labrador,"Total, all persons",Good perceived mental health,Number,164.0
10272,2023-07,Newfoundland and Labrador,"Total, all persons",Fair or poor perceived mental health,Percent,19.0
10273,2023-07,Newfoundland and Labrador,"Total, all persons",Fair or poor perceived mental health,Percent,14.5
10274,2023-07,Newfoundland and Labrador,"Total, all persons",Fair or poor perceived mental health,Percent,24.4
10275,2023-07,Newfoundland and Labrador,"Total, all persons",Fair or poor perceived mental health,Number,87.0
10276,2023-07,Newfoundland and Labrador,"Total, all persons",Fair or poor perceived mental health,Number,64.0
10277,2023-07,Newfoundland and Labrador,"Total, all persons",Fair or poor perceived mental health,Number,109.0
10278,2023-07,Newfoundland and Labrador,Men,Excellent or very good perceived mental health,Percent,57.2
10279,2023-07,Newfoundland and Labrador,Men,Excellent or very good perceived mental health,Percent,48.7
10280,2023-07,Newfoundland and Labrador,Men,Excellent or very good perceived mental health,Percent,65.3
10281,2023-07,Newfoundland and Labrador,Men,Excellent or very good perceived mental health,Number,129.0
10282,2023-07,Newfoundland and Labrador,Men,Excellent or very good perceived mental health,Number,110.0
10283,2023-07,Newfoundland and Labrador,Men,Excellent or very good perceived mental health,Number,148.0
10284,2023-07,Newfoundland and Labrador,Men,Good perceived mental health,Percent,23.6
10285,2023-07,Newfoundland and Labrador,Men,Good perceived mental health,Percent,16.8
10286,2023-07,Newfoundland and Labrador,Men,Good perceived mental health,Percent,32.0
10287,2023-07,Newfoundland and Labrador,Men,Good perceived mental health,Number,
10288,2023-07,Newfoundland and Labrador,Men,Good perceived mental health,Number,
10289,2023-07,Newfoundland and Labrador,Men,Good perceived mental health,Number,
10290,2023-07,Newfoundland and Labrador,Men,Fair or poor perceived mental health,Percent,19.2
10291,2023-07,Newfoundland and Labrador,Men,Fair or poor perceived mental health,Percent,12.9
10292,2023-07,Newfoundland and Labrador,Men,Fair or poor perceived mental health,Percent,27.6
10293,2023-07,Newfoundland and Labrador,Men,Fair or poor perceived mental health,Number,
10294,2023-07,Newfoundland and Labrador,Men,Fair or poor perceived mental health,Number,
10295,2023-07,Newfoundland and Labrador,Men,Fair or poor perceived mental health,Number,
10296,2023-07,Newfoundland and Labrador,Women,Excellent or very good perceived mental health,Percent,44.1
10297,2023-07,Newfoundland and Labrador,Women,Excellent or very good perceived mental health,Percent,37.0
10298,2023-07,Newfoundland and Labrador,Women,Excellent or very good perceived mental health,Percent,51.4
10299,2023-07,Newfoundland and Labrador,Women,Excellent or very good perceived mental health,Number,102.0
10300,2023-07,Newfoundland and Labrador,Women,Excellent or very good perceived mental health,Number,85.0
10301,2023-07,Newfoundland and Labrador,Women,Excellent or very good perceived mental health,Number,119.0
10302,2023-07,Newfoundland and Labrador,Women,Good perceived mental health,Percent,37.2
10303,2023-07,Newfoundland and Labrador,Women,Good perceived mental health,Percent,30.2
10304,2023-07,Newfoundland and Labrador,Women,Good perceived mental health,Percent,44.7
10305,2023-07,Newfoundland and Labrador,Women,Good perceived mental health,Number,86.0
10306,2023-07,Newfoundland and Labrador,Women,Good perceived mental health,Number,69.0
10307,2023-07,Newfoundland and Labrador,Women,Good perceived mental health,Number,103.0
10308,2023-07,Newfoundland and Labrador,Women,Fair or poor perceived mental health,Percent,18.7
10309,2023-07,Newfoundland and Labrador,Women,Fair or poor perceived mental health,Percent,13.0
10310,2023-07,Newfoundland and Labrador,Women,Fair or poor perceived mental health,Percent,26.1
10311,2023-07,Newfoundland and Labrador,Women,Fair or poor perceived mental health,Number,
10312,2023-07,Newfoundland and Labrador,Women,Fair or poor perceived mental health,Number,
10313,2023-07,Newfoundland and Labrador,Women,Fair or poor perceived mental health,Number,
10314,2023-07,Prince Edward Island,"Total, all persons",Excellent or very good perceived mental health,Percent,48.8
10315,2023-07,Prince Edward Island,"Total, all persons",Excellent or very good perceived mental health,Percent,42.1
10316,2023-07,Prince Edward Island,"Total, all persons",Excellent or very good perceived mental health,Percent,55.6
10317,2023-07,Prince Edward Island,"Total, all persons",Excellent or very good perceived mental health,Number,71.0
10318,2023-07,Prince Edward Island,"Total, all persons",Excellent or very good perceived mental health,Number,61.0
10319,2023-07,Prince Edward Island,"Total, all persons",Excellent or very good perceived mental health,Number,81.0
10320,2023-07,Prince Edward Island,"Total, all persons",Good perceived mental health,Percent,33.7
10321,2023-07,Prince Edward Island,"Total, all persons",Good perceived mental health,Percent,27.7
10322,2023-07,Prince Edward Island,"Total, all persons",Good perceived mental health,Percent,40.2
10323,2023-07,Prince Edward Island,"Total, all persons",Good perceived mental health,Number,49.0
10324,2023-07,Prince Edward Island,"Total, all persons",Good perceived mental health,Number,40.0
10325,2023-07,Prince Edward Island,"Total, all persons",Good perceived mental health,Number,58.0
10326,2023-07,Prince Edward Island,"Total, all persons",Fair or poor perceived mental health,Percent,17.5
10327,2023-07,Prince Edward Island,"Total, all persons",Fair or poor perceived mental health,Percent,13.2
10328,2023-07,Prince Edward Island,"Total, all persons",Fair or poor perceived mental health,Percent,22.8
10329,2023-07,Prince Edward Island,"Total, all persons",Fair or poor perceived mental health,Number,25.0
10330,2023-07,Prince Edward Island,"Total, all persons",Fair or poor perceived mental health,Number,18.0
10331,2023-07,Prince Edward Island,"Total, all persons",Fair or poor perceived mental health,Number,33.0
10332,2023-07,Prince Edward Island,Men,Excellent or very good perceived mental health,Percent,48.3
10333,2023-07,Prince Edward Island,Men,Excellent or very good perceived mental health,Percent,38.3
10334,2023-07,Prince Edward Island,Men,Excellent or very good perceived mental health,Percent,58.5
10335,2023-07,Prince Edward Island,Men,Excellent or very good perceived mental health,Number,35.0
10336,2023-07,Prince Edward Island,Men,Excellent or very good perceived mental health,Number,27.0
10337,2023-07,Prince Edward Island,Men,Excellent or very good perceived mental health,Number,43.0
10338,2023-07,Prince Edward Island,Men,Good perceived mental health,Percent,33.3
10339,2023-07,Prince Edward Island,Men,Good perceived mental health,Percent,24.7
10340,2023-07,Prince Edward Island,Men,Good perceived mental health,Percent,43.1
10341,2023-07,Prince Edward Island,Men,Good perceived mental health,Number,24.0
10342,2023-07,Prince Edward Island,Men,Good perceived mental health,Number,17.0
10343,2023-07,Prince Edward Island,Men,Good perceived mental health,Number,31.0
10344,2023-07,Prince Edward Island,Men,Fair or poor perceived mental health,Percent,18.4
10345,2023-07,Prince Edward Island,Men,Fair or poor perceived mental health,Percent,12.1
10346,2023-07,Prince Edward Island,Men,Fair or poor perceived mental health,Percent,27.0
10347,2023-07,Prince Edward Island,Men,Fair or poor perceived mental health,Number,
10348,2023-07,Prince Edward Island,Men,Fair or poor perceived mental health,Number,
10349,2023-07,Prince Edward Island,Men,Fair or poor perceived mental health,Number,
10350,2023-07,Prince Edward Island,Women,Excellent or very good perceived mental health,Percent,49.3
10351,2023-07,Prince Edward Island,Women,Excellent or very good perceived mental health,Percent,40.2
10352,2023-07,Prince Edward Island,Women,Excellent or very good perceived mental health,Percent,58.5
10353,2023-07,Prince Edward Island,Women,Excellent or very good perceived mental health,Number,36.0
10354,2023-07,Prince Edward Island,Women,Excellent or very good perceived mental health,Number,29.0
10355,2023-07,Prince Edward Island,Women,Excellent or very good perceived mental health,Number,43.0
10356,2023-07,Prince Edward Island,Women,Good perceived mental health,Percent,34.1
10357,2023-07,Prince Edward Island,Women,Good perceived mental health,Percent,26.1
10358,2023-07,Prince Edward Island,Women,Good perceived mental health,Percent,43.2
10359,2023-07,Prince Edward Island,Women,Good perceived mental health,Number,25.0
10360,2023-07,Prince Edward Island,Women,Good perceived mental health,Number,19.0
10361,2023-07,Prince Edward Island,Women,Good perceived mental health,Number,31.0
10362,2023-07,Prince Edward Island,Women,Fair or poor perceived mental health,Percent,16.5
10363,2023-07,Prince Edward Island,Women,Fair or poor perceived mental health,Percent,11.1
10364,2023-07,Prince Edward Island,Women,Fair or poor perceived mental health,Percent,23.9
10365,2023-07,Prince Edward Island,Women,Fair or poor perceived mental health,Number,
10366,2023-07,Prince Edward Island,Women,Fair or poor perceived mental health,Number,
10367,2023-07,Prince Edward Island,Women,Fair or poor perceived mental health,Number,
10368,2023-07,Nova Scotia,"Total, all persons",Excellent or very good perceived mental health,Percent,37.3
10369,2023-07,Nova Scotia,"Total, all persons",Excellent or very good perceived mental health,Percent,32.2
10370,2023-07,Nova Scotia,"Total, all persons",Excellent or very good perceived mental health,Percent,42.7
10371,2023-07,Nova Scotia,"Total, all persons",Excellent or very good perceived mental health,Number,326.0
10372,2023-07,Nova Scotia,"Total, all persons",Excellent or very good perceived mental health,Number,280.0
10373,2023-07,Nova Scotia,"Total, all persons",Excellent or very good perceived mental health,Number,372.0
10374,2023-07,Nova Scotia,"Total, all persons",Good perceived mental health,Percent,38.7
10375,2023-07,Nova Scotia,"Total, all persons",Good perceived mental health,Percent,33.2
10376,2023-07,Nova Scotia,"Total, all persons",Good perceived mental health,Percent,44.4
10377,2023-07,Nova Scotia,"Total, all persons",Good perceived mental health,Number,339.0
10378,2023-07,Nova Scotia,"Total, all persons",Good perceived mental health,Number,289.0
10379,2023-07,Nova Scotia,"Total, all persons",Good perceived mental health,Number,388.0
10380,2023-07,Nova Scotia,"Total, all persons",Fair or poor perceived mental health,Percent,24.0
10381,2023-07,Nova Scotia,"Total, all persons",Fair or poor perceived mental health,Percent,19.2
10382,2023-07,Nova Scotia,"Total, all persons",Fair or poor perceived mental health,Percent,29.6
10383,2023-07,Nova Scotia,"Total, all persons",Fair or poor perceived mental health,Number,210.0
10384,2023-07,Nova Scotia,"Total, all persons",Fair or poor perceived mental health,Number,165.0
10385,2023-07,Nova Scotia,"Total, all persons",Fair or poor perceived mental health,Number,255.0
10386,2023-07,Nova Scotia,Men,Excellent or very good perceived mental health,Percent,40.3
10387,2023-07,Nova Scotia,Men,Excellent or very good perceived mental health,Percent,31.7
10388,2023-07,Nova Scotia,Men,Excellent or very good perceived mental health,Percent,49.5
10389,2023-07,Nova Scotia,Men,Excellent or very good perceived mental health,Number,171.0
10390,2023-07,Nova Scotia,Men,Excellent or very good perceived mental health,Number,133.0
10391,2023-07,Nova Scotia,Men,Excellent or very good perceived mental health,Number,210.0
10392,2023-07,Nova Scotia,Men,Good perceived mental health,Percent,36.8
10393,2023-07,Nova Scotia,Men,Good perceived mental health,Percent,28.4
10394,2023-07,Nova Scotia,Men,Good perceived mental health,Percent,46.1
10395,2023-07,Nova Scotia,Men,Good perceived mental health,Number,157.0
10396,2023-07,Nova Scotia,Men,Good perceived mental health,Number,119.0
10397,2023-07,Nova Scotia,Men,Good perceived mental health,Number,195.0
10398,2023-07,Nova Scotia,Men,Fair or poor perceived mental health,Percent,22.9
10399,2023-07,Nova Scotia,Men,Fair or poor perceived mental health,Percent,15.5
10400,2023-07,Nova Scotia,Men,Fair or poor perceived mental health,Percent,32.4
10401,2023-07,Nova Scotia,Men,Fair or poor perceived mental health,Number,
10402,2023-07,Nova Scotia,Men,Fair or poor perceived mental health,Number,
10403,2023-07,Nova Scotia,Men,Fair or poor perceived mental health,Number,
10404,2023-07,Nova Scotia,Women,Excellent or very good perceived mental health,Percent,34.5
10405,2023-07,Nova Scotia,Women,Excellent or very good perceived mental health,Percent,28.9
10406,2023-07,Nova Scotia,Women,Excellent or very good perceived mental health,Percent,40.6
10407,2023-07,Nova Scotia,Women,Excellent or very good perceived mental health,Number,155.0
10408,2023-07,Nova Scotia,Women,Excellent or very good perceived mental health,Number,129.0
10409,2023-07,Nova Scotia,Women,Excellent or very good perceived mental health,Number,182.0
10410,2023-07,Nova Scotia,Women,Good perceived mental health,Percent,40.4
10411,2023-07,Nova Scotia,Women,Good perceived mental health,Percent,33.5
10412,2023-07,Nova Scotia,Women,Good perceived mental health,Percent,47.8
10413,2023-07,Nova Scotia,Women,Good perceived mental health,Number,182.0
10414,2023-07,Nova Scotia,Women,Good perceived mental health,Number,150.0
10415,2023-07,Nova Scotia,Women,Good perceived mental health,Number,214.0
10416,2023-07,Nova Scotia,Women,Fair or poor perceived mental health,Percent,25.1
10417,2023-07,Nova Scotia,Women,Fair or poor perceived mental health,Percent,19.3
10418,2023-07,Nova Scotia,Women,Fair or poor perceived mental health,Percent,32.0
10419,2023-07,Nova Scotia,Women,Fair or poor perceived mental health,Number,
10420,2023-07,Nova Scotia,Women,Fair or poor perceived mental health,Number,
10421,2023-07,Nova Scotia,Women,Fair or poor perceived mental health,Number,
10422,2023-07,New Brunswick,"Total, all persons",Excellent or very good perceived mental health,Percent,46.6
10423,2023-07,New Brunswick,"Total, all persons",Excellent or very good perceived mental health,Percent,41.1
10424,2023-07,New Brunswick,"Total, all persons",Excellent or very good perceived mental health,Percent,52.1
10425,2023-07,New Brunswick,"Total, all persons",Excellent or very good perceived mental health,Number,322.0
10426,2023-07,New Brunswick,"Total, all persons",Excellent or very good perceived mental health,Number,284.0
10427,2023-07,New Brunswick,"Total, all persons",Excellent or very good perceived mental health,Number,360.0
10428,2023-07,New Brunswick,"Total, all persons",Good perceived mental health,Percent,31.8
10429,2023-07,New Brunswick,"Total, all persons",Good perceived mental health,Percent,26.7
10430,2023-07,New Brunswick,"Total, all persons",Good perceived mental health,Percent,37.4
10431,2023-07,New Brunswick,"Total, all persons",Good perceived mental health,Number,220.0
10432,2023-07,New Brunswick,"Total, all persons",Good perceived mental health,Number,183.0
10433,2023-07,New Brunswick,"Total, all persons",Good perceived mental health,Number,257.0
10434,2023-07,New Brunswick,"Total, all persons",Fair or poor perceived mental health,Percent,21.6
10435,2023-07,New Brunswick,"Total, all persons",Fair or poor perceived mental health,Percent,17.4
10436,2023-07,New Brunswick,"Total, all persons",Fair or poor perceived mental health,Percent,26.6
10437,2023-07,New Brunswick,"Total, all persons",Fair or poor perceived mental health,Number,150.0
10438,2023-07,New Brunswick,"Total, all persons",Fair or poor perceived mental health,Number,118.0
10439,2023-07,New Brunswick,"Total, all persons",Fair or poor perceived mental health,Number,182.0
10440,2023-07,New Brunswick,Men,Excellent or very good perceived mental health,Percent,53.7
10441,2023-07,New Brunswick,Men,Excellent or very good perceived mental health,Percent,45.5
10442,2023-07,New Brunswick,Men,Excellent or very good perceived mental health,Percent,61.6
10443,2023-07,New Brunswick,Men,Excellent or very good perceived mental health,Number,189.0
10444,2023-07,New Brunswick,Men,Excellent or very good perceived mental health,Number,161.0
10445,2023-07,New Brunswick,Men,Excellent or very good perceived mental health,Number,217.0
10446,2023-07,New Brunswick,Men,Good perceived mental health,Percent,28.2
10447,2023-07,New Brunswick,Men,Good perceived mental health,Percent,21.1
10448,2023-07,New Brunswick,Men,Good perceived mental health,Percent,36.6
10449,2023-07,New Brunswick,Men,Good perceived mental health,Number,99.0
10450,2023-07,New Brunswick,Men,Good perceived mental health,Number,73.0
10451,2023-07,New Brunswick,Men,Good perceived mental health,Number,126.0
10452,2023-07,New Brunswick,Men,Fair or poor perceived mental health,Percent,18.1
10453,2023-07,New Brunswick,Men,Fair or poor perceived mental health,Percent,12.5
10454,2023-07,New Brunswick,Men,Fair or poor perceived mental health,Percent,25.6
10455,2023-07,New Brunswick,Men,Fair or poor perceived mental health,Number,
10456,2023-07,New Brunswick,Men,Fair or poor perceived mental health,Number,
10457,2023-07,New Brunswick,Men,Fair or poor perceived mental health,Number,
10458,2023-07,New Brunswick,Women,Excellent or very good perceived mental health,Percent,39.2
10459,2023-07,New Brunswick,Women,Excellent or very good perceived mental health,Percent,32.2
10460,2023-07,New Brunswick,Women,Excellent or very good perceived mental health,Percent,46.6
10461,2023-07,New Brunswick,Women,Excellent or very good perceived mental health,Number,133.0
10462,2023-07,New Brunswick,Women,Excellent or very good perceived mental health,Number,108.0
10463,2023-07,New Brunswick,Women,Excellent or very good perceived mental health,Number,158.0
10464,2023-07,New Brunswick,Women,Good perceived mental health,Percent,35.5
10465,2023-07,New Brunswick,Women,Good perceived mental health,Percent,28.9
10466,2023-07,New Brunswick,Women,Good perceived mental health,Percent,42.8
10467,2023-07,New Brunswick,Women,Good perceived mental health,Number,120.0
10468,2023-07,New Brunswick,Women,Good perceived mental health,Number,96.0
10469,2023-07,New Brunswick,Women,Good perceived mental health,Number,145.0
10470,2023-07,New Brunswick,Women,Fair or poor perceived mental health,Percent,25.3
10471,2023-07,New Brunswick,Women,Fair or poor perceived mental health,Percent,19.0
10472,2023-07,New Brunswick,Women,Fair or poor perceived mental health,Percent,32.9
10473,2023-07,New Brunswick,Women,Fair or poor perceived mental health,Number,86.0
10474,2023-07,New Brunswick,Women,Fair or poor perceived mental health,Number,61.0
10475,2023-07,New Brunswick,Women,Fair or poor perceived mental health,Number,110.0
10476,2023-07,Quebec,"Total, all persons",Excellent or very good perceived mental health,Percent,55.8
10477,2023-07,Quebec,"Total, all persons",Excellent or very good perceived mental health,Percent,52.8
10478,2023-07,Quebec,"Total, all persons",Excellent or very good perceived mental health,Percent,58.6
10479,2023-07,Quebec,"Total, all persons",Excellent or very good perceived mental health,Number,4060.0
10480,2023-07,Quebec,"Total, all persons",Excellent or very good perceived mental health,Number,3849.0
10481,2023-07,Quebec,"Total, all persons",Excellent or very good perceived mental health,Number,4271.0
10482,2023-07,Quebec,"Total, all persons",Good perceived mental health,Percent,32.0
10483,2023-07,Quebec,"Total, all persons",Good perceived mental health,Percent,29.3
10484,2023-07,Quebec,"Total, all persons",Good perceived mental health,Percent,34.8
10485,2023-07,Quebec,"Total, all persons",Good perceived mental health,Number,2328.0
10486,2023-07,Quebec,"Total, all persons",Good perceived mental health,Number,2128.0
10487,2023-07,Quebec,"Total, all persons",Good perceived mental health,Number,2528.0
10488,2023-07,Quebec,"Total, all persons",Fair or poor perceived mental health,Percent,12.3
10489,2023-07,Quebec,"Total, all persons",Fair or poor perceived mental health,Percent,10.4
10490,2023-07,Quebec,"Total, all persons",Fair or poor perceived mental health,Percent,14.4
10491,2023-07,Quebec,"Total, all persons",Fair or poor perceived mental health,Number,894.0
10492,2023-07,Quebec,"Total, all persons",Fair or poor perceived mental health,Number,749.0
10493,2023-07,Quebec,"Total, all persons",Fair or poor perceived mental health,Number,1039.0
10494,2023-07,Quebec,Men,Excellent or very good perceived mental health,Percent,56.5
10495,2023-07,Quebec,Men,Excellent or very good perceived mental health,Percent,52.1
10496,2023-07,Quebec,Men,Excellent or very good perceived mental health,Percent,60.8
10497,2023-07,Quebec,Men,Excellent or very good perceived mental health,Number,2050.0
10498,2023-07,Quebec,Men,Excellent or very good perceived mental health,Number,1889.0
10499,2023-07,Quebec,Men,Excellent or very good perceived mental health,Number,2211.0
10500,2023-07,Quebec,Men,Good perceived mental health,Percent,32.0
10501,2023-07,Quebec,Men,Good perceived mental health,Percent,28.0
10502,2023-07,Quebec,Men,Good perceived mental health,Percent,36.3
10503,2023-07,Quebec,Men,Good perceived mental health,Number,1161.0
10504,2023-07,Quebec,Men,Good perceived mental health,Number,1010.0
10505,2023-07,Quebec,Men,Good perceived mental health,Number,1311.0
10506,2023-07,Quebec,Men,Fair or poor perceived mental health,Percent,11.4
10507,2023-07,Quebec,Men,Fair or poor perceived mental health,Percent,8.9
10508,2023-07,Quebec,Men,Fair or poor perceived mental health,Percent,14.6
10509,2023-07,Quebec,Men,Fair or poor perceived mental health,Number,415.0
10510,2023-07,Quebec,Men,Fair or poor perceived mental health,Number,309.0
10511,2023-07,Quebec,Men,Fair or poor perceived mental health,Number,520.0
10512,2023-07,Quebec,Women,Excellent or very good perceived mental health,Percent,55.0
10513,2023-07,Quebec,Women,Excellent or very good perceived mental health,Percent,51.3
10514,2023-07,Quebec,Women,Excellent or very good perceived mental health,Percent,58.6
10515,2023-07,Quebec,Women,Excellent or very good perceived mental health,Number,2010.0
10516,2023-07,Quebec,Women,Excellent or very good perceived mental health,Number,1879.0
10517,2023-07,Quebec,Women,Excellent or very good perceived mental health,Number,2141.0
10518,2023-07,Quebec,Women,Good perceived mental health,Percent,31.9
10519,2023-07,Quebec,Women,Good perceived mental health,Percent,28.5
10520,2023-07,Quebec,Women,Good perceived mental health,Percent,35.5
10521,2023-07,Quebec,Women,Good perceived mental health,Number,1167.0
10522,2023-07,Quebec,Women,Good perceived mental health,Number,1034.0
10523,2023-07,Quebec,Women,Good perceived mental health,Number,1300.0
10524,2023-07,Quebec,Women,Fair or poor perceived mental health,Percent,13.1
10525,2023-07,Quebec,Women,Fair or poor perceived mental health,Percent,10.6
10526,2023-07,Quebec,Women,Fair or poor perceived mental health,Percent,16.1
10527,2023-07,Quebec,Women,Fair or poor perceived mental health,Number,479.0
10528,2023-07,Quebec,Women,Fair or poor perceived mental health,Number,377.0
10529,2023-07,Quebec,Women,Fair or poor perceived mental health,Number,581.0
10530,2023-07,Ontario,"Total, all persons",Excellent or very good perceived mental health,Percent,44.1
10531,2023-07,Ontario,"Total, all persons",Excellent or very good perceived mental health,Percent,41.9
10532,2023-07,Ontario,"Total, all persons",Excellent or very good perceived mental health,Percent,46.4
10533,2023-07,Ontario,"Total, all persons",Excellent or very good perceived mental health,Number,5688.0
10534,2023-07,Ontario,"Total, all persons",Excellent or very good perceived mental health,Number,5394.0
10535,2023-07,Ontario,"Total, all persons",Excellent or very good perceived mental health,Number,5982.0
10536,2023-07,Ontario,"Total, all persons",Good perceived mental health,Percent,33.8
10537,2023-07,Ontario,"Total, all persons",Good perceived mental health,Percent,31.7
10538,2023-07,Ontario,"Total, all persons",Good perceived mental health,Percent,36.0
10539,2023-07,Ontario,"Total, all persons",Good perceived mental health,Number,4355.0
10540,2023-07,Ontario,"Total, all persons",Good perceived mental health,Number,4076.0
10541,2023-07,Ontario,"Total, all persons",Good perceived mental health,Number,4633.0
10542,2023-07,Ontario,"Total, all persons",Fair or poor perceived mental health,Percent,22.1
10543,2023-07,Ontario,"Total, all persons",Fair or poor perceived mental health,Percent,20.1
10544,2023-07,Ontario,"Total, all persons",Fair or poor perceived mental health,Percent,24.1
10545,2023-07,Ontario,"Total, all persons",Fair or poor perceived mental health,Number,2844.0
10546,2023-07,Ontario,"Total, all persons",Fair or poor perceived mental health,Number,2586.0
10547,2023-07,Ontario,"Total, all persons",Fair or poor perceived mental health,Number,3102.0
10548,2023-07,Ontario,Men,Excellent or very good perceived mental health,Percent,48.6
10549,2023-07,Ontario,Men,Excellent or very good perceived mental health,Percent,45.3
10550,2023-07,Ontario,Men,Excellent or very good perceived mental health,Percent,51.9
10551,2023-07,Ontario,Men,Excellent or very good perceived mental health,Number,3096.0
10552,2023-07,Ontario,Men,Excellent or very good perceived mental health,Number,2886.0
10553,2023-07,Ontario,Men,Excellent or very good perceived mental health,Number,3305.0
10554,2023-07,Ontario,Men,Good perceived mental health,Percent,32.1
10555,2023-07,Ontario,Men,Good perceived mental health,Percent,29.1
10556,2023-07,Ontario,Men,Good perceived mental health,Percent,35.3
10557,2023-07,Ontario,Men,Good perceived mental health,Number,2045.0
10558,2023-07,Ontario,Men,Good perceived mental health,Number,1848.0
10559,2023-07,Ontario,Men,Good perceived mental health,Number,2242.0
10560,2023-07,Ontario,Men,Fair or poor perceived mental health,Percent,19.3
10561,2023-07,Ontario,Men,Fair or poor perceived mental health,Percent,16.7
10562,2023-07,Ontario,Men,Fair or poor perceived mental health,Percent,22.2
10563,2023-07,Ontario,Men,Fair or poor perceived mental health,Number,1232.0
10564,2023-07,Ontario,Men,Fair or poor perceived mental health,Number,1057.0
10565,2023-07,Ontario,Men,Fair or poor perceived mental health,Number,1407.0
10566,2023-07,Ontario,Women,Excellent or very good perceived mental health,Percent,39.8
10567,2023-07,Ontario,Women,Excellent or very good perceived mental health,Percent,36.8
10568,2023-07,Ontario,Women,Excellent or very good perceived mental health,Percent,42.9
10569,2023-07,Ontario,Women,Excellent or very good perceived mental health,Number,2592.0
10570,2023-07,Ontario,Women,Excellent or very good perceived mental health,Number,2394.0
10571,2023-07,Ontario,Women,Excellent or very good perceived mental health,Number,2791.0
10572,2023-07,Ontario,Women,Good perceived mental health,Percent,35.5
10573,2023-07,Ontario,Women,Good perceived mental health,Percent,32.6
10574,2023-07,Ontario,Women,Good perceived mental health,Percent,38.5
10575,2023-07,Ontario,Women,Good perceived mental health,Number,2310.0
10576,2023-07,Ontario,Women,Good perceived mental health,Number,2118.0
10577,2023-07,Ontario,Women,Good perceived mental health,Number,2501.0
10578,2023-07,Ontario,Women,Fair or poor perceived mental health,Percent,24.7
10579,2023-07,Ontario,Women,Fair or poor perceived mental health,Percent,22.0
10580,2023-07,Ontario,Women,Fair or poor perceived mental health,Percent,27.7
10581,2023-07,Ontario,Women,Fair or poor perceived mental health,Number,1612.0
10582,2023-07,Ontario,Women,Fair or poor perceived mental health,Number,1425.0
10583,2023-07,Ontario,Women,Fair or poor perceived mental health,Number,1799.0
10584,2023-07,Manitoba,"Total, all persons",Excellent or very good perceived mental health,Percent,42.2
10585,2023-07,Manitoba,"Total, all persons",Excellent or very good perceived mental health,Percent,37.1
10586,2023-07,Manitoba,"Total, all persons",Excellent or very good perceived mental health,Percent,47.5
10587,2023-07,Manitoba,"Total, all persons",Excellent or very good perceived mental health,Number,463.0
10588,2023-07,Manitoba,"Total, all persons",Excellent or very good perceived mental health,Number,405.0
10589,2023-07,Manitoba,"Total, all persons",Excellent or very good perceived mental health,Number,520.0
10590,2023-07,Manitoba,"Total, all persons",Good perceived mental health,Percent,34.0
10591,2023-07,Manitoba,"Total, all persons",Good perceived mental health,Percent,29.1
10592,2023-07,Manitoba,"Total, all persons",Good perceived mental health,Percent,39.2
10593,2023-07,Manitoba,"Total, all persons",Good perceived mental health,Number,372.0
10594,2023-07,Manitoba,"Total, all persons",Good perceived mental health,Number,316.0
10595,2023-07,Manitoba,"Total, all persons",Good perceived mental health,Number,428.0
10596,2023-07,Manitoba,"Total, all persons",Fair or poor perceived mental health,Percent,23.8
10597,2023-07,Manitoba,"Total, all persons",Fair or poor perceived mental health,Percent,19.3
10598,2023-07,Manitoba,"Total, all persons",Fair or poor perceived mental health,Percent,29.0
10599,2023-07,Manitoba,"Total, all persons",Fair or poor perceived mental health,Number,261.0
10600,2023-07,Manitoba,"Total, all persons",Fair or poor perceived mental health,Number,208.0
10601,2023-07,Manitoba,"Total, all persons",Fair or poor perceived mental health,Number,314.0
10602,2023-07,Manitoba,Men,Excellent or very good perceived mental health,Percent,46.7
10603,2023-07,Manitoba,Men,Excellent or very good perceived mental health,Percent,39.0
10604,2023-07,Manitoba,Men,Excellent or very good perceived mental health,Percent,54.6
10605,2023-07,Manitoba,Men,Excellent or very good perceived mental health,Number,258.0
10606,2023-07,Manitoba,Men,Excellent or very good perceived mental health,Number,215.0
10607,2023-07,Manitoba,Men,Excellent or very good perceived mental health,Number,301.0
10608,2023-07,Manitoba,Men,Good perceived mental health,Percent,29.4
10609,2023-07,Manitoba,Men,Good perceived mental health,Percent,22.9
10610,2023-07,Manitoba,Men,Good perceived mental health,Percent,36.9
10611,2023-07,Manitoba,Men,Good perceived mental health,Number,162.0
10612,2023-07,Manitoba,Men,Good perceived mental health,Number,124.0
10613,2023-07,Manitoba,Men,Good perceived mental health,Number,201.0
10614,2023-07,Manitoba,Men,Fair or poor perceived mental health,Percent,23.8
10615,2023-07,Manitoba,Men,Fair or poor perceived mental health,Percent,17.2
10616,2023-07,Manitoba,Men,Fair or poor perceived mental health,Percent,32.0
10617,2023-07,Manitoba,Men,Fair or poor perceived mental health,Number,
10618,2023-07,Manitoba,Men,Fair or poor perceived mental health,Number,
10619,2023-07,Manitoba,Men,Fair or poor perceived mental health,Number,
10620,2023-07,Manitoba,Women,Excellent or very good perceived mental health,Percent,37.6
10621,2023-07,Manitoba,Women,Excellent or very good perceived mental health,Percent,31.2
10622,2023-07,Manitoba,Women,Excellent or very good perceived mental health,Percent,44.6
10623,2023-07,Manitoba,Women,Excellent or very good perceived mental health,Number,205.0
10624,2023-07,Manitoba,Women,Excellent or very good perceived mental health,Number,168.0
10625,2023-07,Manitoba,Women,Excellent or very good perceived mental health,Number,242.0
10626,2023-07,Manitoba,Women,Good perceived mental health,Percent,38.6
10627,2023-07,Manitoba,Women,Good perceived mental health,Percent,31.9
10628,2023-07,Manitoba,Women,Good perceived mental health,Percent,45.7
10629,2023-07,Manitoba,Women,Good perceived mental health,Number,210.0
10630,2023-07,Manitoba,Women,Good perceived mental health,Number,172.0
10631,2023-07,Manitoba,Women,Good perceived mental health,Number,248.0
10632,2023-07,Manitoba,Women,Fair or poor perceived mental health,Percent,23.8
10633,2023-07,Manitoba,Women,Fair or poor perceived mental health,Percent,18.2
10634,2023-07,Manitoba,Women,Fair or poor perceived mental health,Percent,30.5
10635,2023-07,Manitoba,Women,Fair or poor perceived mental health,Number,
10636,2023-07,Manitoba,Women,Fair or poor perceived mental health,Number,
10637,2023-07,Manitoba,Women,Fair or poor perceived mental health,Number,
10638,2023-07,Saskatchewan,"Total, all persons",Excellent or very good perceived mental health,Percent,49.5
10639,2023-07,Saskatchewan,"Total, all persons",Excellent or very good perceived mental health,Percent,44.3
10640,2023-07,Saskatchewan,"Total, all persons",Excellent or very good perceived mental health,Percent,54.6
10641,2023-07,Saskatchewan,"Total, all persons",Excellent or very good perceived mental health,Number,460.0
10642,2023-07,Saskatchewan,"Total, all persons",Excellent or very good perceived mental health,Number,412.0
10643,2023-07,Saskatchewan,"Total, all persons",Excellent or very good perceived mental health,Number,508.0
10644,2023-07,Saskatchewan,"Total, all persons",Good perceived mental health,Percent,31.1
10645,2023-07,Saskatchewan,"Total, all persons",Good perceived mental health,Percent,26.3
10646,2023-07,Saskatchewan,"Total, all persons",Good perceived mental health,Percent,36.3
10647,2023-07,Saskatchewan,"Total, all persons",Good perceived mental health,Number,289.0
10648,2023-07,Saskatchewan,"Total, all persons",Good perceived mental health,Number,242.0
10649,2023-07,Saskatchewan,"Total, all persons",Good perceived mental health,Number,335.0
10650,2023-07,Saskatchewan,"Total, all persons",Fair or poor perceived mental health,Percent,19.4
10651,2023-07,Saskatchewan,"Total, all persons",Fair or poor perceived mental health,Percent,15.6
10652,2023-07,Saskatchewan,"Total, all persons",Fair or poor perceived mental health,Percent,24.0
10653,2023-07,Saskatchewan,"Total, all persons",Fair or poor perceived mental health,Number,181.0
10654,2023-07,Saskatchewan,"Total, all persons",Fair or poor perceived mental health,Number,142.0
10655,2023-07,Saskatchewan,"Total, all persons",Fair or poor perceived mental health,Number,220.0
10656,2023-07,Saskatchewan,Men,Excellent or very good perceived mental health,Percent,58.4
10657,2023-07,Saskatchewan,Men,Excellent or very good perceived mental health,Percent,50.3
10658,2023-07,Saskatchewan,Men,Excellent or very good perceived mental health,Percent,66.1
10659,2023-07,Saskatchewan,Men,Excellent or very good perceived mental health,Number,275.0
10660,2023-07,Saskatchewan,Men,Excellent or very good perceived mental health,Number,238.0
10661,2023-07,Saskatchewan,Men,Excellent or very good perceived mental health,Number,313.0
10662,2023-07,Saskatchewan,Men,Good perceived mental health,Percent,25.4
10663,2023-07,Saskatchewan,Men,Good perceived mental health,Percent,19.1
10664,2023-07,Saskatchewan,Men,Good perceived mental health,Percent,32.9
10665,2023-07,Saskatchewan,Men,Good perceived mental health,Number,120.0
10666,2023-07,Saskatchewan,Men,Good perceived mental health,Number,87.0
10667,2023-07,Saskatchewan,Men,Good perceived mental health,Number,152.0
10668,2023-07,Saskatchewan,Men,Fair or poor perceived mental health,Percent,16.1
10669,2023-07,Saskatchewan,Men,Fair or poor perceived mental health,Percent,11.3
10670,2023-07,Saskatchewan,Men,Fair or poor perceived mental health,Percent,22.5
10671,2023-07,Saskatchewan,Men,Fair or poor perceived mental health,Number,
10672,2023-07,Saskatchewan,Men,Fair or poor perceived mental health,Number,
10673,2023-07,Saskatchewan,Men,Fair or poor perceived mental health,Number,
10674,2023-07,Saskatchewan,Women,Excellent or very good perceived mental health,Percent,40.3
10675,2023-07,Saskatchewan,Women,Excellent or very good perceived mental health,Percent,33.8
10676,2023-07,Saskatchewan,Women,Excellent or very good perceived mental health,Percent,47.1
10677,2023-07,Saskatchewan,Women,Excellent or very good perceived mental health,Number,184.0
10678,2023-07,Saskatchewan,Women,Excellent or very good perceived mental health,Number,154.0
10679,2023-07,Saskatchewan,Women,Excellent or very good perceived mental health,Number,215.0
10680,2023-07,Saskatchewan,Women,Good perceived mental health,Percent,36.9
10681,2023-07,Saskatchewan,Women,Good perceived mental health,Percent,30.0
10682,2023-07,Saskatchewan,Women,Good perceived mental health,Percent,44.3
10683,2023-07,Saskatchewan,Women,Good perceived mental health,Number,169.0
10684,2023-07,Saskatchewan,Women,Good perceived mental health,Number,136.0
10685,2023-07,Saskatchewan,Women,Good perceived mental health,Number,202.0
10686,2023-07,Saskatchewan,Women,Fair or poor perceived mental health,Percent,22.9
10687,2023-07,Saskatchewan,Women,Fair or poor perceived mental health,Percent,17.2
10688,2023-07,Saskatchewan,Women,Fair or poor perceived mental health,Percent,29.7
10689,2023-07,Saskatchewan,Women,Fair or poor perceived mental health,Number,
10690,2023-07,Saskatchewan,Women,Fair or poor perceived mental health,Number,
10691,2023-07,Saskatchewan,Women,Fair or poor perceived mental health,Number,
10692,2023-07,Alberta,"Total, all persons",Excellent or very good perceived mental health,Percent,50.1
10693,2023-07,Alberta,"Total, all persons",Excellent or very good perceived mental health,Percent,45.9
10694,2023-07,Alberta,"Total, all persons",Excellent or very good perceived mental health,Percent,54.2
10695,2023-07,Alberta,"Total, all persons",Excellent or very good perceived mental health,Number,1896.0
10696,2023-07,Alberta,"Total, all persons",Excellent or very good perceived mental health,Number,1737.0
10697,2023-07,Alberta,"Total, all persons",Excellent or very good perceived mental health,Number,2055.0
10698,2023-07,Alberta,"Total, all persons",Good perceived mental health,Percent,30.5
10699,2023-07,Alberta,"Total, all persons",Good perceived mental health,Percent,26.7
10700,2023-07,Alberta,"Total, all persons",Good perceived mental health,Percent,34.6
10701,2023-07,Alberta,"Total, all persons",Good perceived mental health,Number,1155.0
10702,2023-07,Alberta,"Total, all persons",Good perceived mental health,Number,1006.0
10703,2023-07,Alberta,"Total, all persons",Good perceived mental health,Number,1305.0
10704,2023-07,Alberta,"Total, all persons",Fair or poor perceived mental health,Percent,19.4
10705,2023-07,Alberta,"Total, all persons",Fair or poor perceived mental health,Percent,16.3
10706,2023-07,Alberta,"Total, all persons",Fair or poor perceived mental health,Percent,23.0
10707,2023-07,Alberta,"Total, all persons",Fair or poor perceived mental health,Number,737.0
10708,2023-07,Alberta,"Total, all persons",Fair or poor perceived mental health,Number,611.0
10709,2023-07,Alberta,"Total, all persons",Fair or poor perceived mental health,Number,863.0
10710,2023-07,Alberta,Men,Excellent or very good perceived mental health,Percent,53.5
10711,2023-07,Alberta,Men,Excellent or very good perceived mental health,Percent,47.3
10712,2023-07,Alberta,Men,Excellent or very good perceived mental health,Percent,59.6
10713,2023-07,Alberta,Men,Excellent or very good perceived mental health,Number,1001.0
10714,2023-07,Alberta,Men,Excellent or very good perceived mental health,Number,884.0
10715,2023-07,Alberta,Men,Excellent or very good perceived mental health,Number,1118.0
10716,2023-07,Alberta,Men,Good perceived mental health,Percent,29.3
10717,2023-07,Alberta,Men,Good perceived mental health,Percent,23.5
10718,2023-07,Alberta,Men,Good perceived mental health,Percent,35.8
10719,2023-07,Alberta,Men,Good perceived mental health,Number,548.0
10720,2023-07,Alberta,Men,Good perceived mental health,Number,432.0
10721,2023-07,Alberta,Men,Good perceived mental health,Number,664.0
10722,2023-07,Alberta,Men,Fair or poor perceived mental health,Percent,17.2
10723,2023-07,Alberta,Men,Fair or poor perceived mental health,Percent,13.0
10724,2023-07,Alberta,Men,Fair or poor perceived mental health,Percent,22.5
10725,2023-07,Alberta,Men,Fair or poor perceived mental health,Number,323.0
10726,2023-07,Alberta,Men,Fair or poor perceived mental health,Number,235.0
10727,2023-07,Alberta,Men,Fair or poor perceived mental health,Number,411.0
10728,2023-07,Alberta,Women,Excellent or very good perceived mental health,Percent,46.7
10729,2023-07,Alberta,Women,Excellent or very good perceived mental health,Percent,41.2
10730,2023-07,Alberta,Women,Excellent or very good perceived mental health,Percent,52.3
10731,2023-07,Alberta,Women,Excellent or very good perceived mental health,Number,895.0
10732,2023-07,Alberta,Women,Excellent or very good perceived mental health,Number,789.0
10733,2023-07,Alberta,Women,Excellent or very good perceived mental health,Number,1001.0
10734,2023-07,Alberta,Women,Good perceived mental health,Percent,31.7
10735,2023-07,Alberta,Women,Good perceived mental health,Percent,27.0
10736,2023-07,Alberta,Women,Good perceived mental health,Percent,36.8
10737,2023-07,Alberta,Women,Good perceived mental health,Number,608.0
10738,2023-07,Alberta,Women,Good perceived mental health,Number,513.0
10739,2023-07,Alberta,Women,Good perceived mental health,Number,703.0
10740,2023-07,Alberta,Women,Fair or poor perceived mental health,Percent,21.6
10741,2023-07,Alberta,Women,Fair or poor perceived mental health,Percent,17.3
10742,2023-07,Alberta,Women,Fair or poor perceived mental health,Percent,26.6
10743,2023-07,Alberta,Women,Fair or poor perceived mental health,Number,414.0
10744,2023-07,Alberta,Women,Fair or poor perceived mental health,Number,324.0
10745,2023-07,Alberta,Women,Fair or poor perceived mental health,Number,504.0
10746,2023-07,British Columbia,"Total, all persons",Excellent or very good perceived mental health,Percent,43.0
10747,2023-07,British Columbia,"Total, all persons",Excellent or very good perceived mental health,Percent,39.7
10748,2023-07,British Columbia,"Total, all persons",Excellent or very good perceived mental health,Percent,46.5
10749,2023-07,British Columbia,"Total, all persons",Excellent or very good perceived mental health,Number,1956.0
10750,2023-07,British Columbia,"Total, all persons",Excellent or very good perceived mental health,Number,1802.0
10751,2023-07,British Columbia,"Total, all persons",Excellent or very good perceived mental health,Number,2109.0
10752,2023-07,British Columbia,"Total, all persons",Good perceived mental health,Percent,34.2
10753,2023-07,British Columbia,"Total, all persons",Good perceived mental health,Percent,30.8
10754,2023-07,British Columbia,"Total, all persons",Good perceived mental health,Percent,37.7
10755,2023-07,British Columbia,"Total, all persons",Good perceived mental health,Number,1553.0
10756,2023-07,British Columbia,"Total, all persons",Good perceived mental health,Number,1396.0
10757,2023-07,British Columbia,"Total, all persons",Good perceived mental health,Number,1711.0
10758,2023-07,British Columbia,"Total, all persons",Fair or poor perceived mental health,Percent,22.8
10759,2023-07,British Columbia,"Total, all persons",Fair or poor perceived mental health,Percent,19.6
10760,2023-07,British Columbia,"Total, all persons",Fair or poor perceived mental health,Percent,26.3
10761,2023-07,British Columbia,"Total, all persons",Fair or poor perceived mental health,Number,1034.0
10762,2023-07,British Columbia,"Total, all persons",Fair or poor perceived mental health,Number,882.0
10763,2023-07,British Columbia,"Total, all persons",Fair or poor perceived mental health,Number,1185.0
10764,2023-07,British Columbia,Men,Excellent or very good perceived mental health,Percent,45.2
10765,2023-07,British Columbia,Men,Excellent or very good perceived mental health,Percent,40.2
10766,2023-07,British Columbia,Men,Excellent or very good perceived mental health,Percent,50.4
10767,2023-07,British Columbia,Men,Excellent or very good perceived mental health,Number,1016.0
10768,2023-07,British Columbia,Men,Excellent or very good perceived mental health,Number,903.0
10769,2023-07,British Columbia,Men,Excellent or very good perceived mental health,Number,1130.0
10770,2023-07,British Columbia,Men,Good perceived mental health,Percent,31.2
10771,2023-07,British Columbia,Men,Good perceived mental health,Percent,26.8
10772,2023-07,British Columbia,Men,Good perceived mental health,Percent,36.0
10773,2023-07,British Columbia,Men,Good perceived mental health,Number,701.0
10774,2023-07,British Columbia,Men,Good perceived mental health,Number,599.0
10775,2023-07,British Columbia,Men,Good perceived mental health,Number,803.0
10776,2023-07,British Columbia,Men,Fair or poor perceived mental health,Percent,23.6
10777,2023-07,British Columbia,Men,Fair or poor perceived mental health,Percent,19.0
10778,2023-07,British Columbia,Men,Fair or poor perceived mental health,Percent,28.8
10779,2023-07,British Columbia,Men,Fair or poor perceived mental health,Number,530.0
10780,2023-07,British Columbia,Men,Fair or poor perceived mental health,Number,415.0
10781,2023-07,British Columbia,Men,Fair or poor perceived mental health,Number,645.0
10782,2023-07,British Columbia,Women,Excellent or very good perceived mental health,Percent,40.9
10783,2023-07,British Columbia,Women,Excellent or very good perceived mental health,Percent,36.4
10784,2023-07,British Columbia,Women,Excellent or very good perceived mental health,Percent,45.6
10785,2023-07,British Columbia,Women,Excellent or very good perceived mental health,Number,939.0
10786,2023-07,British Columbia,Women,Excellent or very good perceived mental health,Number,833.0
10787,2023-07,British Columbia,Women,Excellent or very good perceived mental health,Number,1045.0
10788,2023-07,British Columbia,Women,Good perceived mental health,Percent,37.1
10789,2023-07,British Columbia,Women,Good perceived mental health,Percent,32.1
10790,2023-07,British Columbia,Women,Good perceived mental health,Percent,42.5
10791,2023-07,British Columbia,Women,Good perceived mental health,Number,852.0
10792,2023-07,British Columbia,Women,Good perceived mental health,Number,730.0
10793,2023-07,British Columbia,Women,Good perceived mental health,Number,975.0
10794,2023-07,British Columbia,Women,Fair or poor perceived mental health,Percent,21.9
10795,2023-07,British Columbia,Women,Fair or poor perceived mental health,Percent,17.8
10796,2023-07,British Columbia,Women,Fair or poor perceived mental health,Percent,26.8
10797,2023-07,British Columbia,Women,Fair or poor perceived mental health,Number,504.0
10798,2023-07,British Columbia,Women,Fair or poor perceived mental health,Number,398.0
10799,2023-07,British Columbia,Women,Fair or poor perceived mental health,Number,609.0
